goodsSn,상품명,정가,판매가,대분류,중분류,썸네일URL,상품URL
P200165385,"마가리트 3시트 w3310 패브릭 소파(4인용)",5280000,52800000,"마이스터 컬렉션","","https://static.hyundailivart.co.kr/upload_mall/goods/P200165385/GM43266527_img.jpg?RS=0X610",https://living.hyundailivart.co.kr/p/P200165385
P200165386,"아르베(ARBRE) w2140 패브릭 소파(3인용)",3290000,32900000,"마이스터 컬렉션","","https://static.hyundailivart.co.kr/upload_mall/goods/P200165386/GM43241713_img.jpg?RS=0X610",https://living.hyundailivart.co.kr/p/P200165386
P200165387,"아르베(ARBRE) 1시트 w1170 패브릭 소파(1인용)",1980000,19800000,"마이스터 컬렉션","","https://static.hyundailivart.co.kr/upload_mall/goods/P200165387/GM43249908_img.jpg?RS=0X610",https://living.hyundailivart.co.kr/p/P200165387
P200165392,"베이(Bae) w2110 패브릭 소파(3인용)",1740000,17400000,"마이스터 컬렉션","","https://static.hyundailivart.co.kr/upload_mall/goods/P200165392/GM43255295_img.jpg?RS=0X610",https://living.hyundailivart.co.kr/p/P200165392
P200165393,"베이(Bae) 1시트 w1020 패브릭 소파(1인용)",924000,9240000,"마이스터 컬렉션","","https://static.hyundailivart.co.kr/upload_mall/goods/P200165393/GM43256779_img.jpg?RS=0X610",https://living.hyundailivart.co.kr/p/P200165393
P200189253,"버밀리온 1시트 w980 패브릭 소파(1인용)",1890000,18900000,"마이스터 컬렉션","","https://static.hyundailivart.co.kr/upload_mall/goods/P200189253/GM43674168_img.jpg?RS=0X610",https://living.hyundailivart.co.kr/p/P200189253
P200189309,"프레지던스 w3200 가죽 소파(4인용)",10660000,106600000,"마이스터 컬렉션","","https://static.hyundailivart.co.kr/upload_mall/goods/P200189309/GM43678006_img.jpg?RS=0X610",https://living.hyundailivart.co.kr/p/P200189309
P200191349,"미키마우스 1시트 w890 패브릭 소파(1인용)",1670000,16700000,"마이스터 컬렉션","","https://static.hyundailivart.co.kr/upload_mall/goods/P200191349/GM43720616_img.jpg?RS=0X610",https://living.hyundailivart.co.kr/p/P200191349
P200194552,"룬드 원목 스툴",315000,3150000,"화장대/거울/스툴","","https://static.hyundailivart.co.kr/upload_mall/goods/P200194552/GM43802619_img.jpg?RS=0X610",https://living.hyundailivart.co.kr/p/P200194552
P200191352,"미키마우스 1인 패브릭 소파 리본 쿠션",71000,710000,"소파","","https://static.hyundailivart.co.kr/upload_mall/goods/P200191352/GM43720635_img.jpg?RS=0X610",https://living.hyundailivart.co.kr/p/P200191352
P200198883,"플리츠 2시트 w3000 세미에닐린 가죽 소파 (4인용)",6300000,63000000,"마이스터 컬렉션","","https://static.hyundailivart.co.kr/upload_mall/goods/P200198883/GM43987294_img.jpg?RS=0X610",https://living.hyundailivart.co.kr/p/P200198883
P200198484,"세렌 2시트 w3100 패브릭 소파 일반형(4인용)",3090000,30900000,"마이스터 컬렉션","","https://static.hyundailivart.co.kr/upload_mall/goods/P200198484/GM43950868_img.jpg?RS=0X610",https://living.hyundailivart.co.kr/p/P200198484
P200198241,"세렌 2시트 w3520 패브릭 소파 카우치형(4인용)",3480000,34800000,"마이스터 컬렉션","","https://static.hyundailivart.co.kr/upload_mall/goods/P200198241/GM43942574_img.jpg?RS=0X610",https://living.hyundailivart.co.kr/p/P200198241
P200189315,"프레지던스 1시트 w1065 패브릭 소파 Ⅰ 등받이 일체형(1인용)",1340000,13400000,"소파","","https://static.hyundailivart.co.kr/upload_mall/goods/P200189315/GM43678036_img.jpg?RS=0X610",https://living.hyundailivart.co.kr/p/P200189315
P200187605,"[클리어런스] 그래비티 3시트 w2805 가죽 소파(4인용)",1741000,1262500478500,"소파","","https://static.hyundailivart.co.kr/upload_mall/goods/P200187605/GM43615079_img.jpg?RS=0X610",https://living.hyundailivart.co.kr/p/P200187605
P200187602,"[클리어런스] 코트니 2시트 w2120 가죽 소파(3인용)",1271000,897700373300,"소파","","https://static.hyundailivart.co.kr/upload_mall/goods/P200187602/GM43616190_img.jpg?RS=0X610",https://living.hyundailivart.co.kr/p/P200187602
P200187908,"[클리어런스] 네오 뉴탐 1시트 w760 패브릭 소파(1인용)",365000,29160073400,"소파","","https://static.hyundailivart.co.kr/upload_mall/goods/P200187908/GM43638580_img.jpg?RS=0X610",https://living.hyundailivart.co.kr/p/P200187908
P200195308,"카모아 3시트 w2950 패브릭 슬라이딩 리클라이너 소파(4인용)",2890000,2745000145000,"소파","","https://static.hyundailivart.co.kr/upload_mall/goods/P200195308/GM43830148_img.jpg?RS=0X610",https://living.hyundailivart.co.kr/p/P200195308
P200092739,"[클리어런스] 로데 2시트 w1970 패브릭 소파(3인용)",585000,448400136600,"소파","","https://static.hyundailivart.co.kr/upload_mall/goods/P200092739/GM41924557_img.jpg?RS=0X610",https://living.hyundailivart.co.kr/p/P200092739
P200184737,"[클리어런스] 마카다미아 3시트 w3380 패브릭 소파 카우치형(4인용)",1668000,1167500500500,"소파","","https://static.hyundailivart.co.kr/upload_mall/goods/P200184737/GM43544343_img.jpg?RS=0X610",https://living.hyundailivart.co.kr/p/P200184737
P200183507,"[클리어런스] 스모어 3시트 w2800 패브릭 소파(4인용)",1134000,845500288500,"소파","","https://static.hyundailivart.co.kr/upload_mall/goods/P200183507/GM43531685_img.jpg?RS=0X610",https://living.hyundailivart.co.kr/p/P200183507
P200134639,"[클리어런스] 오브니 3시트 w2950 패브릭 소파 와이드형(4인용)",1678000,1450600227400,"소파","","https://static.hyundailivart.co.kr/upload_mall/goods/P200134639/GM43588581_img.jpg?RS=0X610",https://living.hyundailivart.co.kr/p/P200134639
P100034403,"브루트 3시트 w2600 가죽 소파(4인용)",1698000,1545000153000,"소파","","https://static.hyundailivart.co.kr/upload_mall/goods/P100034403/GM41153853_img.jpg?RS=0X610",https://living.hyundailivart.co.kr/p/P100034403
P200202912,"카모아 3시트 w2950 가죽 슬라이딩 리클라이너 소파(4인용)",3990000,3790000200000,"소파","","https://static.hyundailivart.co.kr/upload_mall/goods/P200202912/GM44077373_img.jpg?RS=0X610",https://living.hyundailivart.co.kr/p/P200202912
P200184736,"[클리어런스] 마카다미아 2시트 w2480 패브릭 소파 카우치형(3인용)",1217000,850200366800,"소파","","https://static.hyundailivart.co.kr/upload_mall/goods/P200184736/GM43544333_img.jpg?RS=0X610",https://living.hyundailivart.co.kr/p/P200184736
P200196357,"그란디오소 프리모 3시트 w2795 가죽소파(4인용)",3090000,30900000,"소파","","https://static.hyundailivart.co.kr/upload_mall/goods/P200196357/GM43863587_img.jpg?RS=0X610",https://living.hyundailivart.co.kr/p/P200196357
P200187608,"[클리어런스] 그래비티 2시트 w2080 가죽 소파(3인용)",1340000,970900369100,"소파","","https://static.hyundailivart.co.kr/upload_mall/goods/P200187608/GM43635180_img.jpg?RS=0X610",https://living.hyundailivart.co.kr/p/P200187608
P200089504,"리르 3시트 w3000 가죽 소파 일반형(4인용)",2458000,2237000221000,"소파","","https://static.hyundailivart.co.kr/upload_mall/goods/P200089504/GM41839529_img.jpg?RS=0X610",https://living.hyundailivart.co.kr/p/P200089504
P200183505,"[클리어런스] 스모어 2시트 w2120 패브릭 소파(3인용)",834000,621300212700,"소파","","https://static.hyundailivart.co.kr/upload_mall/goods/P200183505/GM43531543_img.jpg?RS=0X610",https://living.hyundailivart.co.kr/p/P200183505
P200089505,"리르 3시트 w2600 가죽 소파 컴팩트형(4인용)",2117000,1926000191000,"소파","","https://static.hyundailivart.co.kr/upload_mall/goods/P200089505/GM41839755_img.jpg?RS=0X610",https://living.hyundailivart.co.kr/p/P200089505
P200061933,"로이머 3시트 w2400 패브릭 리클라이너 소파 양면형(3.5인용)",2798000,27980000,"소파","","https://static.hyundailivart.co.kr/upload_mall/goods/P200061933/GM41184104_img.jpg?RS=0X610",https://living.hyundailivart.co.kr/p/P200061933
P200198067,"카모아 2시트 w2560 패브릭 슬라이딩 리클라이너 소파(3.5인용)",2450000,2327000123000,"소파","","https://static.hyundailivart.co.kr/upload_mall/goods/P200198067/GM43939309_img.jpg?RS=0X610",https://living.hyundailivart.co.kr/p/P200198067
P200187860,"더 마제스 3시트 w3280 가죽 리클라이너 소파 홈바형(4인용)",4920000,4428000492000,"소파","","https://static.hyundailivart.co.kr/upload_mall/goods/P200187860/GM43933501_img.jpg?RS=0X610",https://living.hyundailivart.co.kr/p/P200187860
P200168513,"[클리어런스] 몰리세 3시트 w2700 패브릭 리클라이너 소파(4인용)",2266000,2006400259600,"소파","","https://static.hyundailivart.co.kr/upload_mall/goods/P100034262/GM40376508_img.jpg?RS=0X610",https://living.hyundailivart.co.kr/p/P200168513
P200196337,"미유모어 3시트 w2500 가죽 리클라이너 소파 일면형 시트렌치 소프트 샌드(3.5인용)",2250000,22500000,"소파","","https://static.hyundailivart.co.kr/upload_mall/goods/P200196337/GM43878146_img.jpg?RS=0X610",https://living.hyundailivart.co.kr/p/P200196337
P200180915,"[클리어런스] 캐슈넛 2시트 w2800 패브릭 리클라이너 소파 일면형(4인용)",1810000,1300500509500,"소파","","https://static.hyundailivart.co.kr/upload_mall/goods/P200180915/GM43624723_img.jpg?RS=0X610",https://living.hyundailivart.co.kr/p/P200180915
P200183506,"[클리어런스] 스모어 2시트 w2520 패브릭 소파(3.5인용)",994000,741000253000,"소파","","https://static.hyundailivart.co.kr/upload_mall/goods/P200183506/GM43531601_img.jpg?RS=0X610",https://living.hyundailivart.co.kr/p/P200183506
P200187863,"더 마제스 3시트 w2930 가죽 리클라이너 소파(4인용)",4278000,3850000428000,"소파","","https://static.hyundailivart.co.kr/upload_mall/goods/P200187863/GM43637392_img.jpg?RS=0X610",https://living.hyundailivart.co.kr/p/P200187863
P200198701,"NEW온드 2시트 w2400 패브릭 소파(3인용)",1210000,12100000,"소파","","https://static.hyundailivart.co.kr/upload_mall/goods/P200198701/GM43963766_img.jpg?RS=0X610",https://living.hyundailivart.co.kr/p/P200198701
P200196333,"미유모어 3시트 w2500 가죽 소파 시트렌치 소프트 샌드(3.5인용)",1950000,19500000,"소파","","https://static.hyundailivart.co.kr/upload_mall/goods/P200196333/GM43877995_img.jpg?RS=0X610",https://living.hyundailivart.co.kr/p/P200196333
P200061876,"[클리어런스] 몰리세 2시트 w1900 가죽 리클라이너 소파(3인용)",2025000,1750800274200,"소파","","https://static.hyundailivart.co.kr/upload_mall/goods/P200061876/GM41196941_img.jpg?RS=0X610",https://living.hyundailivart.co.kr/p/P200061876
P200187890,"[클리어런스] 네오 뉴탐 3시트 w1950 패브릭 소파(3인용)",828000,662100165900,"소파","","https://static.hyundailivart.co.kr/upload_mall/goods/P200187890/GM43668318_img.jpg?RS=0X610",https://living.hyundailivart.co.kr/p/P200187890
P200116392,"띠에르노 3시트 w2890 가죽 소파(4인용)",3936000,3542000394000,"소파","","https://static.hyundailivart.co.kr/upload_mall/goods/P200116392/GM42343325_img.jpg?RS=0X610",https://living.hyundailivart.co.kr/p/P200116392
P200181188,"[클리어런스] 아일레 w2110 패브릭 소파(3인용)",1090000,10900000,"소파","","https://static.hyundailivart.co.kr/upload_mall/goods/P200181188/GM43486475_img.jpg?RS=0X610",https://living.hyundailivart.co.kr/p/P200181188
P200134640,"[클리어런스] 오브니 2시트 w2100 패브릭 소파(3인용)",1242000,1073500168500,"소파","","https://static.hyundailivart.co.kr/upload_mall/goods/P200134640/GM43588546_img.jpg?RS=0X610",https://living.hyundailivart.co.kr/p/P200134640
P200134634,"[클리어런스] 오브니 3시트 w2950 패브릭 소파 와이드형 부클레(4인용)",1840000,1590300249700,"소파","","https://static.hyundailivart.co.kr/upload_mall/goods/P200134634/GM43588591_img.jpg?RS=0X610",https://living.hyundailivart.co.kr/p/P200134634
P200194615,"[클리어런스] 네오 뉴탐 패브릭 소파 커버",56000,484007600,"소파","","https://static.hyundailivart.co.kr/upload_mall/goods/P200194615/GM43816499_img.jpg?RS=0X610",https://living.hyundailivart.co.kr/p/P200194615
P200168509,"[클리어런스] 몰리세 3시트 w2700 패브릭 소파 헤드틸팅형(4인용)",1639000,1416400222600,"소파","","https://static.hyundailivart.co.kr/upload_mall/goods/P200037639/GM40609958_img.jpg?RS=0X610",https://living.hyundailivart.co.kr/p/P200168509
P200195913,"라에르 3시트 w2950 가죽 소파(4인용)",2790000,27900000,"소파","","https://static.hyundailivart.co.kr/upload_mall/goods/P200195913/GM43860042_img.jpg?RS=0X610",https://living.hyundailivart.co.kr/p/P200195913
P200186800,"더 마제스 3시트 w2980 가죽 소파 와이드형(4인용)",3168000,2851000317000,"소파","","https://static.hyundailivart.co.kr/upload_mall/goods/P200186800/GM43934475_img.jpg?RS=0X610",https://living.hyundailivart.co.kr/p/P200186800
P200186803,"더 마제스 3시트 w2800 가죽 소파(4인용)",2995000,2695000300000,"소파","","https://static.hyundailivart.co.kr/upload_mall/goods/P200186803/GM43610080_img.jpg?RS=0X610",https://living.hyundailivart.co.kr/p/P200186803
P100034400,"브루트 2시트 w1900 가죽 소파(3인용)",1415000,1288000127000,"소파","","https://static.hyundailivart.co.kr/upload_mall/goods/P100034400/GM41153615_img.jpg?RS=0X610",https://living.hyundailivart.co.kr/p/P100034400
P200089503,"리르 3시트 w3000 가죽 소파 스윙백(4인용)",2937000,2673000264000,"소파","","https://static.hyundailivart.co.kr/upload_mall/goods/P200089503/GM41836504_img.jpg?RS=0X610",https://living.hyundailivart.co.kr/p/P200089503
P200196335,"미유모어 3시트 w2500 가죽 리클라이너 소파 양면형 시트렌치 소프트 샌드(3.5인용)",2570000,25700000,"소파","","https://static.hyundailivart.co.kr/upload_mall/goods/P200196335/GM43878112_img.jpg?RS=0X610",https://living.hyundailivart.co.kr/p/P200196335
P200186806,"더 마제스 3시트 w2600 가죽 소파(3.5인용)",2862000,2576000286000,"소파","","https://static.hyundailivart.co.kr/upload_mall/goods/P200186806/GM43940007_img.png?RS=0X610",https://living.hyundailivart.co.kr/p/P200186806
P200195909,"라에르 2시트 w2600 가죽 소파(3.5인용)",2490000,24900000,"소파","","https://static.hyundailivart.co.kr/upload_mall/goods/P200195909/GM43860047_img.jpg?RS=0X610",https://living.hyundailivart.co.kr/p/P200195909
P200167914,"더유닛 2시트 w2240 패브릭 리클라이너 소파 양면형(3인용)",2658000,2392000266000,"소파","","https://static.hyundailivart.co.kr/upload_mall/goods/P200167914/GM43552508_img.jpg?RS=0X610",https://living.hyundailivart.co.kr/p/P200167914
P200167915,"더유닛 3시트 w3060 패브릭 소파 일반형(4인용)",2542000,2288000254000,"소파","","https://static.hyundailivart.co.kr/upload_mall/goods/P200167915/GM43552482_img.jpg?RS=0X610",https://living.hyundailivart.co.kr/p/P200167915
P200099514,"노이 3시트 w2800 가죽 소파 일반형(4인용)",2198000,21980000,"소파","","https://static.hyundailivart.co.kr/upload_mall/goods/P200099514/GM41991512_img.jpg?RS=0X610",https://living.hyundailivart.co.kr/p/P200099514
P200099512,"노이 2시트 w2385 가죽 소파 일반형(3.5인용)",2036000,20360000,"소파","","https://static.hyundailivart.co.kr/upload_mall/goods/P200099512/GM41995640_img.jpg?RS=0X610",https://living.hyundailivart.co.kr/p/P200099512
P200061878,"[클리어런스] 몰리세 3시트 w2620 가죽 리클라이너 소파(4인용)",2454000,2121300332700,"소파","","https://static.hyundailivart.co.kr/upload_mall/goods/P200061878/GM41197007_img.jpg?RS=0X610",https://living.hyundailivart.co.kr/p/P200061878
P200187878,"[클리어런스] 클로버 2시트 w2680 패브릭 소파(4인용)",905000,669000236000,"소파","","https://static.hyundailivart.co.kr/upload_mall/goods/P200187878/GM43740015_img.jpg?RS=0X610",https://living.hyundailivart.co.kr/p/P200187878
P200196338,"미유모어 3시트 w2800 가죽 리클라이너 소파 일면형 시트렌치 소프트 샌드(4인용)",2510000,25100000,"소파","","https://static.hyundailivart.co.kr/upload_mall/goods/P200196338/GM43878167_img.jpg?RS=0X610",https://living.hyundailivart.co.kr/p/P200196338
P200196334,"미유모어 3시트 w2800 가죽 소파 시트렌치 소프트 샌드(4인용)",2150000,21500000,"소파","","https://static.hyundailivart.co.kr/upload_mall/goods/P200196334/GM43878091_img.jpg?RS=0X610",https://living.hyundailivart.co.kr/p/P200196334
P200197259,"모엘르 1시트 w1055 가죽 리클라이너 소파(1인용)",1690000,16900000,"소파","","https://static.hyundailivart.co.kr/upload_mall/goods/P200197259/GM43932406_img.jpg?RS=0X610",https://living.hyundailivart.co.kr/p/P200197259
P200198703,"NEW온드 3시트 w3200 패브릭 소파 와이드형(4인용)",1640000,16400000,"소파","","https://static.hyundailivart.co.kr/upload_mall/goods/P200198703/GM44006829_img.jpg?RS=0X610",https://living.hyundailivart.co.kr/p/P200198703
P200168514,"[클리어런스] 몰리세 2시트 w1930 패브릭 리클라이너 소파(3인용)",1907000,1687200219800,"소파","","https://static.hyundailivart.co.kr/upload_mall/goods/P100034259/GM40376441_img.jpg?RS=0X610",https://living.hyundailivart.co.kr/p/P200168514
P200202248,"NEW온드 2시트 w2400 패브릭 소파 오토만 포함(3인용)",1514000,15140000,"소파","","https://static.hyundailivart.co.kr/upload_mall/goods/P200202248/GM44054959_img.jpg?RS=0X610",https://living.hyundailivart.co.kr/p/P200202248
P200189307,"[클리어런스] 브리오 3시트 w3585 패브릭 소파 스윙백(4인용)",2107000,1585000522000,"소파","","https://static.hyundailivart.co.kr/upload_mall/goods/P200189307/GM43684568_img.jpg?RS=0X610",https://living.hyundailivart.co.kr/p/P200189307
P200198702,"NEW온드 3시트 w2800 패브릭 소파 오픈형(4인용)",1400000,14000000,"소파","","https://static.hyundailivart.co.kr/upload_mall/goods/P200198702/GM43963796_img.jpg?RS=0X610",https://living.hyundailivart.co.kr/p/P200198702
P200187917,"[클리어런스] 네오 뉴탐 1인 패브릭 흔들의자",437000,34390093100,"소파","","https://static.hyundailivart.co.kr/upload_mall/goods/P200187917/GM43654172_img.jpg?RS=0X610",https://living.hyundailivart.co.kr/p/P200187917
P200196963,"[클리어런스] 프랄리네 1시트 w1310 패브릭 소파(2인용)",584000,472000112000,"소파","","https://static.hyundailivart.co.kr/upload_mall/goods/P200196963/GM43910669_img.jpg?RS=0X610",https://living.hyundailivart.co.kr/p/P200196963
P200191169,"[클리어런스] 스모어 2시트 w1800 패브릭 소파 컴팩트형(3인용)",797000,614600182400,"소파","","https://static.hyundailivart.co.kr/upload_mall/goods/P200191169/GM43710483_img.jpg?RS=0X610",https://living.hyundailivart.co.kr/p/P200191169
P200106880,"모인 포근소파(선택구성)",539000,216000323000,"소파","","https://static.hyundailivart.co.kr/upload_mall/goods/P200106880/GM42291873_img.jpg?RS=0X610",https://living.hyundailivart.co.kr/p/P200106880
P200198700,"NEW온드 1시트 w800 패브릭 소파(1인용)",435000,4350000,"소파","","https://static.hyundailivart.co.kr/upload_mall/goods/P200198700/GM43963729_img.jpg?RS=0X610",https://living.hyundailivart.co.kr/p/P200198700
P200196736,"[클리어런스] 캐러멜 2시트 w2400 패브릭 소파(3인용)",1030000,97900051000,"소파","","https://static.hyundailivart.co.kr/upload_mall/goods/P200196736/GM43883205_img.jpg?RS=0X610",https://living.hyundailivart.co.kr/p/P200196736
P200145552,"[클리어런스] 오브니 1시트 w850 패브릭 소파 부클레(1인용)",487000,42080066200,"소파","","https://static.hyundailivart.co.kr/upload_mall/goods/P200145552/GM43588518_img.jpg?RS=0X610",https://living.hyundailivart.co.kr/p/P200145552
P200089506,"리르 w1100 가죽 소파 오토만 일반형",436000,39700039000,"소파","","https://static.hyundailivart.co.kr/upload_mall/goods/P200089506/GM41849488_img.jpg?RS=0X610",https://living.hyundailivart.co.kr/p/P200089506
P200134641,"[클리어런스] 오브니 1시트 w850 패브릭 소파(1인용)",438000,37900059000,"소파","","https://static.hyundailivart.co.kr/upload_mall/goods/P200134641/GM42674923_img.jpg?RS=0X610",https://living.hyundailivart.co.kr/p/P200134641
P200196961,"[클리어런스] 프랄리네 3시트 w2600 패브릭 소파(3.5인용)",1004000,811000193000,"소파","","https://static.hyundailivart.co.kr/upload_mall/goods/P200196961/GM43910229_img.jpg?RS=0X610",https://living.hyundailivart.co.kr/p/P200196961
P200145725,"로지 1시트 w1050 패브릭 소파(1인용)",699000,6990000,"소파","","https://static.hyundailivart.co.kr/upload_mall/goods/P200145725/GM42874761_img.jpg?RS=0X610",https://living.hyundailivart.co.kr/p/P200145725
P200181190,"[클리어런스] 아일레 w780 패브릭 소파 오토만",325000,3250000,"소파","","https://static.hyundailivart.co.kr/upload_mall/goods/P200181190/GM43486527_img.jpg?RS=0X610",https://living.hyundailivart.co.kr/p/P200181190
P100011643,"[클리어런스] 듀엣모노 컴팩트 2시트 w1710 패브릭 소파(3인용)",698000,588000110000,"소파","","https://static.hyundailivart.co.kr/upload_mall/goods/P100011643/GM41693243_img.jpg?RS=0X610",https://living.hyundailivart.co.kr/p/P100011643
P200196964,"[클리어런스] 프랄리네 1시트 w900 패브릭 소파 코너형(1인용)",354000,28600068000,"소파","","https://static.hyundailivart.co.kr/upload_mall/goods/P200196964/GM43910694_img.jpg?RS=0X610",https://living.hyundailivart.co.kr/p/P200196964
P200181189,"[클리어런스] 아일레 1시트 w845 패브릭 소파(1인용)",544000,5440000,"소파","","https://static.hyundailivart.co.kr/upload_mall/goods/P200181189/GM43486488_img.jpg?RS=0X610",https://living.hyundailivart.co.kr/p/P200181189
P200124427,"[클리어런스] 프리즘 1시트 w1030 패브릭 소파(1인용)",524000,287000237000,"소파","","https://static.hyundailivart.co.kr/upload_mall/goods/P200124427/GM42532815_img.jpg?RS=0X610",https://living.hyundailivart.co.kr/p/P200124427
P200187926,"[클리어런스] 네오 뉴탐 w600 패브릭 소파 오토만",153000,13110021900,"소파","","https://static.hyundailivart.co.kr/upload_mall/goods/P200187926/GM43638592_img.jpg?RS=0X610",https://living.hyundailivart.co.kr/p/P200187926
P200187881,"[클리어런스] 클로버 2시트 w2000 패브릭 소파(3인용)",676000,499000177000,"소파","","https://static.hyundailivart.co.kr/upload_mall/goods/P200187881/GM43620233_img.jpg?RS=0X610",https://living.hyundailivart.co.kr/p/P200187881
P200186812,"더 마제스 w1085 가죽 소파 오토만",561000,50500056000,"소파","","https://static.hyundailivart.co.kr/upload_mall/goods/P200186812/GM43639988_img.jpg?RS=0X610",https://living.hyundailivart.co.kr/p/P200186812
P200187899,"[클리어런스] 네오 뉴탐 2시트 w1350 패브릭 소파(2인용)",610000,486400123600,"소파","","https://static.hyundailivart.co.kr/upload_mall/goods/P200187899/GM43638559_img.jpg?RS=0X610",https://living.hyundailivart.co.kr/p/P200187899
P200197362,"[클리어런스] 파피에 1시트 w735 패브릭 소파 스툴 포함(1인용)",385000,3850000,"소파","","https://static.hyundailivart.co.kr/upload_mall/goods/P200197362/GM43928312_img.jpg?RS=0X610",https://living.hyundailivart.co.kr/p/P200197362
P200089507,"리르 w960 가죽 소파 오토만 컴팩트형",404000,36800036000,"소파","","https://static.hyundailivart.co.kr/upload_mall/goods/P200089507/GM41849625_img.jpg?RS=0X610",https://living.hyundailivart.co.kr/p/P200089507
P200178498,"[클리어런스] 그래블 1시트 w750 패브릭 소파(1인용)",417000,266000151000,"소파","","https://static.hyundailivart.co.kr/upload_mall/goods/P200178498/GM43514078_img.jpg?RS=0X610",https://living.hyundailivart.co.kr/p/P200178498
P200196965,"[클리어런스] 프랄리네 1시트 w800 패브릭 소파 암리스형(1인용)",296000,23900057000,"소파","","https://static.hyundailivart.co.kr/upload_mall/goods/P200196965/GM43910721_img.jpg?RS=0X610",https://living.hyundailivart.co.kr/p/P200196965
P200196966,"[클리어런스] 프랄리네 w650 패브릭 소파 오토만 ",257000,20900048000,"소파","","https://static.hyundailivart.co.kr/upload_mall/goods/P200196966/GM43910740_img.jpg?RS=0X610",https://living.hyundailivart.co.kr/p/P200196966
P200145554,"[클리어런스] 오브니 소파 쿠션 원형 부클레",44000,380006000,"소파","","https://static.hyundailivart.co.kr/upload_mall/goods/P200145554/GM43588625_img.jpg?RS=0X610",https://living.hyundailivart.co.kr/p/P200145554
P200196367,"그란디오소 프리모 가죽 소파 쿠션",77000,770000,"소파","","https://static.hyundailivart.co.kr/upload_mall/goods/P200196367/GM43863894_img.jpg?RS=0X610",https://living.hyundailivart.co.kr/p/P200196367
P200198705,"NEW온드 패브릭 소파 쿠션",33000,330000,"소파","","https://static.hyundailivart.co.kr/upload_mall/goods/P200198705/GM43963878_img.jpg?RS=0X610",https://living.hyundailivart.co.kr/p/P200198705
P200181191,"[클리어런스] 아일레 패브릭 소파 이동형 쿠션",64000,640000,"소파","","https://static.hyundailivart.co.kr/upload_mall/goods/P200181191/GM43486548_img.jpg?RS=0X610",https://living.hyundailivart.co.kr/p/P200181191
P200194621,"[클리어런스] 네오 뉴탐 패브릭 소파 오토만 커버",26000,218004200,"소파","","https://static.hyundailivart.co.kr/upload_mall/goods/P200194621/GM43816473_img.jpg?RS=0X610",https://living.hyundailivart.co.kr/p/P200194621
P200134638,"[클리어런스] 오브니 소파 쿠션 원형",35000,304004600,"소파","","https://static.hyundailivart.co.kr/upload_mall/goods/P200134638/GM43588492_img.jpg?RS=0X610",https://living.hyundailivart.co.kr/p/P200134638
P200134637,"[클리어런스] 오브니 소파 쿠션 직사각",35000,304004600,"소파","","https://static.hyundailivart.co.kr/upload_mall/goods/P200134637/GM43588391_img.jpg?RS=0X610",https://living.hyundailivart.co.kr/p/P200134637
P200197262,"모엘르 가죽 소파 쿠션",85000,850000,"소파","","https://static.hyundailivart.co.kr/upload_mall/goods/P200197262/GM43911673_img.jpg?RS=0X610",https://living.hyundailivart.co.kr/p/P200197262
P200193965,"듀 패브릭 소파 쿠션 사각형",84000,840000,"소파","","https://static.hyundailivart.co.kr/upload_mall/goods/P200193965/GM43783648_img.jpg?RS=0X610",https://living.hyundailivart.co.kr/p/P200193965
P200193938,"가죽 클리너",18000,180000,"소파","","https://static.hyundailivart.co.kr/upload_mall/goods/P200193938/GM43781552_img.jpg?RS=0X610",https://living.hyundailivart.co.kr/p/P200193938
P200198704,"NEW온드 w800 패브릭 소파 오토만",304000,3040000,"소파","","https://static.hyundailivart.co.kr/upload_mall/goods/P200198704/GM43963865_img.jpg?RS=0X610",https://living.hyundailivart.co.kr/p/P200198704
P200197274,"가닉 3시트 w2390 패브릭 리빙다이닝 소파 코너형 대형",2065000,20650000,"식탁","","https://static.hyundailivart.co.kr/upload_mall/goods/P200197274/GM43909782_img.jpg?RS=0X610",https://living.hyundailivart.co.kr/p/P200197274
P200197271,"가닉 2시트 w2360 패브릭 리빙다이닝 소파 코너형 소형",1309000,13090000,"식탁","","https://static.hyundailivart.co.kr/upload_mall/goods/P200197271/GM43909857_img.jpg?RS=0X610",https://living.hyundailivart.co.kr/p/P200197271
P200197268,"가닉 2시트 w2630 패브릭 리빙다이닝 소파 일자형",1309000,13090000,"식탁","","https://static.hyundailivart.co.kr/upload_mall/goods/P200197268/GM43909879_img.jpg?RS=0X610",https://living.hyundailivart.co.kr/p/P200197268
P200197256,"모엘르 3시트 w2240 가죽 리클라이너 소파(3인용)",3980000,39800000,"소파","","https://static.hyundailivart.co.kr/upload_mall/goods/P200197256/GM43907650_img.png?RS=0X610",https://living.hyundailivart.co.kr/p/P200197256
P200196962,"[클리어런스] 프랄리네 2시트 w2210 패브릭 소파(3인용)",938000,758000180000,"소파","","https://static.hyundailivart.co.kr/upload_mall/goods/P200196962/GM43910647_img.jpg?RS=0X610",https://living.hyundailivart.co.kr/p/P200196962
P200196925,"",,,"소파","","",https://living.hyundailivart.co.kr/p/P200196925
P200196924,"",,,"소파","","",https://living.hyundailivart.co.kr/p/P200196924
P200196735,"",,,"소파","","",https://living.hyundailivart.co.kr/p/P200196735
P200196362,"",,,"소파","","",https://living.hyundailivart.co.kr/p/P200196362
P200196339,"",,,"소파","","",https://living.hyundailivart.co.kr/p/P200196339
P200196336,"",,,"소파","","",https://living.hyundailivart.co.kr/p/P200196336
P200195815,"",,,"소파","","",https://living.hyundailivart.co.kr/p/P200195815
P200195812,"",,,"소파","","",https://living.hyundailivart.co.kr/p/P200195812
P200195809,"",,,"소파","","",https://living.hyundailivart.co.kr/p/P200195809
P200195808,"",,,"소파","","",https://living.hyundailivart.co.kr/p/P200195808
P200195805,"",,,"소파","","",https://living.hyundailivart.co.kr/p/P200195805
P200195804,"",,,"소파","","",https://living.hyundailivart.co.kr/p/P200195804
P200193967,"",,,"소파","","",https://living.hyundailivart.co.kr/p/P200193967
P200193964,"",,,"소파","","",https://living.hyundailivart.co.kr/p/P200193964
P200193962,"",,,"소파","","",https://living.hyundailivart.co.kr/p/P200193962
P200189305,"",,,"소파","","",https://living.hyundailivart.co.kr/p/P200189305
P200188977,"",,,"소파","","",https://living.hyundailivart.co.kr/p/P200188977
P200188976,"",,,"소파","","",https://living.hyundailivart.co.kr/p/P200188976
P200187866,"",,,"소파","","",https://living.hyundailivart.co.kr/p/P200187866
P200187740,"",,,"거실장/거실테이블","","",https://living.hyundailivart.co.kr/p/P200187740
P200187738,"",,,"소파","","",https://living.hyundailivart.co.kr/p/P200187738
P200187735,"",,,"소파","","",https://living.hyundailivart.co.kr/p/P200187735
P200187731,"",,,"소파","","",https://living.hyundailivart.co.kr/p/P200187731
P200187730,"",,,"소파","","",https://living.hyundailivart.co.kr/p/P200187730
P200187729,"",,,"소파","","",https://living.hyundailivart.co.kr/p/P200187729
P200187726,"",,,"소파","","",https://living.hyundailivart.co.kr/p/P200187726
P200187725,"",,,"소파","","",https://living.hyundailivart.co.kr/p/P200187725
P200187722,"",,,"소파","","",https://living.hyundailivart.co.kr/p/P200187722
P200187719,"",,,"소파","","",https://living.hyundailivart.co.kr/p/P200187719
P200187716,"",,,"소파","","",https://living.hyundailivart.co.kr/p/P200187716
P200186984,"",,,"소파","","",https://living.hyundailivart.co.kr/p/P200186984
P200186975,"",,,"소파","","",https://living.hyundailivart.co.kr/p/P200186975
P200186968,"",,,"소파","","",https://living.hyundailivart.co.kr/p/P200186968
P200186965,"",,,"소파","","",https://living.hyundailivart.co.kr/p/P200186965
P200186929,"",,,"소파","","",https://living.hyundailivart.co.kr/p/P200186929
P200186797,"",,,"소파","","",https://living.hyundailivart.co.kr/p/P200186797
P200186793,"",,,"소파","","",https://living.hyundailivart.co.kr/p/P200186793
P200178500,"",,,"소파","","",https://living.hyundailivart.co.kr/p/P200178500
P200178499,"",,,"소파","","",https://living.hyundailivart.co.kr/p/P200178499
P200168508,"",,,"소파","","",https://living.hyundailivart.co.kr/p/P200168508
P200167920,"",,,"소파","","",https://living.hyundailivart.co.kr/p/P200167920
P200167919,"",,,"소파","","",https://living.hyundailivart.co.kr/p/P200167919
P200167917,"",,,"소파","","",https://living.hyundailivart.co.kr/p/P200167917
P200167916,"",,,"소파","","",https://living.hyundailivart.co.kr/p/P200167916
P200167912,"",,,"소파","","",https://living.hyundailivart.co.kr/p/P200167912
P200167911,"",,,"소파","","",https://living.hyundailivart.co.kr/p/P200167911
P200167910,"",,,"소파","","",https://living.hyundailivart.co.kr/p/P200167910
P200167909,"",,,"소파","","",https://living.hyundailivart.co.kr/p/P200167909
P200167908,"",,,"소파","","",https://living.hyundailivart.co.kr/p/P200167908
P200167907,"",,,"소파","","",https://living.hyundailivart.co.kr/p/P200167907
P200161409,"",,,"소파","","",https://living.hyundailivart.co.kr/p/P200161409
P200161389,"",,,"소파","","",https://living.hyundailivart.co.kr/p/P200161389
P200158749,"",,,"소파","","",https://living.hyundailivart.co.kr/p/P200158749
P200145726,"",,,"소파","","",https://living.hyundailivart.co.kr/p/P200145726
P200134636,"",,,"소파","","",https://living.hyundailivart.co.kr/p/P200134636
P200132676,"",,,"소파","","",https://living.hyundailivart.co.kr/p/P200132676
P200129045,"",,,"소파","","",https://living.hyundailivart.co.kr/p/P200129045
P200124493,"",,,"소파","","",https://living.hyundailivart.co.kr/p/P200124493
P200106979,"",,,"소파","","",https://living.hyundailivart.co.kr/p/P200106979
P200106978,"",,,"소파","","",https://living.hyundailivart.co.kr/p/P200106978
P200066422,"",,,"소파","","",https://living.hyundailivart.co.kr/p/P200066422
P200066145,"",,,"소파","","",https://living.hyundailivart.co.kr/p/P200066145
P200066144,"",,,"소파","","",https://living.hyundailivart.co.kr/p/P200066144
P200066141,"",,,"소파","","",https://living.hyundailivart.co.kr/p/P200066141
P200066140,"",,,"소파","","",https://living.hyundailivart.co.kr/p/P200066140
P200061940,"",,,"소파","","",https://living.hyundailivart.co.kr/p/P200061940
P200030334,"",,,"소파","","",https://living.hyundailivart.co.kr/p/P200030334
P200018969,"",,,"소파","","",https://living.hyundailivart.co.kr/p/P200018969
P200018389,"",,,"소파","","",https://living.hyundailivart.co.kr/p/P200018389
P200018387,"",,,"소파","","",https://living.hyundailivart.co.kr/p/P200018387
P100034411,"",,,"소파","","",https://living.hyundailivart.co.kr/p/P100034411
P100024396,"",,,"소파","","",https://living.hyundailivart.co.kr/p/P100024396
P200170919,"",,,"마이스터 컬렉션","","",https://living.hyundailivart.co.kr/p/P200170919
P200170924,"",,,"마이스터 컬렉션","","",https://living.hyundailivart.co.kr/p/P200170924
P200170925,"",,,"마이스터 컬렉션","","",https://living.hyundailivart.co.kr/p/P200170925
P200170964,"",,,"마이스터 컬렉션","","",https://living.hyundailivart.co.kr/p/P200170964
P200172368,"",,,"마이스터 컬렉션","","",https://living.hyundailivart.co.kr/p/P200172368
P200172369,"",,,"마이스터 컬렉션","","",https://living.hyundailivart.co.kr/p/P200172369
P200188071,"",,,"마이스터 컬렉션","","",https://living.hyundailivart.co.kr/p/P200188071
P200191353,"",,,"마이스터 컬렉션","","",https://living.hyundailivart.co.kr/p/P200191353
P200189228,"",,,"마이스터 컬렉션","","",https://living.hyundailivart.co.kr/p/P200189228
P200145886,"",,,"거실장/거실테이블","","",https://living.hyundailivart.co.kr/p/P200145886
P100025656,"",,,"거실장/거실테이블","","",https://living.hyundailivart.co.kr/p/P100025656
P100025025,"",,,"거실장/거실테이블","","",https://living.hyundailivart.co.kr/p/P100025025
P100025029,"",,,"거실장/거실테이블","","",https://living.hyundailivart.co.kr/p/P100025029
P100025033,"",,,"거실장/거실테이블","","",https://living.hyundailivart.co.kr/p/P100025033
P200136061,"",,,"거실장/거실테이블","","",https://living.hyundailivart.co.kr/p/P200136061
P100022923,"",,,"거실장/거실테이블","","",https://living.hyundailivart.co.kr/p/P100022923
P100022920,"",,,"거실장/거실테이블","","",https://living.hyundailivart.co.kr/p/P100022920
P200189083,"",,,"거실장/거실테이블","","",https://living.hyundailivart.co.kr/p/P200189083
P200107905,"",,,"거실장/거실테이블","","",https://living.hyundailivart.co.kr/p/P200107905
P200198478,"",,,"거실장/거실테이블","","",https://living.hyundailivart.co.kr/p/P200198478
P200155411,"",,,"거실장/거실테이블","","",https://living.hyundailivart.co.kr/p/P200155411
P200155410,"",,,"수납장/서랍장","","",https://living.hyundailivart.co.kr/p/P200155410
P200134320,"",,,"거실장/거실테이블","","",https://living.hyundailivart.co.kr/p/P200134320
P100022911,"",,,"거실장/거실테이블","","",https://living.hyundailivart.co.kr/p/P100022911
P200086362,"",,,"거실장/거실테이블","","",https://living.hyundailivart.co.kr/p/P200086362
P200107760,"",,,"거실장/거실테이블","","",https://living.hyundailivart.co.kr/p/P200107760
P100032174,"",,,"거실장/거실테이블","","",https://living.hyundailivart.co.kr/p/P100032174
P200191427,"",,,"거실장/거실테이블","","",https://living.hyundailivart.co.kr/p/P200191427
P100034265,"",,,"거실장/거실테이블","","",https://living.hyundailivart.co.kr/p/P100034265
P200187545,"",,,"거실장/거실테이블","","",https://living.hyundailivart.co.kr/p/P200187545
P100024456,"",,,"거실장/거실테이블","","",https://living.hyundailivart.co.kr/p/P100024456
P100034268,"",,,"거실장/거실테이블","","",https://living.hyundailivart.co.kr/p/P100034268
P100022995,"",,,"거실장/거실테이블","","",https://living.hyundailivart.co.kr/p/P100022995
P200191429,"",,,"거실장/거실테이블","","",https://living.hyundailivart.co.kr/p/P200191429
P100025651,"",,,"거실장/거실테이블","","",https://living.hyundailivart.co.kr/p/P100025651
P200190918,"",,,"거실장/거실테이블","","",https://living.hyundailivart.co.kr/p/P200190918
P100040082,"",,,"거실장/거실테이블","","",https://living.hyundailivart.co.kr/p/P100040082
P200189084,"",,,"거실장/거실테이블","","",https://living.hyundailivart.co.kr/p/P200189084
P100026333,"",,,"거실장/거실테이블","","",https://living.hyundailivart.co.kr/p/P100026333
P100036289,"",,,"거실장/거실테이블","","",https://living.hyundailivart.co.kr/p/P100036289
P200180929,"",,,"거실장/거실테이블","","",https://living.hyundailivart.co.kr/p/P200180929
P100024745,"",,,"거실장/거실테이블","","",https://living.hyundailivart.co.kr/p/P100024745
P100024440,"",,,"거실장/거실테이블","","",https://living.hyundailivart.co.kr/p/P100024440
P100024408,"",,,"거실장/거실테이블","","",https://living.hyundailivart.co.kr/p/P100024408
P200197366,"",,,"거실장/거실테이블","","",https://living.hyundailivart.co.kr/p/P200197366
P100040089,"",,,"거실장/거실테이블","","",https://living.hyundailivart.co.kr/p/P100040089
P200184780,"",,,"거실장/거실테이블","","",https://living.hyundailivart.co.kr/p/P200184780
P200085752,"",,,"거실장/거실테이블","","",https://living.hyundailivart.co.kr/p/P200085752
P200147009,"",,,"거실장/거실테이블","","",https://living.hyundailivart.co.kr/p/P200147009
P100023142,"",,,"거실장/거실테이블","","",https://living.hyundailivart.co.kr/p/P100023142
P100024453,"",,,"거실장/거실테이블","","",https://living.hyundailivart.co.kr/p/P100024453
P200191443,"",,,"거실장/거실테이블","","",https://living.hyundailivart.co.kr/p/P200191443
P200146228,"",,,"거실장/거실테이블","","",https://living.hyundailivart.co.kr/p/P200146228
P200188642,"",,,"수납장/서랍장","","",https://living.hyundailivart.co.kr/p/P200188642
P100032033,"",,,"거실장/거실테이블","","",https://living.hyundailivart.co.kr/p/P100032033
P100030148,"",,,"거실장/거실테이블","","",https://living.hyundailivart.co.kr/p/P100030148
P100022908,"",,,"거실장/거실테이블","","",https://living.hyundailivart.co.kr/p/P100022908
P100025679,"",,,"거실장/거실테이블","","",https://living.hyundailivart.co.kr/p/P100025679
P200193999,"",,,"거실장/거실테이블","","",https://living.hyundailivart.co.kr/p/P200193999
P200193998,"",,,"거실장/거실테이블","","",https://living.hyundailivart.co.kr/p/P200193998
P200193996,"",,,"침대/매트리스","","",https://living.hyundailivart.co.kr/p/P200193996
P200193995,"",,,"침대/매트리스","","",https://living.hyundailivart.co.kr/p/P200193995
P200191462,"",,,"거실장/거실테이블","","",https://living.hyundailivart.co.kr/p/P200191462
P200191442,"",,,"거실장/거실테이블","","",https://living.hyundailivart.co.kr/p/P200191442
P200191441,"",,,"거실장/거실테이블","","",https://living.hyundailivart.co.kr/p/P200191441
P200191438,"",,,"거실장/거실테이블","","",https://living.hyundailivart.co.kr/p/P200191438
P200191428,"",,,"거실장/거실테이블","","",https://living.hyundailivart.co.kr/p/P200191428
P200191215,"",,,"거실장/거실테이블","","",https://living.hyundailivart.co.kr/p/P200191215
P200190960,"",,,"거실장/거실테이블","","",https://living.hyundailivart.co.kr/p/P200190960
P200190959,"",,,"거실장/거실테이블","","",https://living.hyundailivart.co.kr/p/P200190959
P200190958,"",,,"거실장/거실테이블","","",https://living.hyundailivart.co.kr/p/P200190958
P200190957,"",,,"거실장/거실테이블","","",https://living.hyundailivart.co.kr/p/P200190957
P200190956,"",,,"거실장/거실테이블","","",https://living.hyundailivart.co.kr/p/P200190956
P200190953,"",,,"거실장/거실테이블","","",https://living.hyundailivart.co.kr/p/P200190953
P200190949,"",,,"거실장/거실테이블","","",https://living.hyundailivart.co.kr/p/P200190949
P200176474,"",,,"키즈/주니어","","",https://living.hyundailivart.co.kr/p/P200176474
P200164464,"",,,"거실장/거실테이블","","",https://living.hyundailivart.co.kr/p/P200164464
P200164449,"",,,"거실장/거실테이블","","",https://living.hyundailivart.co.kr/p/P200164449
P200164448,"",,,"거실장/거실테이블","","",https://living.hyundailivart.co.kr/p/P200164448
P200155409,"",,,"거실장/거실테이블","","",https://living.hyundailivart.co.kr/p/P200155409
P200146997,"",,,"거실장/거실테이블","","",https://living.hyundailivart.co.kr/p/P200146997
P200134321,"",,,"거실장/거실테이블","","",https://living.hyundailivart.co.kr/p/P200134321
P200055605,"",,,"거실장/거실테이블","","",https://living.hyundailivart.co.kr/p/P200055605
P200055535,"",,,"거실장/거실테이블","","",https://living.hyundailivart.co.kr/p/P200055535
P200022069,"",,,"거실장/거실테이블","","",https://living.hyundailivart.co.kr/p/P200022069
P100034571,"",,,"거실장/거실테이블","","",https://living.hyundailivart.co.kr/p/P100034571
P100032264,"",,,"거실장/거실테이블","","",https://living.hyundailivart.co.kr/p/P100032264
P100032169,"",,,"거실장/거실테이블","","",https://living.hyundailivart.co.kr/p/P100032169
P100031585,"",,,"거실장/거실테이블","","",https://living.hyundailivart.co.kr/p/P100031585
P100031581,"",,,"거실장/거실테이블","","",https://living.hyundailivart.co.kr/p/P100031581
P100030147,"",,,"거실장/거실테이블","","",https://living.hyundailivart.co.kr/p/P100030147
P100026709,"",,,"거실장/거실테이블","","",https://living.hyundailivart.co.kr/p/P100026709
P100024759,"",,,"거실장/거실테이블","","",https://living.hyundailivart.co.kr/p/P100024759
P100024754,"",,,"거실장/거실테이블","","",https://living.hyundailivart.co.kr/p/P100024754
P100024450,"",,,"거실장/거실테이블","","",https://living.hyundailivart.co.kr/p/P100024450
P100024323,"",,,"거실장/거실테이블","","",https://living.hyundailivart.co.kr/p/P100024323
P100023003,"",,,"거실장/거실테이블","","",https://living.hyundailivart.co.kr/p/P100023003
P200194838,"",,,"식탁","","",https://living.hyundailivart.co.kr/p/P200194838
P200170963,"",,,"마이스터 컬렉션","","",https://living.hyundailivart.co.kr/p/P200170963
P200172847,"",,,"식탁","","",https://living.hyundailivart.co.kr/p/P200172847
P100023072,"",,,"식탁","","",https://living.hyundailivart.co.kr/p/P100023072
P200044703,"",,,"식탁","","",https://living.hyundailivart.co.kr/p/P200044703
P200187230,"",,,"식탁","","",https://living.hyundailivart.co.kr/p/P200187230
P100034807,"",,,"식탁","","",https://living.hyundailivart.co.kr/p/P100034807
P200203617,"",,,"식탁","","",https://living.hyundailivart.co.kr/p/P200203617
P200203595,"",,,"식탁","","",https://living.hyundailivart.co.kr/p/P200203595
P200184631,"",,,"식탁","","",https://living.hyundailivart.co.kr/p/P200184631
P200188101,"",,,"식탁","","",https://living.hyundailivart.co.kr/p/P200188101
P200125289,"",,,"식탁","","",https://living.hyundailivart.co.kr/p/P200125289
P200086262,"",,,"식탁","","",https://living.hyundailivart.co.kr/p/P200086262
P200130079,"",,,"식탁","","",https://living.hyundailivart.co.kr/p/P200130079
P200083939,"",,,"식탁","","",https://living.hyundailivart.co.kr/p/P200083939
P200167185,"",,,"식탁","","",https://living.hyundailivart.co.kr/p/P200167185
P200044721,"",,,"식탁","","",https://living.hyundailivart.co.kr/p/P200044721
P200125977,"",,,"식탁","","",https://living.hyundailivart.co.kr/p/P200125977
P200203594,"",,,"식탁","","",https://living.hyundailivart.co.kr/p/P200203594
P200194240,"",,,"식탁","","",https://living.hyundailivart.co.kr/p/P200194240
P200184633,"",,,"식탁","","",https://living.hyundailivart.co.kr/p/P200184633
P200188132,"",,,"식탁","","",https://living.hyundailivart.co.kr/p/P200188132
P200203616,"",,,"식탁","","",https://living.hyundailivart.co.kr/p/P200203616
P200203612,"",,,"식탁","","",https://living.hyundailivart.co.kr/p/P200203612
P200194569,"",,,"식탁","","",https://living.hyundailivart.co.kr/p/P200194569
P200196403,"",,,"식탁","","",https://living.hyundailivart.co.kr/p/P200196403
P100022964,"",,,"식탁","","",https://living.hyundailivart.co.kr/p/P100022964
P200198742,"",,,"식탁","","",https://living.hyundailivart.co.kr/p/P200198742
P200125303,"",,,"식탁","","",https://living.hyundailivart.co.kr/p/P200125303
P200194521,"",,,"식탁","","",https://living.hyundailivart.co.kr/p/P200194521
P200196402,"",,,"식탁","","",https://living.hyundailivart.co.kr/p/P200196402
P200012573,"",,,"식탁","","",https://living.hyundailivart.co.kr/p/P200012573
P200195353,"",,,"식탁","","",https://living.hyundailivart.co.kr/p/P200195353
P200194242,"",,,"식탁","","",https://living.hyundailivart.co.kr/p/P200194242
P200187646,"",,,"식탁","","",https://living.hyundailivart.co.kr/p/P200187646
P200193613,"",,,"식탁","","",https://living.hyundailivart.co.kr/p/P200193613
P200020222,"",,,"식탁","","",https://living.hyundailivart.co.kr/p/P200020222
P200080686,"",,,"식탁","","",https://living.hyundailivart.co.kr/p/P200080686
P200027277,"",,,"식탁","","",https://living.hyundailivart.co.kr/p/P200027277
P200196404,"",,,"식탁","","",https://living.hyundailivart.co.kr/p/P200196404
P200044725,"",,,"식탁","","",https://living.hyundailivart.co.kr/p/P200044725
P200167174,"",,,"식탁","","",https://living.hyundailivart.co.kr/p/P200167174
P200198682,"",,,"책상/책장","","",https://living.hyundailivart.co.kr/p/P200198682
P200194241,"",,,"식탁","","",https://living.hyundailivart.co.kr/p/P200194241
P100031519,"",,,"식탁","","",https://living.hyundailivart.co.kr/p/P100031519
P200187551,"",,,"식탁","","",https://living.hyundailivart.co.kr/p/P200187551
P200105225,"",,,"식탁","","",https://living.hyundailivart.co.kr/p/P200105225
P200185520,"",,,"식탁","","",https://living.hyundailivart.co.kr/p/P200185520
P200125164,"",,,"식탁","","",https://living.hyundailivart.co.kr/p/P200125164
P100023024,"",,,"식탁","","",https://living.hyundailivart.co.kr/p/P100023024
P200187229,"",,,"식탁","","",https://living.hyundailivart.co.kr/p/P200187229
P200175470,"",,,"식탁","","",https://living.hyundailivart.co.kr/p/P200175470
P200188133,"",,,"식탁","","",https://living.hyundailivart.co.kr/p/P200188133
P200188474,"",,,"식탁","","",https://living.hyundailivart.co.kr/p/P200188474
P200173877,"",,,"화장대/거울/스툴","","",https://living.hyundailivart.co.kr/p/P200173877
P100030361,"",,,"식탁","","",https://living.hyundailivart.co.kr/p/P100030361
P200181027,"",,,"식탁","","",https://living.hyundailivart.co.kr/p/P200181027
P200188996,"",,,"식탁","","",https://living.hyundailivart.co.kr/p/P200188996
P100034798,"",,,"식탁","","",https://living.hyundailivart.co.kr/p/P100034798
P200203525,"",,,"식탁","","",https://living.hyundailivart.co.kr/p/P200203525
P200044046,"",,,"식탁","","",https://living.hyundailivart.co.kr/p/P200044046
P200129987,"",,,"식탁","","",https://living.hyundailivart.co.kr/p/P200129987
P200130114,"",,,"식탁","","",https://living.hyundailivart.co.kr/p/P200130114
P100024964,"",,,"식탁","","",https://living.hyundailivart.co.kr/p/P100024964
P200191187,"",,,"식탁","","",https://living.hyundailivart.co.kr/p/P200191187
P200187649,"",,,"식탁","","",https://living.hyundailivart.co.kr/p/P200187649
P100023068,"",,,"식탁","","",https://living.hyundailivart.co.kr/p/P100023068
P100031897,"",,,"식탁","","",https://living.hyundailivart.co.kr/p/P100031897
P200126033,"",,,"식탁","","",https://living.hyundailivart.co.kr/p/P200126033
P200187645,"",,,"식탁","","",https://living.hyundailivart.co.kr/p/P200187645
P200187990,"",,,"식탁","","",https://living.hyundailivart.co.kr/p/P200187990
P200194243,"",,,"식탁","","",https://living.hyundailivart.co.kr/p/P200194243
P200198743,"",,,"식탁","","",https://living.hyundailivart.co.kr/p/P200198743
P200186034,"",,,"식탁","","",https://living.hyundailivart.co.kr/p/P200186034
P200085704,"",,,"식탁","","",https://living.hyundailivart.co.kr/p/P200085704
P100029384,"",,,"식탁","","",https://living.hyundailivart.co.kr/p/P100029384
P200027582,"",,,"식탁","","",https://living.hyundailivart.co.kr/p/P200027582
P200203613,"",,,"식탁","","",https://living.hyundailivart.co.kr/p/P200203613
P200108724,"",,,"식탁","","",https://living.hyundailivart.co.kr/p/P200108724
P200203526,"",,,"식탁","","",https://living.hyundailivart.co.kr/p/P200203526
P200203593,"",,,"식탁","","",https://living.hyundailivart.co.kr/p/P200203593
P100034797,"",,,"식탁","","",https://living.hyundailivart.co.kr/p/P100034797
P200125867,"",,,"식탁","","",https://living.hyundailivart.co.kr/p/P200125867
P200142373,"",,,"식탁","","",https://living.hyundailivart.co.kr/p/P200142373
P200142371,"",,,"식탁","","",https://living.hyundailivart.co.kr/p/P200142371
P100030358,"",,,"식탁","","",https://living.hyundailivart.co.kr/p/P100030358
P200191955,"",,,"식탁","","",https://living.hyundailivart.co.kr/p/P200191955
P200188039,"",,,"식탁","","",https://living.hyundailivart.co.kr/p/P200188039
P200184501,"",,,"식탁","","",https://living.hyundailivart.co.kr/p/P200184501
P100023032,"",,,"식탁","","",https://living.hyundailivart.co.kr/p/P100023032
P100024163,"",,,"식탁","","",https://living.hyundailivart.co.kr/p/P100024163
P200110350,"",,,"식탁","","",https://living.hyundailivart.co.kr/p/P200110350
P100029399,"",,,"식탁","","",https://living.hyundailivart.co.kr/p/P100029399
P200172877,"",,,"화장대/거울/스툴","","",https://living.hyundailivart.co.kr/p/P200172877
P200191957,"",,,"식탁","","",https://living.hyundailivart.co.kr/p/P200191957
P200198629,"",,,"식탁","","",https://living.hyundailivart.co.kr/p/P200198629
P200085751,"",,,"식탁","","",https://living.hyundailivart.co.kr/p/P200085751
P200189256,"",,,"식탁","","",https://living.hyundailivart.co.kr/p/P200189256
P100034832,"",,,"식탁","","",https://living.hyundailivart.co.kr/p/P100034832
P100031480,"",,,"식탁","","",https://living.hyundailivart.co.kr/p/P100031480
P200142374,"",,,"식탁","","",https://living.hyundailivart.co.kr/p/P200142374
P100023048,"",,,"식탁","","",https://living.hyundailivart.co.kr/p/P100023048
P200187701,"",,,"식탁","","",https://living.hyundailivart.co.kr/p/P200187701
P100026233,"",,,"식탁","","",https://living.hyundailivart.co.kr/p/P100026233
P100023059,"",,,"식탁","","",https://living.hyundailivart.co.kr/p/P100023059
P200191453,"",,,"식탁","","",https://living.hyundailivart.co.kr/p/P200191453
P100029383,"",,,"식탁","","",https://living.hyundailivart.co.kr/p/P100029383
P100029366,"",,,"식탁","","",https://living.hyundailivart.co.kr/p/P100029366
P100023042,"",,,"식탁","","",https://living.hyundailivart.co.kr/p/P100023042
P100031477,"",,,"식탁","","",https://living.hyundailivart.co.kr/p/P100031477
P200146221,"",,,"식탁","","",https://living.hyundailivart.co.kr/p/P200146221
P200191189,"",,,"식탁","","",https://living.hyundailivart.co.kr/p/P200191189
P100031887,"",,,"식탁","","",https://living.hyundailivart.co.kr/p/P100031887
P200191954,"",,,"식탁","","",https://living.hyundailivart.co.kr/p/P200191954
P200105224,"",,,"식탁","","",https://living.hyundailivart.co.kr/p/P200105224
P200041441,"",,,"식탁","","",https://living.hyundailivart.co.kr/p/P200041441
P200092487,"",,,"식탁","","",https://living.hyundailivart.co.kr/p/P200092487
P200066652,"",,,"식탁","","",https://living.hyundailivart.co.kr/p/P200066652
P200021386,"",,,"식탁","","",https://living.hyundailivart.co.kr/p/P200021386
P100034796,"",,,"식탁","","",https://living.hyundailivart.co.kr/p/P100034796
P100031078,"",,,"식탁","","",https://living.hyundailivart.co.kr/p/P100031078
P200191481,"",,,"식탁","","",https://living.hyundailivart.co.kr/p/P200191481
P200093606,"",,,"식탁","","",https://living.hyundailivart.co.kr/p/P200093606
P100034800,"",,,"식탁","","",https://living.hyundailivart.co.kr/p/P100034800
P100034818,"",,,"식탁","","",https://living.hyundailivart.co.kr/p/P100034818
P200189662,"",,,"식탁","","",https://living.hyundailivart.co.kr/p/P200189662
P200196393,"",,,"식탁","","",https://living.hyundailivart.co.kr/p/P200196393
P200191190,"",,,"식탁","","",https://living.hyundailivart.co.kr/p/P200191190
P200203592,"",,,"식탁","","",https://living.hyundailivart.co.kr/p/P200203592
P200203524,"",,,"식탁","","",https://living.hyundailivart.co.kr/p/P200203524
P200203523,"",,,"식탁","","",https://living.hyundailivart.co.kr/p/P200203523
P200203204,"",,,"식탁","","",https://living.hyundailivart.co.kr/p/P200203204
P200203203,"",,,"식탁","","",https://living.hyundailivart.co.kr/p/P200203203
P200203202,"",,,"식탁","","",https://living.hyundailivart.co.kr/p/P200203202
P200203201,"",,,"식탁","","",https://living.hyundailivart.co.kr/p/P200203201
P200203200,"",,,"식탁","","",https://living.hyundailivart.co.kr/p/P200203200
P200203199,"",,,"식탁","","",https://living.hyundailivart.co.kr/p/P200203199
P200203198,"",,,"식탁","","",https://living.hyundailivart.co.kr/p/P200203198
P200203197,"",,,"식탁","","",https://living.hyundailivart.co.kr/p/P200203197
P200203196,"",,,"식탁","","",https://living.hyundailivart.co.kr/p/P200203196
P200203195,"",,,"식탁","","",https://living.hyundailivart.co.kr/p/P200203195
P200198741,"",,,"식탁","","",https://living.hyundailivart.co.kr/p/P200198741
P200198740,"",,,"식탁","","",https://living.hyundailivart.co.kr/p/P200198740
P200198738,"",,,"식탁","","",https://living.hyundailivart.co.kr/p/P200198738
P200198737,"",,,"식탁","","",https://living.hyundailivart.co.kr/p/P200198737
P200198683,"",,,"책상/책장","","",https://living.hyundailivart.co.kr/p/P200198683
P200198681,"",,,"책상/책장","","",https://living.hyundailivart.co.kr/p/P200198681
P200198680,"",,,"책상/책장","","",https://living.hyundailivart.co.kr/p/P200198680
P200198631,"",,,"식탁","","",https://living.hyundailivart.co.kr/p/P200198631
P200198630,"",,,"식탁","","",https://living.hyundailivart.co.kr/p/P200198630
P200198621,"",,,"식탁","","",https://living.hyundailivart.co.kr/p/P200198621
P200198617,"",,,"식탁","","",https://living.hyundailivart.co.kr/p/P200198617
P200197275,"",,,"식탁","","",https://living.hyundailivart.co.kr/p/P200197275
P200195354,"",,,"식탁","","",https://living.hyundailivart.co.kr/p/P200195354
P200194529,"",,,"식탁","","",https://living.hyundailivart.co.kr/p/P200194529
P200193722,"",,,"식탁","","",https://living.hyundailivart.co.kr/p/P200193722
P200193612,"",,,"식탁","","",https://living.hyundailivart.co.kr/p/P200193612
P200191956,"",,,"식탁","","",https://living.hyundailivart.co.kr/p/P200191956
P200191953,"",,,"식탁","","",https://living.hyundailivart.co.kr/p/P200191953
P200191782,"",,,"식탁","","",https://living.hyundailivart.co.kr/p/P200191782
P200189273,"",,,"식탁","","",https://living.hyundailivart.co.kr/p/P200189273
P200188997,"",,,"식탁","","",https://living.hyundailivart.co.kr/p/P200188997
P200187822,"",,,"식탁","","",https://living.hyundailivart.co.kr/p/P200187822
P200187777,"",,,"식탁","","",https://living.hyundailivart.co.kr/p/P200187777
P200187700,"",,,"식탁","","",https://living.hyundailivart.co.kr/p/P200187700
P200187552,"",,,"식탁","","",https://living.hyundailivart.co.kr/p/P200187552
P200187550,"",,,"식탁","","",https://living.hyundailivart.co.kr/p/P200187550
P200187232,"",,,"식탁","","",https://living.hyundailivart.co.kr/p/P200187232
P200187231,"",,,"식탁","","",https://living.hyundailivart.co.kr/p/P200187231
P200187228,"",,,"식탁","","",https://living.hyundailivart.co.kr/p/P200187228
P200187227,"",,,"식탁","","",https://living.hyundailivart.co.kr/p/P200187227
P200187226,"",,,"식탁","","",https://living.hyundailivart.co.kr/p/P200187226
P200187225,"",,,"식탁","","",https://living.hyundailivart.co.kr/p/P200187225
P200186036,"",,,"식탁","","",https://living.hyundailivart.co.kr/p/P200186036
P200186035,"",,,"식탁","","",https://living.hyundailivart.co.kr/p/P200186035
P200186033,"",,,"식탁","","",https://living.hyundailivart.co.kr/p/P200186033
P200185983,"",,,"식탁","","",https://living.hyundailivart.co.kr/p/P200185983
P200185982,"",,,"식탁","","",https://living.hyundailivart.co.kr/p/P200185982
P200185981,"",,,"식탁","","",https://living.hyundailivart.co.kr/p/P200185981
P200185979,"",,,"식탁","","",https://living.hyundailivart.co.kr/p/P200185979
P200181038,"",,,"식탁","","",https://living.hyundailivart.co.kr/p/P200181038
P200181029,"",,,"식탁","","",https://living.hyundailivart.co.kr/p/P200181029
P200172870,"",,,"화장대/거울/스툴","","",https://living.hyundailivart.co.kr/p/P200172870
P100034525,"",,,"식탁","","",https://living.hyundailivart.co.kr/p/P100034525
P200142372,"",,,"식탁","","",https://living.hyundailivart.co.kr/p/P200142372
P200135074,"",,,"식탁","","",https://living.hyundailivart.co.kr/p/P200135074
P200125920,"",,,"식탁","","",https://living.hyundailivart.co.kr/p/P200125920
P200124498,"",,,"식탁","","",https://living.hyundailivart.co.kr/p/P200124498
P200110384,"",,,"식탁","","",https://living.hyundailivart.co.kr/p/P200110384
P200093605,"",,,"식탁","","",https://living.hyundailivart.co.kr/p/P200093605
P200092486,"",,,"식탁","","",https://living.hyundailivart.co.kr/p/P200092486
P200086264,"",,,"식탁","","",https://living.hyundailivart.co.kr/p/P200086264
P200074061,"",,,"식탁","","",https://living.hyundailivart.co.kr/p/P200074061
P200074040,"",,,"식탁","","",https://living.hyundailivart.co.kr/p/P200074040
P200055271,"",,,"식탁","","",https://living.hyundailivart.co.kr/p/P200055271
P200055268,"",,,"식탁","","",https://living.hyundailivart.co.kr/p/P200055268
P200028467,"",,,"식탁","","",https://living.hyundailivart.co.kr/p/P200028467
P200021385,"",,,"식탁","","",https://living.hyundailivart.co.kr/p/P200021385
P200021384,"",,,"식탁","","",https://living.hyundailivart.co.kr/p/P200021384
P200021382,"",,,"식탁","","",https://living.hyundailivart.co.kr/p/P200021382
P200018947,"",,,"식탁","","",https://living.hyundailivart.co.kr/p/P200018947
P200018631,"",,,"식탁","","",https://living.hyundailivart.co.kr/p/P200018631
P200017761,"",,,"식탁","","",https://living.hyundailivart.co.kr/p/P200017761
P100034799,"",,,"식탁","","",https://living.hyundailivart.co.kr/p/P100034799
P100034138,"",,,"식탁","","",https://living.hyundailivart.co.kr/p/P100034138
P100032640,"",,,"식탁","","",https://living.hyundailivart.co.kr/p/P100032640
P100031590,"",,,"식탁","","",https://living.hyundailivart.co.kr/p/P100031590
P100031527,"",,,"식탁","","",https://living.hyundailivart.co.kr/p/P100031527
P100031488,"",,,"식탁","","",https://living.hyundailivart.co.kr/p/P100031488
P100029414,"",,,"식탁","","",https://living.hyundailivart.co.kr/p/P100029414
P100029429,"",,,"식탁","","",https://living.hyundailivart.co.kr/p/P100029429
P100029373,"",,,"식탁","","",https://living.hyundailivart.co.kr/p/P100029373
P100026252,"",,,"식탁","","",https://living.hyundailivart.co.kr/p/P100026252
P100026224,"",,,"식탁","","",https://living.hyundailivart.co.kr/p/P100026224
P100026215,"",,,"식탁","","",https://living.hyundailivart.co.kr/p/P100026215
P100025779,"",,,"식탁","","",https://living.hyundailivart.co.kr/p/P100025779
P100020088,"",,,"식탁","","",https://living.hyundailivart.co.kr/p/P100020088
P200163974,"",,,"마이스터 컬렉션","","",https://living.hyundailivart.co.kr/p/P200163974
P200161213,"",,,"마이스터 컬렉션","","",https://living.hyundailivart.co.kr/p/P200161213
P200161212,"",,,"마이스터 컬렉션","","",https://living.hyundailivart.co.kr/p/P200161212
P200161208,"",,,"마이스터 컬렉션","","",https://living.hyundailivart.co.kr/p/P200161208
P200202907,"",,,"마이스터 컬렉션","","",https://living.hyundailivart.co.kr/p/P200202907
P200189227,"",,,"마이스터 컬렉션","","",https://living.hyundailivart.co.kr/p/P200189227
P200189226,"",,,"마이스터 컬렉션","","",https://living.hyundailivart.co.kr/p/P200189226
P200186289,"",,,"마이스터 컬렉션","","",https://living.hyundailivart.co.kr/p/P200186289
P200093497,"",,,"침대/매트리스","","",https://living.hyundailivart.co.kr/p/P200093497
P200134163,"",,,"침대/매트리스","","",https://living.hyundailivart.co.kr/p/P200134163
P100025857,"",,,"침대/매트리스","","",https://living.hyundailivart.co.kr/p/P100025857
P200134177,"",,,"침대/매트리스","","",https://living.hyundailivart.co.kr/p/P200134177
P200093495,"",,,"침대/매트리스","","",https://living.hyundailivart.co.kr/p/P200093495
P200134212,"",,,"침대/매트리스","","",https://living.hyundailivart.co.kr/p/P200134212
P200134167,"",,,"침대/매트리스","","",https://living.hyundailivart.co.kr/p/P200134167
P200100765,"",,,"침대/매트리스","","",https://living.hyundailivart.co.kr/p/P200100765
P200134164,"",,,"침대/매트리스","","",https://living.hyundailivart.co.kr/p/P200134164
P200134221,"",,,"침대/매트리스","","",https://living.hyundailivart.co.kr/p/P200134221
P200088974,"",,,"침대/매트리스","","",https://living.hyundailivart.co.kr/p/P200088974
P200082611,"",,,"침대/매트리스","","",https://living.hyundailivart.co.kr/p/P200082611
P200169250,"",,,"침대/매트리스","","",https://living.hyundailivart.co.kr/p/P200169250
P200100791,"",,,"침대/매트리스","","",https://living.hyundailivart.co.kr/p/P200100791
P200173927,"",,,"침대/매트리스","","",https://living.hyundailivart.co.kr/p/P200173927
P100040006,"",,,"침대/매트리스","","",https://living.hyundailivart.co.kr/p/P100040006
P200088878,"",,,"침대/매트리스","","",https://living.hyundailivart.co.kr/p/P200088878
P100025886,"",,,"침대/매트리스","","",https://living.hyundailivart.co.kr/p/P100025886
P200169254,"",,,"침대/매트리스","","",https://living.hyundailivart.co.kr/p/P200169254
P100009520,"",,,"침대/매트리스","","",https://living.hyundailivart.co.kr/p/P100009520
P200091692,"",,,"침대/매트리스","","",https://living.hyundailivart.co.kr/p/P200091692
P200186504,"",,,"침대/매트리스","","",https://living.hyundailivart.co.kr/p/P200186504
P100025936,"",,,"침대/매트리스","","",https://living.hyundailivart.co.kr/p/P100025936
P200134218,"",,,"침대/매트리스","","",https://living.hyundailivart.co.kr/p/P200134218
P200134224,"",,,"침대/매트리스","","",https://living.hyundailivart.co.kr/p/P200134224
P200134170,"",,,"침대/매트리스","","",https://living.hyundailivart.co.kr/p/P200134170
P100025897,"",,,"침대/매트리스","","",https://living.hyundailivart.co.kr/p/P100025897
P100025846,"",,,"침대/매트리스","","",https://living.hyundailivart.co.kr/p/P100025846
P200196690,"",,,"키즈/주니어","","",https://living.hyundailivart.co.kr/p/P200196690
P200193625,"",,,"침대/매트리스","","",https://living.hyundailivart.co.kr/p/P200193625
P100024471,"",,,"침대/매트리스","","",https://living.hyundailivart.co.kr/p/P100024471
P200082560,"",,,"침대/매트리스","","",https://living.hyundailivart.co.kr/p/P200082560
P100022802,"",,,"키즈/주니어","","",https://living.hyundailivart.co.kr/p/P100022802
P200088872,"",,,"침대/매트리스","","",https://living.hyundailivart.co.kr/p/P200088872
P200199500,"",,,"침대/매트리스","","",https://living.hyundailivart.co.kr/p/P200199500
P100024591,"",,,"침대/매트리스","","",https://living.hyundailivart.co.kr/p/P100024591
P100027045,"",,,"침대/매트리스","","",https://living.hyundailivart.co.kr/p/P100027045
P200173935,"",,,"침대/매트리스","","",https://living.hyundailivart.co.kr/p/P200173935
P200091691,"",,,"침대/매트리스","","",https://living.hyundailivart.co.kr/p/P200091691
P200199501,"",,,"침대/매트리스","","",https://living.hyundailivart.co.kr/p/P200199501
P200191489,"",,,"키즈/주니어","","",https://living.hyundailivart.co.kr/p/P200191489
P200199572,"",,,"침대/매트리스","","",https://living.hyundailivart.co.kr/p/P200199572
P100024588,"",,,"침대/매트리스","","",https://living.hyundailivart.co.kr/p/P100024588
P100023648,"",,,"침대/매트리스","","",https://living.hyundailivart.co.kr/p/P100023648
P200194480,"",,,"침대/매트리스","","",https://living.hyundailivart.co.kr/p/P200194480
P200194467,"",,,"침대/매트리스","","",https://living.hyundailivart.co.kr/p/P200194467
P200091706,"",,,"침대/매트리스","","",https://living.hyundailivart.co.kr/p/P200091706
P200128865,"",,,"키즈/주니어","","",https://living.hyundailivart.co.kr/p/P200128865
P200191484,"",,,"침대/매트리스","","",https://living.hyundailivart.co.kr/p/P200191484
P200191485,"",,,"침대/매트리스","","",https://living.hyundailivart.co.kr/p/P200191485
P200129391,"",,,"키즈/주니어","","",https://living.hyundailivart.co.kr/p/P200129391
P200194471,"",,,"침대/매트리스","","",https://living.hyundailivart.co.kr/p/P200194471
P200134215,"",,,"침대/매트리스","","",https://living.hyundailivart.co.kr/p/P200134215
P100026903,"",,,"키즈/주니어","","",https://living.hyundailivart.co.kr/p/P100026903
P100025835,"",,,"침대/매트리스","","",https://living.hyundailivart.co.kr/p/P100025835
P100024593,"",,,"침대/매트리스","","",https://living.hyundailivart.co.kr/p/P100024593
P100022789,"",,,"키즈/주니어","","",https://living.hyundailivart.co.kr/p/P100022789
P200202818,"",,,"침대/매트리스","","",https://living.hyundailivart.co.kr/p/P200202818
P200129392,"",,,"키즈/주니어","","",https://living.hyundailivart.co.kr/p/P200129392
P200183680,"",,,"침대/매트리스","","",https://living.hyundailivart.co.kr/p/P200183680
P200169571,"",,,"침대/매트리스","","",https://living.hyundailivart.co.kr/p/P200169571
P100025716,"",,,"키즈/주니어","","",https://living.hyundailivart.co.kr/p/P100025716
P100032647,"",,,"침대/매트리스","","",https://living.hyundailivart.co.kr/p/P100032647
P100031423,"",,,"키즈/주니어","","",https://living.hyundailivart.co.kr/p/P100031423
P100023602,"",,,"침대/매트리스","","",https://living.hyundailivart.co.kr/p/P100023602
P200194487,"",,,"침대/매트리스","","",https://living.hyundailivart.co.kr/p/P200194487
P200191486,"",,,"침대/매트리스","","",https://living.hyundailivart.co.kr/p/P200191486
P200198000,"",,,"침대/매트리스","","",https://living.hyundailivart.co.kr/p/P200198000
P200091705,"",,,"침대/매트리스","","",https://living.hyundailivart.co.kr/p/P200091705
P100040095,"",,,"침대/매트리스","","",https://living.hyundailivart.co.kr/p/P100040095
P200150545,"",,,"침대/매트리스","","",https://living.hyundailivart.co.kr/p/P200150545
P200191482,"",,,"침대/매트리스","","",https://living.hyundailivart.co.kr/p/P200191482
P200021300,"",,,"침대/매트리스","","",https://living.hyundailivart.co.kr/p/P200021300
P100026116,"",,,"침대/매트리스","","",https://living.hyundailivart.co.kr/p/P100026116
P200199499,"",,,"침대/매트리스","","",https://living.hyundailivart.co.kr/p/P200199499
P100023620,"",,,"침대/매트리스","","",https://living.hyundailivart.co.kr/p/P100023620
P100040010,"",,,"침대/매트리스","","",https://living.hyundailivart.co.kr/p/P100040010
P200194477,"",,,"침대/매트리스","","",https://living.hyundailivart.co.kr/p/P200194477
P100024590,"",,,"침대/매트리스","","",https://living.hyundailivart.co.kr/p/P100024590
P100023629,"",,,"침대/매트리스","","",https://living.hyundailivart.co.kr/p/P100023629
P100026125,"",,,"침대/매트리스","","",https://living.hyundailivart.co.kr/p/P100026125
P100026083,"",,,"침대/매트리스","","",https://living.hyundailivart.co.kr/p/P100026083
P100026022,"",,,"침대/매트리스","","",https://living.hyundailivart.co.kr/p/P100026022
P100026111,"",,,"침대/매트리스","","",https://living.hyundailivart.co.kr/p/P100026111
P100025824,"",,,"침대/매트리스","","",https://living.hyundailivart.co.kr/p/P100025824
P200194468,"",,,"침대/매트리스","","",https://living.hyundailivart.co.kr/p/P200194468
P100009515,"",,,"침대/매트리스","","",https://living.hyundailivart.co.kr/p/P100009515
P100023821,"",,,"키즈/주니어","","",https://living.hyundailivart.co.kr/p/P100023821
P100026092,"",,,"침대/매트리스","","",https://living.hyundailivart.co.kr/p/P100026092
P100023647,"",,,"침대/매트리스","","",https://living.hyundailivart.co.kr/p/P100023647
P100026884,"",,,"키즈/주니어","","",https://living.hyundailivart.co.kr/p/P100026884
P200091699,"",,,"침대/매트리스","","",https://living.hyundailivart.co.kr/p/P200091699
P200183699,"",,,"침대/매트리스","","",https://living.hyundailivart.co.kr/p/P200183699
P200191483,"",,,"침대/매트리스","","",https://living.hyundailivart.co.kr/p/P200191483
P200198708,"",,,"침대/매트리스","","",https://living.hyundailivart.co.kr/p/P200198708
P200087318,"",,,"침대/매트리스","","",https://living.hyundailivart.co.kr/p/P200087318
P200194496,"",,,"침대/매트리스","","",https://living.hyundailivart.co.kr/p/P200194496
P100023630,"",,,"침대/매트리스","","",https://living.hyundailivart.co.kr/p/P100023630
P200194466,"",,,"침대/매트리스","","",https://living.hyundailivart.co.kr/p/P200194466
P200198545,"",,,"침대/매트리스","","",https://living.hyundailivart.co.kr/p/P200198545
P200188596,"",,,"침대/매트리스","","",https://living.hyundailivart.co.kr/p/P200188596
P100025721,"",,,"키즈/주니어","","",https://living.hyundailivart.co.kr/p/P100025721
P200198542,"",,,"침대/매트리스","","",https://living.hyundailivart.co.kr/p/P200198542
P200191631,"",,,"침대/매트리스","","",https://living.hyundailivart.co.kr/p/P200191631
P200100798,"",,,"침대/매트리스","","",https://living.hyundailivart.co.kr/p/P200100798
P200173936,"",,,"침대/매트리스","","",https://living.hyundailivart.co.kr/p/P200173936
P200194465,"",,,"침대/매트리스","","",https://living.hyundailivart.co.kr/p/P200194465
P100031953,"",,,"침대/매트리스","","",https://living.hyundailivart.co.kr/p/P100031953
P200188587,"",,,"침대/매트리스","","",https://living.hyundailivart.co.kr/p/P200188587
P100026139,"",,,"수납장/서랍장","","",https://living.hyundailivart.co.kr/p/P100026139
P200100812,"",,,"침대/매트리스","","",https://living.hyundailivart.co.kr/p/P200100812
P200091704,"",,,"침대/매트리스","","",https://living.hyundailivart.co.kr/p/P200091704
P200191623,"",,,"침대/매트리스","","",https://living.hyundailivart.co.kr/p/P200191623
P200198684,"",,,"침대/매트리스","","",https://living.hyundailivart.co.kr/p/P200198684
P200091695,"",,,"침대/매트리스","","",https://living.hyundailivart.co.kr/p/P200091695
P200191500,"",,,"키즈/주니어","","",https://living.hyundailivart.co.kr/p/P200191500
P200203821,"",,,"침대/매트리스","","",https://living.hyundailivart.co.kr/p/P200203821
P200202824,"",,,"침대/매트리스","","",https://living.hyundailivart.co.kr/p/P200202824
P200199571,"",,,"침대/매트리스","","",https://living.hyundailivart.co.kr/p/P200199571
P200199550,"",,,"침대/매트리스","","",https://living.hyundailivart.co.kr/p/P200199550
P200199549,"",,,"침대/매트리스","","",https://living.hyundailivart.co.kr/p/P200199549
P200199502,"",,,"침대/매트리스","","",https://living.hyundailivart.co.kr/p/P200199502
P200198892,"",,,"침대/매트리스","","",https://living.hyundailivart.co.kr/p/P200198892
P200198660,"",,,"키즈/주니어","","",https://living.hyundailivart.co.kr/p/P200198660
P200198544,"",,,"침대/매트리스","","",https://living.hyundailivart.co.kr/p/P200198544
P200198543,"",,,"침대/매트리스","","",https://living.hyundailivart.co.kr/p/P200198543
P200198541,"",,,"침대/매트리스","","",https://living.hyundailivart.co.kr/p/P200198541
P200197217,"",,,"침대/매트리스","","",https://living.hyundailivart.co.kr/p/P200197217
P200197204,"",,,"침대/매트리스","","",https://living.hyundailivart.co.kr/p/P200197204
P200196019,"",,,"침대/매트리스","","",https://living.hyundailivart.co.kr/p/P200196019
P200196014,"",,,"침대/매트리스","","",https://living.hyundailivart.co.kr/p/P200196014
P200194557,"",,,"침대/매트리스","","",https://living.hyundailivart.co.kr/p/P200194557
P200194556,"",,,"침대/매트리스","","",https://living.hyundailivart.co.kr/p/P200194556
P200194499,"",,,"침대/매트리스","","",https://living.hyundailivart.co.kr/p/P200194499
P200194493,"",,,"침대/매트리스","","",https://living.hyundailivart.co.kr/p/P200194493
P200194490,"",,,"침대/매트리스","","",https://living.hyundailivart.co.kr/p/P200194490
P200194484,"",,,"침대/매트리스","","",https://living.hyundailivart.co.kr/p/P200194484
P200194483,"",,,"침대/매트리스","","",https://living.hyundailivart.co.kr/p/P200194483
P200194474,"",,,"침대/매트리스","","",https://living.hyundailivart.co.kr/p/P200194474
P200191635,"",,,"침대/매트리스","","",https://living.hyundailivart.co.kr/p/P200191635
P200191627,"",,,"침대/매트리스","","",https://living.hyundailivart.co.kr/p/P200191627
P200191619,"",,,"침대/매트리스","","",https://living.hyundailivart.co.kr/p/P200191619
P200191615,"",,,"침대/매트리스","","",https://living.hyundailivart.co.kr/p/P200191615
P200191611,"",,,"침대/매트리스","","",https://living.hyundailivart.co.kr/p/P200191611
P200191607,"",,,"침대/매트리스","","",https://living.hyundailivart.co.kr/p/P200191607
P200191603,"",,,"침대/매트리스","","",https://living.hyundailivart.co.kr/p/P200191603
P200191599,"",,,"침대/매트리스","","",https://living.hyundailivart.co.kr/p/P200191599
P200191488,"",,,"키즈/주니어","","",https://living.hyundailivart.co.kr/p/P200191488
P200191487,"",,,"키즈/주니어","","",https://living.hyundailivart.co.kr/p/P200191487
P200191177,"",,,"침대/매트리스","","",https://living.hyundailivart.co.kr/p/P200191177
P200183735,"",,,"침대/매트리스","","",https://living.hyundailivart.co.kr/p/P200183735
P200183724,"",,,"침대/매트리스","","",https://living.hyundailivart.co.kr/p/P200183724
P200183653,"",,,"침대/매트리스","","",https://living.hyundailivart.co.kr/p/P200183653
P200183634,"",,,"침대/매트리스","","",https://living.hyundailivart.co.kr/p/P200183634
P200183626,"",,,"침대/매트리스","","",https://living.hyundailivart.co.kr/p/P200183626
P200183604,"",,,"침대/매트리스","","",https://living.hyundailivart.co.kr/p/P200183604
P200183600,"",,,"침대/매트리스","","",https://living.hyundailivart.co.kr/p/P200183600
P200183596,"",,,"침대/매트리스","","",https://living.hyundailivart.co.kr/p/P200183596
P200183592,"",,,"침대/매트리스","","",https://living.hyundailivart.co.kr/p/P200183592
P200183588,"",,,"침대/매트리스","","",https://living.hyundailivart.co.kr/p/P200183588
P200183584,"",,,"침대/매트리스","","",https://living.hyundailivart.co.kr/p/P200183584
P200183580,"",,,"침대/매트리스","","",https://living.hyundailivart.co.kr/p/P200183580
P200183576,"",,,"침대/매트리스","","",https://living.hyundailivart.co.kr/p/P200183576
P200183572,"",,,"침대/매트리스","","",https://living.hyundailivart.co.kr/p/P200183572
P200183569,"",,,"침대/매트리스","","",https://living.hyundailivart.co.kr/p/P200183569
P200176343,"",,,"키즈/주니어","","",https://living.hyundailivart.co.kr/p/P200176343
P200170107,"",,,"침대/매트리스","","",https://living.hyundailivart.co.kr/p/P200170107
P200169710,"",,,"침대/매트리스","","",https://living.hyundailivart.co.kr/p/P200169710
P200157276,"",,,"키즈/주니어","","",https://living.hyundailivart.co.kr/p/P200157276
P200134174,"",,,"침대/매트리스","","",https://living.hyundailivart.co.kr/p/P200134174
P200134159,"",,,"침대/매트리스","","",https://living.hyundailivart.co.kr/p/P200134159
P200129389,"",,,"키즈/주니어","","",https://living.hyundailivart.co.kr/p/P200129389
P200103593,"",,,"침대/매트리스","","",https://living.hyundailivart.co.kr/p/P200103593
P200100808,"",,,"침대/매트리스","","",https://living.hyundailivart.co.kr/p/P200100808
P200040833,"",,,"침대/매트리스","","",https://living.hyundailivart.co.kr/p/P200040833
P200024882,"",,,"키즈/주니어","","",https://living.hyundailivart.co.kr/p/P200024882
P200024857,"",,,"키즈/주니어","","",https://living.hyundailivart.co.kr/p/P200024857
P200021798,"",,,"침대/매트리스","","",https://living.hyundailivart.co.kr/p/P200021798
P200021101,"",,,"침대/매트리스","","",https://living.hyundailivart.co.kr/p/P200021101
P200018242,"",,,"침대/매트리스","","",https://living.hyundailivart.co.kr/p/P200018242
P100032300,"",,,"침대/매트리스","","",https://living.hyundailivart.co.kr/p/P100032300
P100029719,"",,,"침대/매트리스","","",https://living.hyundailivart.co.kr/p/P100029719
P100028069,"",,,"침대/매트리스","","",https://living.hyundailivart.co.kr/p/P100028069
P100028052,"",,,"침대/매트리스","","",https://living.hyundailivart.co.kr/p/P100028052
P100027720,"",,,"침대/매트리스","","",https://living.hyundailivart.co.kr/p/P100027720
P100026904,"",,,"키즈/주니어","","",https://living.hyundailivart.co.kr/p/P100026904
P100026892,"",,,"키즈/주니어","","",https://living.hyundailivart.co.kr/p/P100026892
P100026101,"",,,"침대/매트리스","","",https://living.hyundailivart.co.kr/p/P100026101
P100026031,"",,,"침대/매트리스","","",https://living.hyundailivart.co.kr/p/P100026031
P100025405,"",,,"침대/매트리스","","",https://living.hyundailivart.co.kr/p/P100025405
P100024592,"",,,"침대/매트리스","","",https://living.hyundailivart.co.kr/p/P100024592
P100024589,"",,,"침대/매트리스","","",https://living.hyundailivart.co.kr/p/P100024589
P100023603,"",,,"침대/매트리스","","",https://living.hyundailivart.co.kr/p/P100023603
P100023585,"",,,"침대/매트리스","","",https://living.hyundailivart.co.kr/p/P100023585
P100016115,"",,,"키즈/주니어","","",https://living.hyundailivart.co.kr/p/P100016115
P200185415,"",,,"옷장/드레스룸","","",https://living.hyundailivart.co.kr/p/P200185415
P200185414,"",,,"옷장/드레스룸","","",https://living.hyundailivart.co.kr/p/P200185414
P200185413,"",,,"옷장/드레스룸","","",https://living.hyundailivart.co.kr/p/P200185413
P200185412,"",,,"옷장/드레스룸","","",https://living.hyundailivart.co.kr/p/P200185412
P200131699,"",,,"옷장/드레스룸","","",https://living.hyundailivart.co.kr/p/P200131699
P100033661,"",,,"옷장/드레스룸","","",https://living.hyundailivart.co.kr/p/P100033661
P200131727,"",,,"옷장/드레스룸","","",https://living.hyundailivart.co.kr/p/P200131727
P200124759,"",,,"옷장/드레스룸","","",https://living.hyundailivart.co.kr/p/P200124759
P200130611,"",,,"옷장/드레스룸","","",https://living.hyundailivart.co.kr/p/P200130611
P100026374,"",,,"옷장/드레스룸","","",https://living.hyundailivart.co.kr/p/P100026374
P200136471,"",,,"옷장/드레스룸","","",https://living.hyundailivart.co.kr/p/P200136471
P100031728,"",,,"옷장/드레스룸","","",https://living.hyundailivart.co.kr/p/P100031728
P100026384,"",,,"옷장/드레스룸","","",https://living.hyundailivart.co.kr/p/P100026384
P100026725,"",,,"옷장/드레스룸","","",https://living.hyundailivart.co.kr/p/P100026725
P100031719,"",,,"옷장/드레스룸","","",https://living.hyundailivart.co.kr/p/P100031719
P200124760,"",,,"옷장/드레스룸","","",https://living.hyundailivart.co.kr/p/P200124760
P100033985,"",,,"옷장/드레스룸","","",https://living.hyundailivart.co.kr/p/P100033985
P100032026,"",,,"옷장/드레스룸","","",https://living.hyundailivart.co.kr/p/P100032026
P100032107,"",,,"옷장/드레스룸","","",https://living.hyundailivart.co.kr/p/P100032107
P100032078,"",,,"옷장/드레스룸","","",https://living.hyundailivart.co.kr/p/P100032078
P200124761,"",,,"옷장/드레스룸","","",https://living.hyundailivart.co.kr/p/P200124761
P100033828,"",,,"옷장/드레스룸","","",https://living.hyundailivart.co.kr/p/P100033828
P200136472,"",,,"옷장/드레스룸","","",https://living.hyundailivart.co.kr/p/P200136472
P100026380,"",,,"옷장/드레스룸","","",https://living.hyundailivart.co.kr/p/P100026380
P100032116,"",,,"옷장/드레스룸","","",https://living.hyundailivart.co.kr/p/P100032116
P100032062,"",,,"옷장/드레스룸","","",https://living.hyundailivart.co.kr/p/P100032062
P200198879,"",,,"옷장/드레스룸","","",https://living.hyundailivart.co.kr/p/P200198879
P100032005,"",,,"옷장/드레스룸","","",https://living.hyundailivart.co.kr/p/P100032005
P200199490,"",,,"옷장/드레스룸","","",https://living.hyundailivart.co.kr/p/P200199490
P100032012,"",,,"옷장/드레스룸","","",https://living.hyundailivart.co.kr/p/P100032012
P100032070,"",,,"옷장/드레스룸","","",https://living.hyundailivart.co.kr/p/P100032070
P200124765,"",,,"옷장/드레스룸","","",https://living.hyundailivart.co.kr/p/P200124765
P100027615,"",,,"옷장/드레스룸","","",https://living.hyundailivart.co.kr/p/P100027615
P100033818,"",,,"옷장/드레스룸","","",https://living.hyundailivart.co.kr/p/P100033818
P100032083,"",,,"옷장/드레스룸","","",https://living.hyundailivart.co.kr/p/P100032083
P200131708,"",,,"옷장/드레스룸","","",https://living.hyundailivart.co.kr/p/P200131708
P200189118,"",,,"옷장/드레스룸","","",https://living.hyundailivart.co.kr/p/P200189118
P200184180,"",,,"옷장/드레스룸","","",https://living.hyundailivart.co.kr/p/P200184180
P100027624,"",,,"옷장/드레스룸","","",https://living.hyundailivart.co.kr/p/P100027624
P100032088,"",,,"옷장/드레스룸","","",https://living.hyundailivart.co.kr/p/P100032088
P200124758,"",,,"옷장/드레스룸","","",https://living.hyundailivart.co.kr/p/P200124758
P100034037,"",,,"옷장/드레스룸","","",https://living.hyundailivart.co.kr/p/P100034037
P100032067,"",,,"옷장/드레스룸","","",https://living.hyundailivart.co.kr/p/P100032067
P200124768,"",,,"옷장/드레스룸","","",https://living.hyundailivart.co.kr/p/P200124768
P100033836,"",,,"옷장/드레스룸","","",https://living.hyundailivart.co.kr/p/P100033836
P200131713,"",,,"옷장/드레스룸","","",https://living.hyundailivart.co.kr/p/P200131713
P100033909,"",,,"옷장/드레스룸","","",https://living.hyundailivart.co.kr/p/P100033909
P100023928,"",,,"옷장/드레스룸","","",https://living.hyundailivart.co.kr/p/P100023928
P200124771,"",,,"옷장/드레스룸","","",https://living.hyundailivart.co.kr/p/P200124771
P200152097,"",,,"옷장/드레스룸","","",https://living.hyundailivart.co.kr/p/P200152097
P100033892,"",,,"옷장/드레스룸","","",https://living.hyundailivart.co.kr/p/P100033892
P200131735,"",,,"옷장/드레스룸","","",https://living.hyundailivart.co.kr/p/P200131735
P200198878,"",,,"옷장/드레스룸","","",https://living.hyundailivart.co.kr/p/P200198878
P100026438,"",,,"옷장/드레스룸","","",https://living.hyundailivart.co.kr/p/P100026438
P100032100,"",,,"옷장/드레스룸","","",https://living.hyundailivart.co.kr/p/P100032100
P100032042,"",,,"옷장/드레스룸","","",https://living.hyundailivart.co.kr/p/P100032042
P200124769,"",,,"옷장/드레스룸","","",https://living.hyundailivart.co.kr/p/P200124769
P200196330,"",,,"수납장/서랍장","","",https://living.hyundailivart.co.kr/p/P200196330
P200124767,"",,,"옷장/드레스룸","","",https://living.hyundailivart.co.kr/p/P200124767
P200199489,"",,,"옷장/드레스룸","","",https://living.hyundailivart.co.kr/p/P200199489
P200198877,"",,,"옷장/드레스룸","","",https://living.hyundailivart.co.kr/p/P200198877
P100026444,"",,,"옷장/드레스룸","","",https://living.hyundailivart.co.kr/p/P100026444
P100032075,"",,,"옷장/드레스룸","","",https://living.hyundailivart.co.kr/p/P100032075
P100034505,"",,,"옷장/드레스룸","","",https://living.hyundailivart.co.kr/p/P100034505
P100026678,"",,,"옷장/드레스룸","","",https://living.hyundailivart.co.kr/p/P100026678
P200124763,"",,,"옷장/드레스룸","","",https://living.hyundailivart.co.kr/p/P200124763
P200084853,"",,,"옷장/드레스룸","","",https://living.hyundailivart.co.kr/p/P200084853
P100030839,"",,,"키즈/주니어","","",https://living.hyundailivart.co.kr/p/P100030839
P200152119,"",,,"옷장/드레스룸","","",https://living.hyundailivart.co.kr/p/P200152119
P200130609,"",,,"옷장/드레스룸","","",https://living.hyundailivart.co.kr/p/P200130609
P100032052,"",,,"옷장/드레스룸","","",https://living.hyundailivart.co.kr/p/P100032052
P100026440,"",,,"옷장/드레스룸","","",https://living.hyundailivart.co.kr/p/P100026440
P100033898,"",,,"옷장/드레스룸","","",https://living.hyundailivart.co.kr/p/P100033898
P200124762,"",,,"옷장/드레스룸","","",https://living.hyundailivart.co.kr/p/P200124762
P200124867,"",,,"옷장/드레스룸","","",https://living.hyundailivart.co.kr/p/P200124867
P200125167,"",,,"옷장/드레스룸","","",https://living.hyundailivart.co.kr/p/P200125167
P200134085,"",,,"옷장/드레스룸","","",https://living.hyundailivart.co.kr/p/P200134085
P200129284,"",,,"옷장/드레스룸","","",https://living.hyundailivart.co.kr/p/P200129284
P200143241,"",,,"키즈/주니어","","",https://living.hyundailivart.co.kr/p/P200143241
P200156367,"",,,"옷장/드레스룸","","",https://living.hyundailivart.co.kr/p/P200156367
P200125169,"",,,"옷장/드레스룸","","",https://living.hyundailivart.co.kr/p/P200125169
P100034133,"",,,"옷장/드레스룸","","",https://living.hyundailivart.co.kr/p/P100034133
P200156365,"",,,"옷장/드레스룸","","",https://living.hyundailivart.co.kr/p/P200156365
P200125168,"",,,"옷장/드레스룸","","",https://living.hyundailivart.co.kr/p/P200125168
P100030005,"",,,"옷장/드레스룸","","",https://living.hyundailivart.co.kr/p/P100030005
P200153990,"",,,"옷장/드레스룸","","",https://living.hyundailivart.co.kr/p/P200153990
P200202815,"",,,"옷장/드레스룸","","",https://living.hyundailivart.co.kr/p/P200202815
P200202814,"",,,"옷장/드레스룸","","",https://living.hyundailivart.co.kr/p/P200202814
P200199504,"",,,"옷장/드레스룸","","",https://living.hyundailivart.co.kr/p/P200199504
P200199488,"",,,"옷장/드레스룸","","",https://living.hyundailivart.co.kr/p/P200199488
P200198888,"",,,"옷장/드레스룸","","",https://living.hyundailivart.co.kr/p/P200198888
P200198886,"",,,"옷장/드레스룸","","",https://living.hyundailivart.co.kr/p/P200198886
P200198885,"",,,"옷장/드레스룸","","",https://living.hyundailivart.co.kr/p/P200198885
P200198884,"",,,"옷장/드레스룸","","",https://living.hyundailivart.co.kr/p/P200198884
P200198882,"",,,"옷장/드레스룸","","",https://living.hyundailivart.co.kr/p/P200198882
P200198880,"",,,"옷장/드레스룸","","",https://living.hyundailivart.co.kr/p/P200198880
P200198876,"",,,"옷장/드레스룸","","",https://living.hyundailivart.co.kr/p/P200198876
P200198793,"",,,"옷장/드레스룸","","",https://living.hyundailivart.co.kr/p/P200198793
P200198036,"",,,"옷장/드레스룸","","",https://living.hyundailivart.co.kr/p/P200198036
P200198029,"",,,"옷장/드레스룸","","",https://living.hyundailivart.co.kr/p/P200198029
P200198026,"",,,"옷장/드레스룸","","",https://living.hyundailivart.co.kr/p/P200198026
P200198023,"",,,"옷장/드레스룸","","",https://living.hyundailivart.co.kr/p/P200198023
P200197342,"",,,"수납장/서랍장","","",https://living.hyundailivart.co.kr/p/P200197342
P200196754,"",,,"옷장/드레스룸","","",https://living.hyundailivart.co.kr/p/P200196754
P200196666,"",,,"옷장/드레스룸","","",https://living.hyundailivart.co.kr/p/P200196666
P200196665,"",,,"옷장/드레스룸","","",https://living.hyundailivart.co.kr/p/P200196665
P200196664,"",,,"옷장/드레스룸","","",https://living.hyundailivart.co.kr/p/P200196664
P200196663,"",,,"옷장/드레스룸","","",https://living.hyundailivart.co.kr/p/P200196663
P200196662,"",,,"옷장/드레스룸","","",https://living.hyundailivart.co.kr/p/P200196662
P200196661,"",,,"옷장/드레스룸","","",https://living.hyundailivart.co.kr/p/P200196661
P200196660,"",,,"옷장/드레스룸","","",https://living.hyundailivart.co.kr/p/P200196660
P200196659,"",,,"옷장/드레스룸","","",https://living.hyundailivart.co.kr/p/P200196659
P200195920,"",,,"옷장/드레스룸","","",https://living.hyundailivart.co.kr/p/P200195920
P200195877,"",,,"옷장/드레스룸","","",https://living.hyundailivart.co.kr/p/P200195877
P200195872,"",,,"옷장/드레스룸","","",https://living.hyundailivart.co.kr/p/P200195872
P200195869,"",,,"옷장/드레스룸","","",https://living.hyundailivart.co.kr/p/P200195869
P200195866,"",,,"옷장/드레스룸","","",https://living.hyundailivart.co.kr/p/P200195866
P200195863,"",,,"옷장/드레스룸","","",https://living.hyundailivart.co.kr/p/P200195863
P200195860,"",,,"옷장/드레스룸","","",https://living.hyundailivart.co.kr/p/P200195860
P200195857,"",,,"옷장/드레스룸","","",https://living.hyundailivart.co.kr/p/P200195857
P200189117,"",,,"옷장/드레스룸","","",https://living.hyundailivart.co.kr/p/P200189117
P200189107,"",,,"옷장/드레스룸","","",https://living.hyundailivart.co.kr/p/P200189107
P200189099,"",,,"옷장/드레스룸","","",https://living.hyundailivart.co.kr/p/P200189099
P200188416,"",,,"옷장/드레스룸","","",https://living.hyundailivart.co.kr/p/P200188416
P200188415,"",,,"옷장/드레스룸","","",https://living.hyundailivart.co.kr/p/P200188415
P200188414,"",,,"옷장/드레스룸","","",https://living.hyundailivart.co.kr/p/P200188414
P200188413,"",,,"옷장/드레스룸","","",https://living.hyundailivart.co.kr/p/P200188413
P200188410,"",,,"옷장/드레스룸","","",https://living.hyundailivart.co.kr/p/P200188410
P200184746,"",,,"옷장/드레스룸","","",https://living.hyundailivart.co.kr/p/P200184746
P200184741,"",,,"옷장/드레스룸","","",https://living.hyundailivart.co.kr/p/P200184741
P200184732,"",,,"옷장/드레스룸","","",https://living.hyundailivart.co.kr/p/P200184732
P200184216,"",,,"옷장/드레스룸","","",https://living.hyundailivart.co.kr/p/P200184216
P200184194,"",,,"옷장/드레스룸","","",https://living.hyundailivart.co.kr/p/P200184194
P200172915,"",,,"옷장/드레스룸","","",https://living.hyundailivart.co.kr/p/P200172915
P200152123,"",,,"옷장/드레스룸","","",https://living.hyundailivart.co.kr/p/P200152123
P200152122,"",,,"옷장/드레스룸","","",https://living.hyundailivart.co.kr/p/P200152122
P200152110,"",,,"옷장/드레스룸","","",https://living.hyundailivart.co.kr/p/P200152110
P200152107,"",,,"옷장/드레스룸","","",https://living.hyundailivart.co.kr/p/P200152107
P200152104,"",,,"옷장/드레스룸","","",https://living.hyundailivart.co.kr/p/P200152104
P200152100,"",,,"옷장/드레스룸","","",https://living.hyundailivart.co.kr/p/P200152100
P200152094,"",,,"옷장/드레스룸","","",https://living.hyundailivart.co.kr/p/P200152094
P200140364,"",,,"옷장/드레스룸","","",https://living.hyundailivart.co.kr/p/P200140364
P200140351,"",,,"옷장/드레스룸","","",https://living.hyundailivart.co.kr/p/P200140351
P200140320,"",,,"옷장/드레스룸","","",https://living.hyundailivart.co.kr/p/P200140320
P200137713,"",,,"옷장/드레스룸","","",https://living.hyundailivart.co.kr/p/P200137713
P200132340,"",,,"옷장/드레스룸","","",https://living.hyundailivart.co.kr/p/P200132340
P200131785,"",,,"옷장/드레스룸","","",https://living.hyundailivart.co.kr/p/P200131785
P200131778,"",,,"옷장/드레스룸","","",https://living.hyundailivart.co.kr/p/P200131778
P200131718,"",,,"옷장/드레스룸","","",https://living.hyundailivart.co.kr/p/P200131718
P200130612,"",,,"옷장/드레스룸","","",https://living.hyundailivart.co.kr/p/P200130612
P200130610,"",,,"옷장/드레스룸","","",https://living.hyundailivart.co.kr/p/P200130610
P200129287,"",,,"옷장/드레스룸","","",https://living.hyundailivart.co.kr/p/P200129287
P200129286,"",,,"옷장/드레스룸","","",https://living.hyundailivart.co.kr/p/P200129286
P200129285,"",,,"옷장/드레스룸","","",https://living.hyundailivart.co.kr/p/P200129285
P200124778,"",,,"옷장/드레스룸","","",https://living.hyundailivart.co.kr/p/P200124778
P200124777,"",,,"옷장/드레스룸","","",https://living.hyundailivart.co.kr/p/P200124777
P200124776,"",,,"옷장/드레스룸","","",https://living.hyundailivart.co.kr/p/P200124776
P200124775,"",,,"옷장/드레스룸","","",https://living.hyundailivart.co.kr/p/P200124775
P200124774,"",,,"옷장/드레스룸","","",https://living.hyundailivart.co.kr/p/P200124774
P200124773,"",,,"옷장/드레스룸","","",https://living.hyundailivart.co.kr/p/P200124773
P200124772,"",,,"옷장/드레스룸","","",https://living.hyundailivart.co.kr/p/P200124772
P200124770,"",,,"옷장/드레스룸","","",https://living.hyundailivart.co.kr/p/P200124770
P200124766,"",,,"옷장/드레스룸","","",https://living.hyundailivart.co.kr/p/P200124766
P200124764,"",,,"옷장/드레스룸","","",https://living.hyundailivart.co.kr/p/P200124764
P200107005,"",,,"옷장/드레스룸","","",https://living.hyundailivart.co.kr/p/P200107005
P200107003,"",,,"옷장/드레스룸","","",https://living.hyundailivart.co.kr/p/P200107003
P200096072,"",,,"옷장/드레스룸","","",https://living.hyundailivart.co.kr/p/P200096072
P200095297,"",,,"옷장/드레스룸","","",https://living.hyundailivart.co.kr/p/P200095297
P200022958,"",,,"키즈/주니어","","",https://living.hyundailivart.co.kr/p/P200022958
P200019742,"",,,"옷장/드레스룸","","",https://living.hyundailivart.co.kr/p/P200019742
P200019698,"",,,"옷장/드레스룸","","",https://living.hyundailivart.co.kr/p/P200019698
P200019695,"",,,"옷장/드레스룸","","",https://living.hyundailivart.co.kr/p/P200019695
P200019620,"",,,"옷장/드레스룸","","",https://living.hyundailivart.co.kr/p/P200019620
P200019368,"",,,"옷장/드레스룸","","",https://living.hyundailivart.co.kr/p/P200019368
P200019343,"",,,"옷장/드레스룸","","",https://living.hyundailivart.co.kr/p/P200019343
P200017116,"",,,"옷장/드레스룸","","",https://living.hyundailivart.co.kr/p/P200017116
P200015410,"",,,"옷장/드레스룸","","",https://living.hyundailivart.co.kr/p/P200015410
P100034016,"",,,"옷장/드레스룸","","",https://living.hyundailivart.co.kr/p/P100034016
P100033912,"",,,"옷장/드레스룸","","",https://living.hyundailivart.co.kr/p/P100033912
P100032093,"",,,"옷장/드레스룸","","",https://living.hyundailivart.co.kr/p/P100032093
P100032057,"",,,"옷장/드레스룸","","",https://living.hyundailivart.co.kr/p/P100032057
P100032047,"",,,"옷장/드레스룸","","",https://living.hyundailivart.co.kr/p/P100032047
P100032019,"",,,"옷장/드레스룸","","",https://living.hyundailivart.co.kr/p/P100032019
P100031702,"",,,"옷장/드레스룸","","",https://living.hyundailivart.co.kr/p/P100031702
P100031672,"",,,"옷장/드레스룸","","",https://living.hyundailivart.co.kr/p/P100031672
P100031246,"",,,"옷장/드레스룸","","",https://living.hyundailivart.co.kr/p/P100031246
P100030533,"",,,"옷장/드레스룸","","",https://living.hyundailivart.co.kr/p/P100030533
P100029894,"",,,"옷장/드레스룸","","",https://living.hyundailivart.co.kr/p/P100029894
P100029581,"",,,"옷장/드레스룸","","",https://living.hyundailivart.co.kr/p/P100029581
P100028217,"",,,"옷장/드레스룸","","",https://living.hyundailivart.co.kr/p/P100028217
P100028190,"",,,"옷장/드레스룸","","",https://living.hyundailivart.co.kr/p/P100028190
P100028131,"",,,"옷장/드레스룸","","",https://living.hyundailivart.co.kr/p/P100028131
P100027844,"",,,"옷장/드레스룸","","",https://living.hyundailivart.co.kr/p/P100027844
P100027621,"",,,"옷장/드레스룸","","",https://living.hyundailivart.co.kr/p/P100027621
P100027612,"",,,"옷장/드레스룸","","",https://living.hyundailivart.co.kr/p/P100027612
P100027609,"",,,"옷장/드레스룸","","",https://living.hyundailivart.co.kr/p/P100027609
P100027044,"",,,"옷장/드레스룸","","",https://living.hyundailivart.co.kr/p/P100027044
P100027043,"",,,"옷장/드레스룸","","",https://living.hyundailivart.co.kr/p/P100027043
P100027042,"",,,"옷장/드레스룸","","",https://living.hyundailivart.co.kr/p/P100027042
P100027041,"",,,"옷장/드레스룸","","",https://living.hyundailivart.co.kr/p/P100027041
P100027040,"",,,"옷장/드레스룸","","",https://living.hyundailivart.co.kr/p/P100027040
P100027039,"",,,"옷장/드레스룸","","",https://living.hyundailivart.co.kr/p/P100027039
P100027038,"",,,"옷장/드레스룸","","",https://living.hyundailivart.co.kr/p/P100027038
P100027037,"",,,"옷장/드레스룸","","",https://living.hyundailivart.co.kr/p/P100027037
P100027036,"",,,"옷장/드레스룸","","",https://living.hyundailivart.co.kr/p/P100027036
P100027035,"",,,"옷장/드레스룸","","",https://living.hyundailivart.co.kr/p/P100027035
P100026686,"",,,"옷장/드레스룸","","",https://living.hyundailivart.co.kr/p/P100026686
P100026685,"",,,"옷장/드레스룸","","",https://living.hyundailivart.co.kr/p/P100026685
P100026684,"",,,"옷장/드레스룸","","",https://living.hyundailivart.co.kr/p/P100026684
P100026682,"",,,"옷장/드레스룸","","",https://living.hyundailivart.co.kr/p/P100026682
P100026677,"",,,"옷장/드레스룸","","",https://living.hyundailivart.co.kr/p/P100026677
P100026676,"",,,"옷장/드레스룸","","",https://living.hyundailivart.co.kr/p/P100026676
P100026671,"",,,"옷장/드레스룸","","",https://living.hyundailivart.co.kr/p/P100026671
P100026669,"",,,"옷장/드레스룸","","",https://living.hyundailivart.co.kr/p/P100026669
P100026442,"",,,"옷장/드레스룸","","",https://living.hyundailivart.co.kr/p/P100026442
P100026436,"",,,"옷장/드레스룸","","",https://living.hyundailivart.co.kr/p/P100026436
P100026435,"",,,"옷장/드레스룸","","",https://living.hyundailivart.co.kr/p/P100026435
P100023929,"",,,"옷장/드레스룸","","",https://living.hyundailivart.co.kr/p/P100023929
P100023904,"",,,"옷장/드레스룸","","",https://living.hyundailivart.co.kr/p/P100023904
P100023903,"",,,"옷장/드레스룸","","",https://living.hyundailivart.co.kr/p/P100023903
P100023902,"",,,"옷장/드레스룸","","",https://living.hyundailivart.co.kr/p/P100023902
P200194159,"",,,"마이스터 컬렉션","","",https://living.hyundailivart.co.kr/p/P200194159
P100034245,"",,,"수납장/서랍장","","",https://living.hyundailivart.co.kr/p/P100034245
P100034249,"",,,"수납장/서랍장","","",https://living.hyundailivart.co.kr/p/P100034249
P100024610,"",,,"화장대/거울/스툴","","",https://living.hyundailivart.co.kr/p/P100024610
P200044441,"",,,"화장대/거울/스툴","","",https://living.hyundailivart.co.kr/p/P200044441
P100016436,"",,,"화장대/거울/스툴","","",https://living.hyundailivart.co.kr/p/P100016436
P100031575,"",,,"화장대/거울/스툴","","",https://living.hyundailivart.co.kr/p/P100031575
P200127886,"",,,"화장대/거울/스툴","","",https://living.hyundailivart.co.kr/p/P200127886
P200127882,"",,,"화장대/거울/스툴","","",https://living.hyundailivart.co.kr/p/P200127882
P100032141,"",,,"화장대/거울/스툴","","",https://living.hyundailivart.co.kr/p/P100032141
P200100804,"",,,"화장대/거울/스툴","","",https://living.hyundailivart.co.kr/p/P200100804
P100024611,"",,,"화장대/거울/스툴","","",https://living.hyundailivart.co.kr/p/P100024611
P100031548,"",,,"화장대/거울/스툴","","",https://living.hyundailivart.co.kr/p/P100031548
P200198546,"",,,"화장대/거울/스툴","","",https://living.hyundailivart.co.kr/p/P200198546
P100013422,"",,,"화장대/거울/스툴","","",https://living.hyundailivart.co.kr/p/P100013422
P100018558,"",,,"화장대/거울/스툴","","",https://living.hyundailivart.co.kr/p/P100018558
P100034241,"",,,"수납장/서랍장","","",https://living.hyundailivart.co.kr/p/P100034241
P200188464,"",,,"화장대/거울/스툴","","",https://living.hyundailivart.co.kr/p/P200188464
P100034238,"",,,"화장대/거울/스툴","","",https://living.hyundailivart.co.kr/p/P100034238
P200044486,"",,,"화장대/거울/스툴","","",https://living.hyundailivart.co.kr/p/P200044486
P100031658,"",,,"화장대/거울/스툴","","",https://living.hyundailivart.co.kr/p/P100031658
P100024606,"",,,"화장대/거울/스툴","","",https://living.hyundailivart.co.kr/p/P100024606
P100024608,"",,,"화장대/거울/스툴","","",https://living.hyundailivart.co.kr/p/P100024608
P200198549,"",,,"화장대/거울/스툴","","",https://living.hyundailivart.co.kr/p/P200198549
P200127894,"",,,"화장대/거울/스툴","","",https://living.hyundailivart.co.kr/p/P200127894
P200095426,"",,,"화장대/거울/스툴","","",https://living.hyundailivart.co.kr/p/P200095426
P100031547,"",,,"화장대/거울/스툴","","",https://living.hyundailivart.co.kr/p/P100031547
P200083056,"",,,"화장대/거울/스툴","","",https://living.hyundailivart.co.kr/p/P200083056
P200188467,"",,,"화장대/거울/스툴","","",https://living.hyundailivart.co.kr/p/P200188467
P200146446,"",,,"화장대/거울/스툴","","",https://living.hyundailivart.co.kr/p/P200146446
P200198552,"",,,"화장대/거울/스툴","","",https://living.hyundailivart.co.kr/p/P200198552
P200164910,"",,,"화장대/거울/스툴","","",https://living.hyundailivart.co.kr/p/P200164910
P200164452,"",,,"화장대/거울/스툴","","",https://living.hyundailivart.co.kr/p/P200164452
P200146445,"",,,"화장대/거울/스툴","","",https://living.hyundailivart.co.kr/p/P200146445
P200127888,"",,,"화장대/거울/스툴","","",https://living.hyundailivart.co.kr/p/P200127888
P200106397,"",,,"화장대/거울/스툴","","",https://living.hyundailivart.co.kr/p/P200106397
P200082753,"",,,"수납장/서랍장","","",https://living.hyundailivart.co.kr/p/P200082753
P200035815,"",,,"화장대/거울/스툴","","",https://living.hyundailivart.co.kr/p/P200035815
P100040055,"",,,"화장대/거울/스툴","","",https://living.hyundailivart.co.kr/p/P100040055
P100040040,"",,,"화장대/거울/스툴","","",https://living.hyundailivart.co.kr/p/P100040040
P100034235,"",,,"화장대/거울/스툴","","",https://living.hyundailivart.co.kr/p/P100034235
P100032153,"",,,"화장대/거울/스툴","","",https://living.hyundailivart.co.kr/p/P100032153
P100031669,"",,,"화장대/거울/스툴","","",https://living.hyundailivart.co.kr/p/P100031669
P100031656,"",,,"화장대/거울/스툴","","",https://living.hyundailivart.co.kr/p/P100031656
P100031651,"",,,"화장대/거울/스툴","","",https://living.hyundailivart.co.kr/p/P100031651
P100031546,"",,,"화장대/거울/스툴","","",https://living.hyundailivart.co.kr/p/P100031546
P100024603,"",,,"화장대/거울/스툴","","",https://living.hyundailivart.co.kr/p/P100024603
P100023661,"",,,"화장대/거울/스툴","","",https://living.hyundailivart.co.kr/p/P100023661
P200191129,"",,,"마이스터 컬렉션","","",https://living.hyundailivart.co.kr/p/P200191129
P200191128,"",,,"마이스터 컬렉션","","",https://living.hyundailivart.co.kr/p/P200191128
P200191127,"",,,"마이스터 컬렉션","","",https://living.hyundailivart.co.kr/p/P200191127
P200161205,"",,,"마이스터 컬렉션","","",https://living.hyundailivart.co.kr/p/P200161205
P100026447,"",,,"수납장/서랍장","","",https://living.hyundailivart.co.kr/p/P100026447
P100026448,"",,,"수납장/서랍장","","",https://living.hyundailivart.co.kr/p/P100026448
P200062454,"",,,"수납장/서랍장","","",https://living.hyundailivart.co.kr/p/P200062454
P200064341,"",,,"수납장/서랍장","","",https://living.hyundailivart.co.kr/p/P200064341
P100027423,"",,,"수납장/서랍장","","",https://living.hyundailivart.co.kr/p/P100027423
P100030622,"",,,"수납장/서랍장","","",https://living.hyundailivart.co.kr/p/P100030622
P100040015,"",,,"수납장/서랍장","","",https://living.hyundailivart.co.kr/p/P100040015
P200111367,"",,,"수납장/서랍장","","",https://living.hyundailivart.co.kr/p/P200111367
P200066675,"",,,"수납장/서랍장","","",https://living.hyundailivart.co.kr/p/P200066675
P200198881,"",,,"수납장/서랍장","","",https://living.hyundailivart.co.kr/p/P200198881
P100029349,"",,,"수납장/서랍장","","",https://living.hyundailivart.co.kr/p/P100029349
P100029320,"",,,"수납장/서랍장","","",https://living.hyundailivart.co.kr/p/P100029320
P100029318,"",,,"수납장/서랍장","","",https://living.hyundailivart.co.kr/p/P100029318
P100026445,"",,,"수납장/서랍장","","",https://living.hyundailivart.co.kr/p/P100026445
P200058040,"",,,"수납장/서랍장","","",https://living.hyundailivart.co.kr/p/P200058040
P200127876,"",,,"수납장/서랍장","","",https://living.hyundailivart.co.kr/p/P200127876
P200044479,"",,,"수납장/서랍장","","",https://living.hyundailivart.co.kr/p/P200044479
P100034253,"",,,"수납장/서랍장","","",https://living.hyundailivart.co.kr/p/P100034253
P200198712,"",,,"수납장/서랍장","","",https://living.hyundailivart.co.kr/p/P200198712
P200054187,"",,,"수납장/서랍장","","",https://living.hyundailivart.co.kr/p/P200054187
P200197343,"",,,"수납장/서랍장","","",https://living.hyundailivart.co.kr/p/P200197343
P100040086,"",,,"수납장/서랍장","","",https://living.hyundailivart.co.kr/p/P100040086
P100029343,"",,,"수납장/서랍장","","",https://living.hyundailivart.co.kr/p/P100029343
P100034256,"",,,"수납장/서랍장","","",https://living.hyundailivart.co.kr/p/P100034256
P100030621,"",,,"수납장/서랍장","","",https://living.hyundailivart.co.kr/p/P100030621
P100031664,"",,,"수납장/서랍장","","",https://living.hyundailivart.co.kr/p/P100031664
P100031421,"",,,"수납장/서랍장","","",https://living.hyundailivart.co.kr/p/P100031421
P200189301,"",,,"키즈/주니어","","",https://living.hyundailivart.co.kr/p/P200189301
P100031659,"",,,"수납장/서랍장","","",https://living.hyundailivart.co.kr/p/P100031659
P200189293,"",,,"키즈/주니어","","",https://living.hyundailivart.co.kr/p/P200189293
P200107473,"",,,"수납장/서랍장","","",https://living.hyundailivart.co.kr/p/P200107473
P200193997,"",,,"수납장/서랍장","","",https://living.hyundailivart.co.kr/p/P200193997
P100024447,"",,,"수납장/서랍장","","",https://living.hyundailivart.co.kr/p/P100024447
P200189292,"",,,"키즈/주니어","","",https://living.hyundailivart.co.kr/p/P200189292
P200189295,"",,,"키즈/주니어","","",https://living.hyundailivart.co.kr/p/P200189295
P200198548,"",,,"수납장/서랍장","","",https://living.hyundailivart.co.kr/p/P200198548
P200198547,"",,,"수납장/서랍장","","",https://living.hyundailivart.co.kr/p/P200198547
P200189302,"",,,"키즈/주니어","","",https://living.hyundailivart.co.kr/p/P200189302
P200189299,"",,,"키즈/주니어","","",https://living.hyundailivart.co.kr/p/P200189299
P200189298,"",,,"키즈/주니어","","",https://living.hyundailivart.co.kr/p/P200189298
P200189296,"",,,"키즈/주니어","","",https://living.hyundailivart.co.kr/p/P200189296
P200173937,"",,,"수납장/서랍장","","",https://living.hyundailivart.co.kr/p/P200173937
P200124456,"",,,"수납장/서랍장","","",https://living.hyundailivart.co.kr/p/P200124456
P200124450,"",,,"수납장/서랍장","","",https://living.hyundailivart.co.kr/p/P200124450
P200110143,"",,,"수납장/서랍장","","",https://living.hyundailivart.co.kr/p/P200110143
P200091717,"",,,"수납장/서랍장","","",https://living.hyundailivart.co.kr/p/P200091717
P200091716,"",,,"수납장/서랍장","","",https://living.hyundailivart.co.kr/p/P200091716
P200044482,"",,,"수납장/서랍장","","",https://living.hyundailivart.co.kr/p/P200044482
P200040834,"",,,"수납장/서랍장","","",https://living.hyundailivart.co.kr/p/P200040834
P200040832,"",,,"수납장/서랍장","","",https://living.hyundailivart.co.kr/p/P200040832
P200040831,"",,,"수납장/서랍장","","",https://living.hyundailivart.co.kr/p/P200040831
P100029346,"",,,"수납장/서랍장","","",https://living.hyundailivart.co.kr/p/P100029346
P200191026,"",,,"마이스터 컬렉션","","",https://living.hyundailivart.co.kr/p/P200191026
P200191025,"",,,"마이스터 컬렉션","","",https://living.hyundailivart.co.kr/p/P200191025
P200191024,"",,,"마이스터 컬렉션","","",https://living.hyundailivart.co.kr/p/P200191024
P200185411,"",,,"책상/책장","","",https://living.hyundailivart.co.kr/p/P200185411
P200185410,"",,,"책상/책장","","",https://living.hyundailivart.co.kr/p/P200185410
P200185409,"",,,"책상/책장","","",https://living.hyundailivart.co.kr/p/P200185409
P200185408,"",,,"책상/책장","","",https://living.hyundailivart.co.kr/p/P200185408
P200065198,"",,,"키즈/주니어","","",https://living.hyundailivart.co.kr/p/P200065198
P100001917,"",,,"키즈/주니어","","",https://living.hyundailivart.co.kr/p/P100001917
P200015474,"",,,"책상/책장","","",https://living.hyundailivart.co.kr/p/P200015474
P200079272,"",,,"책상/책장","","",https://living.hyundailivart.co.kr/p/P200079272
P200012390,"",,,"책상/책장","","",https://living.hyundailivart.co.kr/p/P200012390
P200056153,"",,,"책상/책장","","",https://living.hyundailivart.co.kr/p/P200056153
P200012398,"",,,"책상/책장","","",https://living.hyundailivart.co.kr/p/P200012398
P100018586,"",,,"키즈/주니어","","",https://living.hyundailivart.co.kr/p/P100018586
P100001924,"",,,"키즈/주니어","","",https://living.hyundailivart.co.kr/p/P100001924
P100015567,"",,,"키즈/주니어","","",https://living.hyundailivart.co.kr/p/P100015567
P100015307,"",,,"키즈/주니어","","",https://living.hyundailivart.co.kr/p/P100015307
P100022838,"",,,"키즈/주니어","","",https://living.hyundailivart.co.kr/p/P100022838
P200079268,"",,,"책상/책장","","",https://living.hyundailivart.co.kr/p/P200079268
P200012389,"",,,"책상/책장","","",https://living.hyundailivart.co.kr/p/P200012389
P200012415,"",,,"책상/책장","","",https://living.hyundailivart.co.kr/p/P200012415
P100001931,"",,,"키즈/주니어","","",https://living.hyundailivart.co.kr/p/P100001931
P200064234,"",,,"키즈/주니어","","",https://living.hyundailivart.co.kr/p/P200064234
P200102032,"",,,"책상/책장","","",https://living.hyundailivart.co.kr/p/P200102032
P200197046,"",,,"책상/책장","","",https://living.hyundailivart.co.kr/p/P200197046
P200072720,"",,,"책상/책장","","",https://living.hyundailivart.co.kr/p/P200072720
P100022872,"",,,"키즈/주니어","","",https://living.hyundailivart.co.kr/p/P100022872
P200079509,"",,,"책상/책장","","",https://living.hyundailivart.co.kr/p/P200079509
P200065197,"",,,"키즈/주니어","","",https://living.hyundailivart.co.kr/p/P200065197
P200199980,"",,,"책상/책장","","",https://living.hyundailivart.co.kr/p/P200199980
P100025585,"",,,"책상/책장","","",https://living.hyundailivart.co.kr/p/P100025585
P200188208,"",,,"키즈/주니어","","",https://living.hyundailivart.co.kr/p/P200188208
P200079466,"",,,"책상/책장","","",https://living.hyundailivart.co.kr/p/P200079466
P200196536,"",,,"키즈/주니어","","",https://living.hyundailivart.co.kr/p/P200196536
P200079190,"",,,"책상/책장","","",https://living.hyundailivart.co.kr/p/P200079190
P200056146,"",,,"책상/책장","","",https://living.hyundailivart.co.kr/p/P200056146
P100023978,"",,,"키즈/주니어","","",https://living.hyundailivart.co.kr/p/P100023978
P200163714,"",,,"책상/책장","","",https://living.hyundailivart.co.kr/p/P200163714
P100022816,"",,,"키즈/주니어","","",https://living.hyundailivart.co.kr/p/P100022816
P200163800,"",,,"책상/책장","","",https://living.hyundailivart.co.kr/p/P200163800
P200012410,"",,,"책상/책장","","",https://living.hyundailivart.co.kr/p/P200012410
P200163713,"",,,"책상/책장","","",https://living.hyundailivart.co.kr/p/P200163713
P100022863,"",,,"키즈/주니어","","",https://living.hyundailivart.co.kr/p/P100022863
P100015574,"",,,"키즈/주니어","","",https://living.hyundailivart.co.kr/p/P100015574
P100001959,"",,,"키즈/주니어","","",https://living.hyundailivart.co.kr/p/P100001959
P200112067,"",,,"책상/책장","","",https://living.hyundailivart.co.kr/p/P200112067
P200056140,"",,,"책상/책장","","",https://living.hyundailivart.co.kr/p/P200056140
P200163807,"",,,"책상/책장","","",https://living.hyundailivart.co.kr/p/P200163807
P100031340,"",,,"책상/책장","","",https://living.hyundailivart.co.kr/p/P100031340
P200012513,"",,,"책상/책장","","",https://living.hyundailivart.co.kr/p/P200012513
P100024025,"",,,"책상/책장","","",https://living.hyundailivart.co.kr/p/P100024025
P100025557,"",,,"책상/책장","","",https://living.hyundailivart.co.kr/p/P100025557
P100025552,"",,,"책상/책장","","",https://living.hyundailivart.co.kr/p/P100025552
P200199584,"",,,"책상/책장","","",https://living.hyundailivart.co.kr/p/P200199584
P200023006,"",,,"책상/책장","","",https://living.hyundailivart.co.kr/p/P200023006
P200173602,"",,,"책상/책장","","",https://living.hyundailivart.co.kr/p/P200173602
P200163809,"",,,"책상/책장","","",https://living.hyundailivart.co.kr/p/P200163809
P200181618,"",,,"책상/책장","","",https://living.hyundailivart.co.kr/p/P200181618
P100030118,"",,,"책상/책장","","",https://living.hyundailivart.co.kr/p/P100030118
P200199585,"",,,"책상/책장","","",https://living.hyundailivart.co.kr/p/P200199585
P200173603,"",,,"책상/책장","","",https://living.hyundailivart.co.kr/p/P200173603
P200014907,"",,,"책상/책장","","",https://living.hyundailivart.co.kr/p/P200014907
P100030742,"",,,"책상/책장","","",https://living.hyundailivart.co.kr/p/P100030742
P100025582,"",,,"책상/책장","","",https://living.hyundailivart.co.kr/p/P100025582
P200163811,"",,,"책상/책장","","",https://living.hyundailivart.co.kr/p/P200163811
P100014288,"",,,"책상/책장","","",https://living.hyundailivart.co.kr/p/P100014288
P200014903,"",,,"책상/책장","","",https://living.hyundailivart.co.kr/p/P200014903
P200191021,"",,,"책상/책장","","",https://living.hyundailivart.co.kr/p/P200191021
P200014904,"",,,"책상/책장","","",https://living.hyundailivart.co.kr/p/P200014904
P200195463,"",,,"책상/책장","","",https://living.hyundailivart.co.kr/p/P200195463
P200199271,"",,,"책상/책장","","",https://living.hyundailivart.co.kr/p/P200199271
P100026736,"",,,"키즈/주니어","","",https://living.hyundailivart.co.kr/p/P100026736
P200173942,"",,,"책상/책장","","",https://living.hyundailivart.co.kr/p/P200173942
P200191930,"",,,"키즈/주니어","","",https://living.hyundailivart.co.kr/p/P200191930
P200012404,"",,,"책상/책장","","",https://living.hyundailivart.co.kr/p/P200012404
P200199108,"",,,"책상/책장","","",https://living.hyundailivart.co.kr/p/P200199108
P200198955,"",,,"책상/책장","","",https://living.hyundailivart.co.kr/p/P200198955
P100027785,"",,,"책상/책장","","",https://living.hyundailivart.co.kr/p/P100027785
P200079261,"",,,"책상/책장","","",https://living.hyundailivart.co.kr/p/P200079261
P200199581,"",,,"책상/책장","","",https://living.hyundailivart.co.kr/p/P200199581
P200163796,"",,,"책상/책장","","",https://living.hyundailivart.co.kr/p/P200163796
P100027027,"",,,"키즈/주니어","","",https://living.hyundailivart.co.kr/p/P100027027
P200163802,"",,,"책상/책장","","",https://living.hyundailivart.co.kr/p/P200163802
P200079157,"",,,"책상/책장","","",https://living.hyundailivart.co.kr/p/P200079157
P100036319,"",,,"책상/책장","","",https://living.hyundailivart.co.kr/p/P100036319
P200163650,"",,,"책상/책장","","",https://living.hyundailivart.co.kr/p/P200163650
P200191015,"",,,"책상/책장","","",https://living.hyundailivart.co.kr/p/P200191015
P100030705,"",,,"책상/책장","","",https://living.hyundailivart.co.kr/p/P100030705
P200163810,"",,,"책상/책장","","",https://living.hyundailivart.co.kr/p/P200163810
P100030773,"",,,"책상/책장","","",https://living.hyundailivart.co.kr/p/P100030773
P200163806,"",,,"책상/책장","","",https://living.hyundailivart.co.kr/p/P200163806
P200186787,"",,,"책상/책장","","",https://living.hyundailivart.co.kr/p/P200186787
P200187542,"",,,"책상/책장","","",https://living.hyundailivart.co.kr/p/P200187542
P200145518,"",,,"책상/책장","","",https://living.hyundailivart.co.kr/p/P200145518
P100018336,"",,,"키즈/주니어","","",https://living.hyundailivart.co.kr/p/P100018336
P200014905,"",,,"책상/책장","","",https://living.hyundailivart.co.kr/p/P200014905
P100015581,"",,,"키즈/주니어","","",https://living.hyundailivart.co.kr/p/P100015581
P200022993,"",,,"책상/책장","","",https://living.hyundailivart.co.kr/p/P200022993
P100030828,"",,,"책상/책장","","",https://living.hyundailivart.co.kr/p/P100030828
P200012385,"",,,"책상/책장","","",https://living.hyundailivart.co.kr/p/P200012385
P100015082,"",,,"키즈/주니어","","",https://living.hyundailivart.co.kr/p/P100015082
P100025588,"",,,"책상/책장","","",https://living.hyundailivart.co.kr/p/P100025588
P200163649,"",,,"책상/책장","","",https://living.hyundailivart.co.kr/p/P200163649
P200173943,"",,,"책상/책장","","",https://living.hyundailivart.co.kr/p/P200173943
P200173604,"",,,"책상/책장","","",https://living.hyundailivart.co.kr/p/P200173604
P100026745,"",,,"키즈/주니어","","",https://living.hyundailivart.co.kr/p/P100026745
P100014280,"",,,"책상/책장","","",https://living.hyundailivart.co.kr/p/P100014280
P200199281,"",,,"책상/책장","","",https://living.hyundailivart.co.kr/p/P200199281
P200064238,"",,,"키즈/주니어","","",https://living.hyundailivart.co.kr/p/P200064238
P200121333,"",,,"책상/책장","","",https://living.hyundailivart.co.kr/p/P200121333
P200079510,"",,,"책상/책장","","",https://living.hyundailivart.co.kr/p/P200079510
P200191020,"",,,"책상/책장","","",https://living.hyundailivart.co.kr/p/P200191020
P100018246,"",,,"키즈/주니어","","",https://living.hyundailivart.co.kr/p/P100018246
P100030098,"",,,"책상/책장","","",https://living.hyundailivart.co.kr/p/P100030098
P100030110,"",,,"책상/책장","","",https://living.hyundailivart.co.kr/p/P100030110
P100036420,"",,,"책상/책장","","",https://living.hyundailivart.co.kr/p/P100036420
P200199280,"",,,"책상/책장","","",https://living.hyundailivart.co.kr/p/P200199280
P200012397,"",,,"책상/책장","","",https://living.hyundailivart.co.kr/p/P200012397
P200199277,"",,,"책상/책장","","",https://living.hyundailivart.co.kr/p/P200199277
P100025577,"",,,"책상/책장","","",https://living.hyundailivart.co.kr/p/P100025577
P100030114,"",,,"책상/책장","","",https://living.hyundailivart.co.kr/p/P100030114
P100030853,"",,,"키즈/주니어","","",https://living.hyundailivart.co.kr/p/P100030853
P200133524,"",,,"책상/책장","","",https://living.hyundailivart.co.kr/p/P200133524
P200163648,"",,,"책상/책장","","",https://living.hyundailivart.co.kr/p/P200163648
P100030633,"",,,"책상/책장","","",https://living.hyundailivart.co.kr/p/P100030633
P200133508,"",,,"책상/책장","","",https://living.hyundailivart.co.kr/p/P200133508
P100025567,"",,,"책상/책장","","",https://living.hyundailivart.co.kr/p/P100025567
P100030725,"",,,"책상/책장","","",https://living.hyundailivart.co.kr/p/P100030725
P200163801,"",,,"책상/책장","","",https://living.hyundailivart.co.kr/p/P200163801
P100025562,"",,,"책상/책장","","",https://living.hyundailivart.co.kr/p/P100025562
P200084266,"",,,"책상/책장","","",https://living.hyundailivart.co.kr/p/P200084266
P100030126,"",,,"책상/책장","","",https://living.hyundailivart.co.kr/p/P100030126
P200163799,"",,,"책상/책장","","",https://living.hyundailivart.co.kr/p/P200163799
P200079260,"",,,"책상/책장","","",https://living.hyundailivart.co.kr/p/P200079260
P100030102,"",,,"책상/책장","","",https://living.hyundailivart.co.kr/p/P100030102
P100030054,"",,,"책상/책장","","",https://living.hyundailivart.co.kr/p/P100030054
P100025639,"",,,"책상/책장","","",https://living.hyundailivart.co.kr/p/P100025639
P200199273,"",,,"책상/책장","","",https://living.hyundailivart.co.kr/p/P200199273
P200163793,"",,,"책상/책장","","",https://living.hyundailivart.co.kr/p/P200163793
P200056159,"",,,"책상/책장","","",https://living.hyundailivart.co.kr/p/P200056159
P100014293,"",,,"책상/책장","","",https://living.hyundailivart.co.kr/p/P100014293
P100014298,"",,,"책상/책장","","",https://living.hyundailivart.co.kr/p/P100014298
P100009883,"",,,"키즈/주니어","","",https://living.hyundailivart.co.kr/p/P100009883
P100030062,"",,,"책상/책장","","",https://living.hyundailivart.co.kr/p/P100030062
P100026760,"",,,"키즈/주니어","","",https://living.hyundailivart.co.kr/p/P100026760
P200014906,"",,,"책상/책장","","",https://living.hyundailivart.co.kr/p/P200014906
P100030789,"",,,"책상/책장","","",https://living.hyundailivart.co.kr/p/P100030789
P200163804,"",,,"책상/책장","","",https://living.hyundailivart.co.kr/p/P200163804
P100031376,"",,,"책상/책장","","",https://living.hyundailivart.co.kr/p/P100031376
P200144639,"",,,"책상/책장","","",https://living.hyundailivart.co.kr/p/P200144639
P200199270,"",,,"책상/책장","","",https://living.hyundailivart.co.kr/p/P200199270
P100030094,"",,,"책상/책장","","",https://living.hyundailivart.co.kr/p/P100030094
P200022894,"",,,"책상/책장","","",https://living.hyundailivart.co.kr/p/P200022894
P100025547,"",,,"책상/책장","","",https://living.hyundailivart.co.kr/p/P100025547
P100031357,"",,,"책상/책장","","",https://living.hyundailivart.co.kr/p/P100031357
P100023991,"",,,"키즈/주니어","","",https://living.hyundailivart.co.kr/p/P100023991
P100023276,"",,,"책상/책장","","",https://living.hyundailivart.co.kr/p/P100023276
P100029486,"",,,"책상/책장","","",https://living.hyundailivart.co.kr/p/P100029486
P200079513,"",,,"책상/책장","","",https://living.hyundailivart.co.kr/p/P200079513
P100022857,"",,,"키즈/주니어","","",https://living.hyundailivart.co.kr/p/P100022857
P200012487,"",,,"책상/책장","","",https://living.hyundailivart.co.kr/p/P200012487
P100024016,"",,,"책상/책장","","",https://living.hyundailivart.co.kr/p/P100024016
P200144637,"",,,"책상/책장","","",https://living.hyundailivart.co.kr/p/P200144637
P200196532,"",,,"책상/책장","","",https://living.hyundailivart.co.kr/p/P200196532
P100026491,"",,,"키즈/주니어","","",https://living.hyundailivart.co.kr/p/P100026491
P200012466,"",,,"책상/책장","","",https://living.hyundailivart.co.kr/p/P200012466
P200178969,"",,,"책상/책장","","",https://living.hyundailivart.co.kr/p/P200178969
P200071784,"",,,"키즈/주니어","","",https://living.hyundailivart.co.kr/p/P200071784
P200176365,"",,,"책상/책장","","",https://living.hyundailivart.co.kr/p/P200176365
P100018350,"",,,"키즈/주니어","","",https://living.hyundailivart.co.kr/p/P100018350
P200163647,"",,,"책상/책장","","",https://living.hyundailivart.co.kr/p/P200163647
P200091724,"",,,"키즈/주니어","","",https://living.hyundailivart.co.kr/p/P200091724
P200151269,"",,,"책상/책장","","",https://living.hyundailivart.co.kr/p/P200151269
P200016634,"",,,"책상/책장","","",https://living.hyundailivart.co.kr/p/P200016634
P200012395,"",,,"책상/책장","","",https://living.hyundailivart.co.kr/p/P200012395
P100023994,"",,,"키즈/주니어","","",https://living.hyundailivart.co.kr/p/P100023994
P200131047,"",,,"책상/책장","","",https://living.hyundailivart.co.kr/p/P200131047
P200163803,"",,,"책상/책장","","",https://living.hyundailivart.co.kr/p/P200163803
P200121361,"",,,"책상/책장","","",https://living.hyundailivart.co.kr/p/P200121361
P200057759,"",,,"책상/책장","","",https://living.hyundailivart.co.kr/p/P200057759
P200015687,"",,,"책상/책장","","",https://living.hyundailivart.co.kr/p/P200015687
P100033409,"",,,"책상/책장","","",https://living.hyundailivart.co.kr/p/P100033409
P200198887,"",,,"책상/책장","","",https://living.hyundailivart.co.kr/p/P200198887
P200197037,"",,,"책상/책장","","",https://living.hyundailivart.co.kr/p/P200197037
P200107670,"",,,"책상/책장","","",https://living.hyundailivart.co.kr/p/P200107670
P200025307,"",,,"책상/책장","","",https://living.hyundailivart.co.kr/p/P200025307
P100024000,"",,,"키즈/주니어","","",https://living.hyundailivart.co.kr/p/P100024000
P200107663,"",,,"책상/책장","","",https://living.hyundailivart.co.kr/p/P200107663
P100023997,"",,,"키즈/주니어","","",https://living.hyundailivart.co.kr/p/P100023997
P200107662,"",,,"책상/책장","","",https://living.hyundailivart.co.kr/p/P200107662
P200107661,"",,,"책상/책장","","",https://living.hyundailivart.co.kr/p/P200107661
P200048898,"",,,"책상/책장","","",https://living.hyundailivart.co.kr/p/P200048898
P100030858,"",,,"책상/책장","","",https://living.hyundailivart.co.kr/p/P100030858
P200107660,"",,,"책상/책장","","",https://living.hyundailivart.co.kr/p/P200107660
P200199583,"",,,"책상/책장","","",https://living.hyundailivart.co.kr/p/P200199583
P200199582,"",,,"책상/책장","","",https://living.hyundailivart.co.kr/p/P200199582
P200199287,"",,,"책상/책장","","",https://living.hyundailivart.co.kr/p/P200199287
P200199285,"",,,"책상/책장","","",https://living.hyundailivart.co.kr/p/P200199285
P200199284,"",,,"책상/책장","","",https://living.hyundailivart.co.kr/p/P200199284
P200199282,"",,,"책상/책장","","",https://living.hyundailivart.co.kr/p/P200199282
P200199279,"",,,"책상/책장","","",https://living.hyundailivart.co.kr/p/P200199279
P200199278,"",,,"책상/책장","","",https://living.hyundailivart.co.kr/p/P200199278
P200199276,"",,,"책상/책장","","",https://living.hyundailivart.co.kr/p/P200199276
P200199275,"",,,"책상/책장","","",https://living.hyundailivart.co.kr/p/P200199275
P200199274,"",,,"책상/책장","","",https://living.hyundailivart.co.kr/p/P200199274
P200199272,"",,,"책상/책장","","",https://living.hyundailivart.co.kr/p/P200199272
P200199237,"",,,"책상/책장","","",https://living.hyundailivart.co.kr/p/P200199237
P200199236,"",,,"책상/책장","","",https://living.hyundailivart.co.kr/p/P200199236
P200199219,"",,,"책상/책장","","",https://living.hyundailivart.co.kr/p/P200199219
P200199218,"",,,"책상/책장","","",https://living.hyundailivart.co.kr/p/P200199218
P200199217,"",,,"책상/책장","","",https://living.hyundailivart.co.kr/p/P200199217
P200199216,"",,,"책상/책장","","",https://living.hyundailivart.co.kr/p/P200199216
P200199215,"",,,"책상/책장","","",https://living.hyundailivart.co.kr/p/P200199215
P200199214,"",,,"책상/책장","","",https://living.hyundailivart.co.kr/p/P200199214
P200199213,"",,,"책상/책장","","",https://living.hyundailivart.co.kr/p/P200199213
P200199212,"",,,"책상/책장","","",https://living.hyundailivart.co.kr/p/P200199212
P200199211,"",,,"책상/책장","","",https://living.hyundailivart.co.kr/p/P200199211
P200199210,"",,,"책상/책장","","",https://living.hyundailivart.co.kr/p/P200199210
P200199209,"",,,"책상/책장","","",https://living.hyundailivart.co.kr/p/P200199209
P200199208,"",,,"책상/책장","","",https://living.hyundailivart.co.kr/p/P200199208
P200199207,"",,,"책상/책장","","",https://living.hyundailivart.co.kr/p/P200199207
P200199206,"",,,"책상/책장","","",https://living.hyundailivart.co.kr/p/P200199206
P200199205,"",,,"책상/책장","","",https://living.hyundailivart.co.kr/p/P200199205
P200199204,"",,,"책상/책장","","",https://living.hyundailivart.co.kr/p/P200199204
P200199203,"",,,"책상/책장","","",https://living.hyundailivart.co.kr/p/P200199203
P200199202,"",,,"책상/책장","","",https://living.hyundailivart.co.kr/p/P200199202
P200199201,"",,,"책상/책장","","",https://living.hyundailivart.co.kr/p/P200199201
P200199200,"",,,"책상/책장","","",https://living.hyundailivart.co.kr/p/P200199200
P200199199,"",,,"책상/책장","","",https://living.hyundailivart.co.kr/p/P200199199
P200199198,"",,,"책상/책장","","",https://living.hyundailivart.co.kr/p/P200199198
P200199197,"",,,"책상/책장","","",https://living.hyundailivart.co.kr/p/P200199197
P200199196,"",,,"책상/책장","","",https://living.hyundailivart.co.kr/p/P200199196
P200199195,"",,,"책상/책장","","",https://living.hyundailivart.co.kr/p/P200199195
P200199194,"",,,"책상/책장","","",https://living.hyundailivart.co.kr/p/P200199194
P200199193,"",,,"책상/책장","","",https://living.hyundailivart.co.kr/p/P200199193
P200199192,"",,,"책상/책장","","",https://living.hyundailivart.co.kr/p/P200199192
P200199191,"",,,"책상/책장","","",https://living.hyundailivart.co.kr/p/P200199191
P200199190,"",,,"책상/책장","","",https://living.hyundailivart.co.kr/p/P200199190
P200199189,"",,,"책상/책장","","",https://living.hyundailivart.co.kr/p/P200199189
P200199188,"",,,"책상/책장","","",https://living.hyundailivart.co.kr/p/P200199188
P200199123,"",,,"책상/책장","","",https://living.hyundailivart.co.kr/p/P200199123
P200199122,"",,,"책상/책장","","",https://living.hyundailivart.co.kr/p/P200199122
P200199121,"",,,"책상/책장","","",https://living.hyundailivart.co.kr/p/P200199121
P200199120,"",,,"책상/책장","","",https://living.hyundailivart.co.kr/p/P200199120
P200199119,"",,,"책상/책장","","",https://living.hyundailivart.co.kr/p/P200199119
P200199118,"",,,"책상/책장","","",https://living.hyundailivart.co.kr/p/P200199118
P200199117,"",,,"책상/책장","","",https://living.hyundailivart.co.kr/p/P200199117
P200199116,"",,,"책상/책장","","",https://living.hyundailivart.co.kr/p/P200199116
P200199115,"",,,"책상/책장","","",https://living.hyundailivart.co.kr/p/P200199115
P200199114,"",,,"책상/책장","","",https://living.hyundailivart.co.kr/p/P200199114
P200199113,"",,,"책상/책장","","",https://living.hyundailivart.co.kr/p/P200199113
P200199112,"",,,"책상/책장","","",https://living.hyundailivart.co.kr/p/P200199112
P200199111,"",,,"책상/책장","","",https://living.hyundailivart.co.kr/p/P200199111
P200199110,"",,,"책상/책장","","",https://living.hyundailivart.co.kr/p/P200199110
P200199109,"",,,"책상/책장","","",https://living.hyundailivart.co.kr/p/P200199109
P200199107,"",,,"책상/책장","","",https://living.hyundailivart.co.kr/p/P200199107
P200199106,"",,,"책상/책장","","",https://living.hyundailivart.co.kr/p/P200199106
P200199105,"",,,"책상/책장","","",https://living.hyundailivart.co.kr/p/P200199105
P200199104,"",,,"책상/책장","","",https://living.hyundailivart.co.kr/p/P200199104
P200199103,"",,,"책상/책장","","",https://living.hyundailivart.co.kr/p/P200199103
P200199102,"",,,"책상/책장","","",https://living.hyundailivart.co.kr/p/P200199102
P200199101,"",,,"책상/책장","","",https://living.hyundailivart.co.kr/p/P200199101
P200199100,"",,,"책상/책장","","",https://living.hyundailivart.co.kr/p/P200199100
P200199099,"",,,"책상/책장","","",https://living.hyundailivart.co.kr/p/P200199099
P200199098,"",,,"책상/책장","","",https://living.hyundailivart.co.kr/p/P200199098
P200199097,"",,,"책상/책장","","",https://living.hyundailivart.co.kr/p/P200199097
P200199096,"",,,"책상/책장","","",https://living.hyundailivart.co.kr/p/P200199096
P200199095,"",,,"책상/책장","","",https://living.hyundailivart.co.kr/p/P200199095
P200199094,"",,,"책상/책장","","",https://living.hyundailivart.co.kr/p/P200199094
P200199093,"",,,"책상/책장","","",https://living.hyundailivart.co.kr/p/P200199093
P200199092,"",,,"책상/책장","","",https://living.hyundailivart.co.kr/p/P200199092
P200199027,"",,,"책상/책장","","",https://living.hyundailivart.co.kr/p/P200199027
P200199026,"",,,"책상/책장","","",https://living.hyundailivart.co.kr/p/P200199026
P200199025,"",,,"책상/책장","","",https://living.hyundailivart.co.kr/p/P200199025
P200199024,"",,,"책상/책장","","",https://living.hyundailivart.co.kr/p/P200199024
P200199023,"",,,"책상/책장","","",https://living.hyundailivart.co.kr/p/P200199023
P200199022,"",,,"책상/책장","","",https://living.hyundailivart.co.kr/p/P200199022
P200199021,"",,,"책상/책장","","",https://living.hyundailivart.co.kr/p/P200199021
P200199020,"",,,"책상/책장","","",https://living.hyundailivart.co.kr/p/P200199020
P200199019,"",,,"책상/책장","","",https://living.hyundailivart.co.kr/p/P200199019
P200199018,"",,,"책상/책장","","",https://living.hyundailivart.co.kr/p/P200199018
P200199017,"",,,"책상/책장","","",https://living.hyundailivart.co.kr/p/P200199017
P200199016,"",,,"책상/책장","","",https://living.hyundailivart.co.kr/p/P200199016
P200198991,"",,,"책상/책장","","",https://living.hyundailivart.co.kr/p/P200198991
P200198988,"",,,"책상/책장","","",https://living.hyundailivart.co.kr/p/P200198988
P200198985,"",,,"책상/책장","","",https://living.hyundailivart.co.kr/p/P200198985
P200198982,"",,,"책상/책장","","",https://living.hyundailivart.co.kr/p/P200198982
P200198979,"",,,"책상/책장","","",https://living.hyundailivart.co.kr/p/P200198979
P200198976,"",,,"책상/책장","","",https://living.hyundailivart.co.kr/p/P200198976
P200198973,"",,,"책상/책장","","",https://living.hyundailivart.co.kr/p/P200198973
P200198970,"",,,"책상/책장","","",https://living.hyundailivart.co.kr/p/P200198970
P200198967,"",,,"책상/책장","","",https://living.hyundailivart.co.kr/p/P200198967
P200198964,"",,,"책상/책장","","",https://living.hyundailivart.co.kr/p/P200198964
P200198961,"",,,"책상/책장","","",https://living.hyundailivart.co.kr/p/P200198961
P200198958,"",,,"책상/책장","","",https://living.hyundailivart.co.kr/p/P200198958
P200198952,"",,,"책상/책장","","",https://living.hyundailivart.co.kr/p/P200198952
P200198949,"",,,"책상/책장","","",https://living.hyundailivart.co.kr/p/P200198949
P200198946,"",,,"책상/책장","","",https://living.hyundailivart.co.kr/p/P200198946
P200198942,"",,,"책상/책장","","",https://living.hyundailivart.co.kr/p/P200198942
P200198939,"",,,"책상/책장","","",https://living.hyundailivart.co.kr/p/P200198939
P200198936,"",,,"책상/책장","","",https://living.hyundailivart.co.kr/p/P200198936
P200198933,"",,,"책상/책장","","",https://living.hyundailivart.co.kr/p/P200198933
P200198930,"",,,"책상/책장","","",https://living.hyundailivart.co.kr/p/P200198930
P200198927,"",,,"책상/책장","","",https://living.hyundailivart.co.kr/p/P200198927
P200198924,"",,,"책상/책장","","",https://living.hyundailivart.co.kr/p/P200198924
P200198921,"",,,"책상/책장","","",https://living.hyundailivart.co.kr/p/P200198921
P200198918,"",,,"책상/책장","","",https://living.hyundailivart.co.kr/p/P200198918
P200198915,"",,,"책상/책장","","",https://living.hyundailivart.co.kr/p/P200198915
P200198912,"",,,"책상/책장","","",https://living.hyundailivart.co.kr/p/P200198912
P200198909,"",,,"책상/책장","","",https://living.hyundailivart.co.kr/p/P200198909
P200198906,"",,,"책상/책장","","",https://living.hyundailivart.co.kr/p/P200198906
P200198903,"",,,"책상/책장","","",https://living.hyundailivart.co.kr/p/P200198903
P200198900,"",,,"책상/책장","","",https://living.hyundailivart.co.kr/p/P200198900
P200198897,"",,,"책상/책장","","",https://living.hyundailivart.co.kr/p/P200198897
P200198659,"",,,"책상/책장","","",https://living.hyundailivart.co.kr/p/P200198659
P200198364,"",,,"책상/책장","","",https://living.hyundailivart.co.kr/p/P200198364
P200198312,"",,,"책상/책장","","",https://living.hyundailivart.co.kr/p/P200198312
P200197974,"",,,"책상/책장","","",https://living.hyundailivart.co.kr/p/P200197974
P200197813,"",,,"책상/책장","","",https://living.hyundailivart.co.kr/p/P200197813
P200196700,"",,,"책상/책장","","",https://living.hyundailivart.co.kr/p/P200196700
P200196698,"",,,"책상/책장","","",https://living.hyundailivart.co.kr/p/P200196698
P200196697,"",,,"책상/책장","","",https://living.hyundailivart.co.kr/p/P200196697
P200196695,"",,,"책상/책장","","",https://living.hyundailivart.co.kr/p/P200196695
P200196693,"",,,"책상/책장","","",https://living.hyundailivart.co.kr/p/P200196693
P200191513,"",,,"책상/책장","","",https://living.hyundailivart.co.kr/p/P200191513
P200191022,"",,,"책상/책장","","",https://living.hyundailivart.co.kr/p/P200191022
P200191019,"",,,"책상/책장","","",https://living.hyundailivart.co.kr/p/P200191019
P200191017,"",,,"책상/책장","","",https://living.hyundailivart.co.kr/p/P200191017
P200190978,"",,,"책상/책장","","",https://living.hyundailivart.co.kr/p/P200190978
P200189304,"",,,"키즈/주니어","","",https://living.hyundailivart.co.kr/p/P200189304
P200189290,"",,,"키즈/주니어","","",https://living.hyundailivart.co.kr/p/P200189290
P200189289,"",,,"키즈/주니어","","",https://living.hyundailivart.co.kr/p/P200189289
P200189287,"",,,"책상/책장","","",https://living.hyundailivart.co.kr/p/P200189287
P200189286,"",,,"키즈/주니어","","",https://living.hyundailivart.co.kr/p/P200189286
P200189269,"",,,"키즈/주니어","","",https://living.hyundailivart.co.kr/p/P200189269
P200189268,"",,,"키즈/주니어","","",https://living.hyundailivart.co.kr/p/P200189268
P200189267,"",,,"키즈/주니어","","",https://living.hyundailivart.co.kr/p/P200189267
P200186258,"",,,"책상/책장","","",https://living.hyundailivart.co.kr/p/P200186258
P200186257,"",,,"책상/책장","","",https://living.hyundailivart.co.kr/p/P200186257
P200185416,"",,,"책상/책장","","",https://living.hyundailivart.co.kr/p/P200185416
P200181617,"",,,"책상/책장","","",https://living.hyundailivart.co.kr/p/P200181617
P200176350,"",,,"책상/책장","","",https://living.hyundailivart.co.kr/p/P200176350
P200173944,"",,,"책상/책장","","",https://living.hyundailivart.co.kr/p/P200173944
P200163797,"",,,"책상/책장","","",https://living.hyundailivart.co.kr/p/P200163797
P200163791,"",,,"책상/책장","","",https://living.hyundailivart.co.kr/p/P200163791
P200163790,"",,,"책상/책장","","",https://living.hyundailivart.co.kr/p/P200163790
P200163735,"",,,"책상/책장","","",https://living.hyundailivart.co.kr/p/P200163735
P200144634,"",,,"책상/책장","","",https://living.hyundailivart.co.kr/p/P200144634
P200144633,"",,,"책상/책장","","",https://living.hyundailivart.co.kr/p/P200144633
P200144632,"",,,"책상/책장","","",https://living.hyundailivart.co.kr/p/P200144632
P200144631,"",,,"책상/책장","","",https://living.hyundailivart.co.kr/p/P200144631
P200144630,"",,,"키즈/주니어","","",https://living.hyundailivart.co.kr/p/P200144630
P200133494,"",,,"책상/책장","","",https://living.hyundailivart.co.kr/p/P200133494
P200133446,"",,,"책상/책장","","",https://living.hyundailivart.co.kr/p/P200133446
P200131048,"",,,"책상/책장","","",https://living.hyundailivart.co.kr/p/P200131048
P200131046,"",,,"책상/책장","","",https://living.hyundailivart.co.kr/p/P200131046
P200131043,"",,,"책상/책장","","",https://living.hyundailivart.co.kr/p/P200131043
P200131037,"",,,"책상/책장","","",https://living.hyundailivart.co.kr/p/P200131037
P200124509,"",,,"책상/책장","","",https://living.hyundailivart.co.kr/p/P200124509
P200121376,"",,,"책상/책장","","",https://living.hyundailivart.co.kr/p/P200121376
P200121362,"",,,"책상/책장","","",https://living.hyundailivart.co.kr/p/P200121362
P200121355,"",,,"책상/책장","","",https://living.hyundailivart.co.kr/p/P200121355
P200121344,"",,,"책상/책장","","",https://living.hyundailivart.co.kr/p/P200121344
P200121343,"",,,"책상/책장","","",https://living.hyundailivart.co.kr/p/P200121343
P200121336,"",,,"책상/책장","","",https://living.hyundailivart.co.kr/p/P200121336
P200109709,"",,,"책상/책장","","",https://living.hyundailivart.co.kr/p/P200109709
P200107669,"",,,"책상/책장","","",https://living.hyundailivart.co.kr/p/P200107669
P200107667,"",,,"책상/책장","","",https://living.hyundailivart.co.kr/p/P200107667
P200107666,"",,,"책상/책장","","",https://living.hyundailivart.co.kr/p/P200107666
P200106817,"",,,"책상/책장","","",https://living.hyundailivart.co.kr/p/P200106817
P200103603,"",,,"키즈/주니어","","",https://living.hyundailivart.co.kr/p/P200103603
P200095299,"",,,"책상/책장","","",https://living.hyundailivart.co.kr/p/P200095299
P200081261,"",,,"책상/책장","","",https://living.hyundailivart.co.kr/p/P200081261
P200072864,"",,,"키즈/주니어","","",https://living.hyundailivart.co.kr/p/P200072864
P200072846,"",,,"책상/책장","","",https://living.hyundailivart.co.kr/p/P200072846
P200061060,"",,,"키즈/주니어","","",https://living.hyundailivart.co.kr/p/P200061060
P200061056,"",,,"키즈/주니어","","",https://living.hyundailivart.co.kr/p/P200061056
P200059686,"",,,"키즈/주니어","","",https://living.hyundailivart.co.kr/p/P200059686
P200059679,"",,,"키즈/주니어","","",https://living.hyundailivart.co.kr/p/P200059679
P200057987,"",,,"키즈/주니어","","",https://living.hyundailivart.co.kr/p/P200057987
P200057983,"",,,"키즈/주니어","","",https://living.hyundailivart.co.kr/p/P200057983
P200057668,"",,,"책상/책장","","",https://living.hyundailivart.co.kr/p/P200057668
P200046830,"",,,"책상/책장","","",https://living.hyundailivart.co.kr/p/P200046830
P200042961,"",,,"책상/책장","","",https://living.hyundailivart.co.kr/p/P200042961
P200042944,"",,,"책상/책장","","",https://living.hyundailivart.co.kr/p/P200042944
P200025330,"",,,"책상/책장","","",https://living.hyundailivart.co.kr/p/P200025330
P200025319,"",,,"책상/책장","","",https://living.hyundailivart.co.kr/p/P200025319
P200024866,"",,,"책상/책장","","",https://living.hyundailivart.co.kr/p/P200024866
P200024852,"",,,"책상/책장","","",https://living.hyundailivart.co.kr/p/P200024852
P200024851,"",,,"책상/책장","","",https://living.hyundailivart.co.kr/p/P200024851
P200024549,"",,,"책상/책장","","",https://living.hyundailivart.co.kr/p/P200024549
P200023222,"",,,"책상/책장","","",https://living.hyundailivart.co.kr/p/P200023222
P200023144,"",,,"책상/책장","","",https://living.hyundailivart.co.kr/p/P200023144
P200023001,"",,,"책상/책장","","",https://living.hyundailivart.co.kr/p/P200023001
P200022997,"",,,"책상/책장","","",https://living.hyundailivart.co.kr/p/P200022997
P200022989,"",,,"책상/책장","","",https://living.hyundailivart.co.kr/p/P200022989
P200022982,"",,,"책상/책장","","",https://living.hyundailivart.co.kr/p/P200022982
P200022897,"",,,"책상/책장","","",https://living.hyundailivart.co.kr/p/P200022897
P200022891,"",,,"책상/책장","","",https://living.hyundailivart.co.kr/p/P200022891
P200022885,"",,,"책상/책장","","",https://living.hyundailivart.co.kr/p/P200022885
P200022882,"",,,"책상/책장","","",https://living.hyundailivart.co.kr/p/P200022882
P200022879,"",,,"책상/책장","","",https://living.hyundailivart.co.kr/p/P200022879
P200022870,"",,,"책상/책장","","",https://living.hyundailivart.co.kr/p/P200022870
P100036314,"",,,"책상/책장","","",https://living.hyundailivart.co.kr/p/P100036314
P100031321,"",,,"책상/책장","","",https://living.hyundailivart.co.kr/p/P100031321
P100030864,"",,,"책상/책장","","",https://living.hyundailivart.co.kr/p/P100030864
P100030817,"",,,"책상/책장","","",https://living.hyundailivart.co.kr/p/P100030817
P100030805,"",,,"책상/책장","","",https://living.hyundailivart.co.kr/p/P100030805
P100030686,"",,,"책상/책장","","",https://living.hyundailivart.co.kr/p/P100030686
P100030667,"",,,"책상/책장","","",https://living.hyundailivart.co.kr/p/P100030667
P100030649,"",,,"책상/책장","","",https://living.hyundailivart.co.kr/p/P100030649
P100030623,"",,,"책상/책장","","",https://living.hyundailivart.co.kr/p/P100030623
P100030106,"",,,"책상/책장","","",https://living.hyundailivart.co.kr/p/P100030106
P100030090,"",,,"책상/책장","","",https://living.hyundailivart.co.kr/p/P100030090
P100030086,"",,,"책상/책장","","",https://living.hyundailivart.co.kr/p/P100030086
P100030078,"",,,"책상/책장","","",https://living.hyundailivart.co.kr/p/P100030078
P100030074,"",,,"책상/책장","","",https://living.hyundailivart.co.kr/p/P100030074
P100030070,"",,,"책상/책장","","",https://living.hyundailivart.co.kr/p/P100030070
P100030058,"",,,"책상/책장","","",https://living.hyundailivart.co.kr/p/P100030058
P100027013,"",,,"키즈/주니어","","",https://living.hyundailivart.co.kr/p/P100027013
P100025572,"",,,"책상/책장","","",https://living.hyundailivart.co.kr/p/P100025572
P100024022,"",,,"책상/책장","","",https://living.hyundailivart.co.kr/p/P100024022
P100024019,"",,,"책상/책장","","",https://living.hyundailivart.co.kr/p/P100024019
P100023985,"",,,"키즈/주니어","","",https://living.hyundailivart.co.kr/p/P100023985
P100022866,"",,,"키즈/주니어","","",https://living.hyundailivart.co.kr/p/P100022866
P100019960,"",,,"키즈/주니어","","",https://living.hyundailivart.co.kr/p/P100019960
P100018353,"",,,"키즈/주니어","","",https://living.hyundailivart.co.kr/p/P100018353
P100018352,"",,,"키즈/주니어","","",https://living.hyundailivart.co.kr/p/P100018352
P100014281,"",,,"책상/책장","","",https://living.hyundailivart.co.kr/p/P100014281
P200086559,"",,,"의자","","",https://living.hyundailivart.co.kr/p/P200086559
P100027524,"",,,"키즈/주니어","","",https://living.hyundailivart.co.kr/p/P100027524
P200170130,"",,,"의자","","",https://living.hyundailivart.co.kr/p/P200170130
P100030159,"",,,"키즈/주니어","","",https://living.hyundailivart.co.kr/p/P100030159
P100024297,"",,,"키즈/주니어","","",https://living.hyundailivart.co.kr/p/P100024297
P200012430,"",,,"의자","","",https://living.hyundailivart.co.kr/p/P200012430
P200112541,"",,,"의자","","",https://living.hyundailivart.co.kr/p/P200112541
P200194578,"",,,"의자","","",https://living.hyundailivart.co.kr/p/P200194578
P200062094,"",,,"의자","","",https://living.hyundailivart.co.kr/p/P200062094
P200142787,"",,,"의자","","",https://living.hyundailivart.co.kr/p/P200142787
P200198083,"",,,"의자","","",https://living.hyundailivart.co.kr/p/P200198083
P200188609,"",,,"의자","","",https://living.hyundailivart.co.kr/p/P200188609
P200185637,"",,,"의자","","",https://living.hyundailivart.co.kr/p/P200185637
P100027533,"",,,"키즈/주니어","","",https://living.hyundailivart.co.kr/p/P100027533
P200062101,"",,,"의자","","",https://living.hyundailivart.co.kr/p/P200062101
P200194573,"",,,"의자","","",https://living.hyundailivart.co.kr/p/P200194573
P200194570,"",,,"의자","","",https://living.hyundailivart.co.kr/p/P200194570
P200027581,"",,,"의자","","",https://living.hyundailivart.co.kr/p/P200027581
P200015192,"",,,"의자","","",https://living.hyundailivart.co.kr/p/P200015192
P200012577,"",,,"의자","","",https://living.hyundailivart.co.kr/p/P200012577
P100027325,"",,,"키즈/주니어","","",https://living.hyundailivart.co.kr/p/P100027325
P200198453,"",,,"의자","","",https://living.hyundailivart.co.kr/p/P200198453
P100027330,"",,,"키즈/주니어","","",https://living.hyundailivart.co.kr/p/P100027330
P100027289,"",,,"키즈/주니어","","",https://living.hyundailivart.co.kr/p/P100027289
P200027580,"",,,"의자","","",https://living.hyundailivart.co.kr/p/P200027580
P200195247,"",,,"의자","","",https://living.hyundailivart.co.kr/p/P200195247
P200012621,"",,,"의자","","",https://living.hyundailivart.co.kr/p/P200012621
P100032995,"",,,"의자","","",https://living.hyundailivart.co.kr/p/P100032995
P200012454,"",,,"의자","","",https://living.hyundailivart.co.kr/p/P200012454
P200077296,"",,,"의자","","",https://living.hyundailivart.co.kr/p/P200077296
P200109375,"",,,"의자","","",https://living.hyundailivart.co.kr/p/P200109375
P200198391,"",,,"의자","","",https://living.hyundailivart.co.kr/p/P200198391
P200194266,"",,,"의자","","",https://living.hyundailivart.co.kr/p/P200194266
P200188209,"",,,"키즈/주니어","","",https://living.hyundailivart.co.kr/p/P200188209
P200124508,"",,,"의자","","",https://living.hyundailivart.co.kr/p/P200124508
P200077279,"",,,"의자","","",https://living.hyundailivart.co.kr/p/P200077279
P200029966,"",,,"키즈/주니어","","",https://living.hyundailivart.co.kr/p/P200029966
P200012617,"",,,"의자","","",https://living.hyundailivart.co.kr/p/P200012617
P200012616,"",,,"의자","","",https://living.hyundailivart.co.kr/p/P200012616
P100036940,"",,,"의자","","",https://living.hyundailivart.co.kr/p/P100036940
P100036741,"",,,"의자","","",https://living.hyundailivart.co.kr/p/P100036741
P100036527,"",,,"의자","","",https://living.hyundailivart.co.kr/p/P100036527
P100030155,"",,,"키즈/주니어","","",https://living.hyundailivart.co.kr/p/P100030155
P100027335,"",,,"의자","","",https://living.hyundailivart.co.kr/p/P100027335
P100027307,"",,,"키즈/주니어","","",https://living.hyundailivart.co.kr/p/P100027307
P100016126,"",,,"의자","","",https://living.hyundailivart.co.kr/p/P100016126
P200056283,"",,,"키즈/주니어","","",https://living.hyundailivart.co.kr/p/P200056283
P100033548,"",,,"키즈/주니어","","",https://living.hyundailivart.co.kr/p/P100033548
P200104212,"",,,"키즈/주니어","","",https://living.hyundailivart.co.kr/p/P200104212
P100029286,"",,,"키즈/주니어","","",https://living.hyundailivart.co.kr/p/P100029286
P100025710,"",,,"키즈/주니어","","",https://living.hyundailivart.co.kr/p/P100025710
P100036329,"",,,"키즈/주니어","","",https://living.hyundailivart.co.kr/p/P100036329
P200025676,"",,,"키즈/주니어","","",https://living.hyundailivart.co.kr/p/P200025676
P200151704,"",,,"키즈/주니어","","",https://living.hyundailivart.co.kr/p/P200151704
P100026812,"",,,"키즈/주니어","","",https://living.hyundailivart.co.kr/p/P100026812
P100022828,"",,,"키즈/주니어","","",https://living.hyundailivart.co.kr/p/P100022828
P200152307,"",,,"키즈/주니어","","",https://living.hyundailivart.co.kr/p/P200152307
P200195211,"",,,"키즈/주니어","","",https://living.hyundailivart.co.kr/p/P200195211
P100017513,"",,,"키즈/주니어","","",https://living.hyundailivart.co.kr/p/P100017513
P200152049,"",,,"키즈/주니어","","",https://living.hyundailivart.co.kr/p/P200152049
P200152289,"",,,"키즈/주니어","","",https://living.hyundailivart.co.kr/p/P200152289
P200153164,"",,,"키즈/주니어","","",https://living.hyundailivart.co.kr/p/P200153164
P100022047,"",,,"키즈/주니어","","",https://living.hyundailivart.co.kr/p/P100022047
P100021863,"",,,"키즈/주니어","","",https://living.hyundailivart.co.kr/p/P100021863
P200152310,"",,,"키즈/주니어","","",https://living.hyundailivart.co.kr/p/P200152310
P200059984,"",,,"키즈/주니어","","",https://living.hyundailivart.co.kr/p/P200059984
P200196537,"",,,"키즈/주니어","","",https://living.hyundailivart.co.kr/p/P200196537
P100033549,"",,,"키즈/주니어","","",https://living.hyundailivart.co.kr/p/P100033549
P200152202,"",,,"키즈/주니어","","",https://living.hyundailivart.co.kr/p/P200152202
P100030175,"",,,"키즈/주니어","","",https://living.hyundailivart.co.kr/p/P100030175
P200191494,"",,,"키즈/주니어","","",https://living.hyundailivart.co.kr/p/P200191494
P200152208,"",,,"키즈/주니어","","",https://living.hyundailivart.co.kr/p/P200152208
P100031043,"",,,"키즈/주니어","","",https://living.hyundailivart.co.kr/p/P100031043
P200152470,"",,,"키즈/주니어","","",https://living.hyundailivart.co.kr/p/P200152470
P100022089,"",,,"키즈/주니어","","",https://living.hyundailivart.co.kr/p/P100022089
P100022138,"",,,"키즈/주니어","","",https://living.hyundailivart.co.kr/p/P100022138
P200056684,"",,,"키즈/주니어","","",https://living.hyundailivart.co.kr/p/P200056684
P200152200,"",,,"키즈/주니어","","",https://living.hyundailivart.co.kr/p/P200152200
P100017492,"",,,"키즈/주니어","","",https://living.hyundailivart.co.kr/p/P100017492
P100025447,"",,,"키즈/주니어","","",https://living.hyundailivart.co.kr/p/P100025447
P200057996,"",,,"키즈/주니어","","",https://living.hyundailivart.co.kr/p/P200057996
P200152201,"",,,"키즈/주니어","","",https://living.hyundailivart.co.kr/p/P200152201
P100022876,"",,,"키즈/주니어","","",https://living.hyundailivart.co.kr/p/P100022876
P200051100,"",,,"키즈/주니어","","",https://living.hyundailivart.co.kr/p/P200051100
P100022133,"",,,"키즈/주니어","","",https://living.hyundailivart.co.kr/p/P100022133
P200152205,"",,,"키즈/주니어","","",https://living.hyundailivart.co.kr/p/P200152205
P200152207,"",,,"키즈/주니어","","",https://living.hyundailivart.co.kr/p/P200152207
P200014207,"",,,"키즈/주니어","","",https://living.hyundailivart.co.kr/p/P200014207
P200144654,"",,,"키즈/주니어","","",https://living.hyundailivart.co.kr/p/P200144654
P200124512,"",,,"키즈/주니어","","",https://living.hyundailivart.co.kr/p/P200124512
P200099509,"",,,"키즈/주니어","","",https://living.hyundailivart.co.kr/p/P200099509
P200025502,"",,,"키즈/주니어","","",https://living.hyundailivart.co.kr/p/P200025502
P100033552,"",,,"키즈/주니어","","",https://living.hyundailivart.co.kr/p/P100033552
P200144629,"",,,"키즈/주니어","","",https://living.hyundailivart.co.kr/p/P200144629
P200056973,"",,,"키즈/주니어","","",https://living.hyundailivart.co.kr/p/P200056973
P200049463,"",,,"키즈/주니어","","",https://living.hyundailivart.co.kr/p/P200049463
P200195828,"",,,"키즈/주니어","","",https://living.hyundailivart.co.kr/p/P200195828
P100022953,"",,,"키즈/주니어","","",https://living.hyundailivart.co.kr/p/P100022953
P100033578,"",,,"키즈/주니어","","",https://living.hyundailivart.co.kr/p/P100033578
P200195734,"",,,"키즈/주니어","","",https://living.hyundailivart.co.kr/p/P200195734
P200057049,"",,,"키즈/주니어","","",https://living.hyundailivart.co.kr/p/P200057049
P200195251,"",,,"키즈/주니어","","",https://living.hyundailivart.co.kr/p/P200195251
P200133986,"",,,"키즈/주니어","","",https://living.hyundailivart.co.kr/p/P200133986
P200144657,"",,,"키즈/주니어","","",https://living.hyundailivart.co.kr/p/P200144657
P200153198,"",,,"키즈/주니어","","",https://living.hyundailivart.co.kr/p/P200153198
P100033577,"",,,"키즈/주니어","","",https://living.hyundailivart.co.kr/p/P100033577
P100026488,"",,,"키즈/주니어","","",https://living.hyundailivart.co.kr/p/P100026488
P100031018,"",,,"키즈/주니어","","",https://living.hyundailivart.co.kr/p/P100031018
P100031245,"",,,"키즈/주니어","","",https://living.hyundailivart.co.kr/p/P100031245
P200152430,"",,,"키즈/주니어","","",https://living.hyundailivart.co.kr/p/P200152430
P200176198,"",,,"키즈/주니어","","",https://living.hyundailivart.co.kr/p/P200176198
P200198021,"",,,"키즈/주니어","","",https://living.hyundailivart.co.kr/p/P200198021
P100029021,"",,,"키즈/주니어","","",https://living.hyundailivart.co.kr/p/P100029021
P100033581,"",,,"키즈/주니어","","",https://living.hyundailivart.co.kr/p/P100033581
P200152061,"",,,"키즈/주니어","","",https://living.hyundailivart.co.kr/p/P200152061
P200188610,"",,,"키즈/주니어","","",https://living.hyundailivart.co.kr/p/P200188610
P200152047,"",,,"키즈/주니어","","",https://living.hyundailivart.co.kr/p/P200152047
P200027012,"",,,"키즈/주니어","","",https://living.hyundailivart.co.kr/p/P200027012
P200152090,"",,,"키즈/주니어","","",https://living.hyundailivart.co.kr/p/P200152090
P200061448,"",,,"키즈/주니어","","",https://living.hyundailivart.co.kr/p/P200061448
P200057023,"",,,"키즈/주니어","","",https://living.hyundailivart.co.kr/p/P200057023
P200152048,"",,,"키즈/주니어","","",https://living.hyundailivart.co.kr/p/P200152048
P200151182,"",,,"키즈/주니어","","",https://living.hyundailivart.co.kr/p/P200151182
P200152058,"",,,"키즈/주니어","","",https://living.hyundailivart.co.kr/p/P200152058
P100026508,"",,,"키즈/주니어","","",https://living.hyundailivart.co.kr/p/P100026508
P100015025,"",,,"키즈/주니어","","",https://living.hyundailivart.co.kr/p/P100015025
P200195303,"",,,"키즈/주니어","","",https://living.hyundailivart.co.kr/p/P200195303
P200019373,"",,,"키즈/주니어","","",https://living.hyundailivart.co.kr/p/P200019373
P100029272,"",,,"키즈/주니어","","",https://living.hyundailivart.co.kr/p/P100029272
P100016366,"",,,"키즈/주니어","","",https://living.hyundailivart.co.kr/p/P100016366
P200058042,"",,,"키즈/주니어","","",https://living.hyundailivart.co.kr/p/P200058042
P100024099,"",,,"키즈/주니어","","",https://living.hyundailivart.co.kr/p/P100024099
P100022061,"",,,"키즈/주니어","","",https://living.hyundailivart.co.kr/p/P100022061
P200153199,"",,,"키즈/주니어","","",https://living.hyundailivart.co.kr/p/P200153199
P200124511,"",,,"키즈/주니어","","",https://living.hyundailivart.co.kr/p/P200124511
P200176273,"",,,"키즈/주니어","","",https://living.hyundailivart.co.kr/p/P200176273
P100030972,"",,,"키즈/주니어","","",https://living.hyundailivart.co.kr/p/P100030972
P200059934,"",,,"키즈/주니어","","",https://living.hyundailivart.co.kr/p/P200059934
P200152199,"",,,"키즈/주니어","","",https://living.hyundailivart.co.kr/p/P200152199
P200059783,"",,,"키즈/주니어","","",https://living.hyundailivart.co.kr/p/P200059783
P100022033,"",,,"키즈/주니어","","",https://living.hyundailivart.co.kr/p/P100022033
P100029220,"",,,"키즈/주니어","","",https://living.hyundailivart.co.kr/p/P100029220
P100021867,"",,,"키즈/주니어","","",https://living.hyundailivart.co.kr/p/P100021867
P200144671,"",,,"키즈/주니어","","",https://living.hyundailivart.co.kr/p/P200144671
P200058051,"",,,"키즈/주니어","","",https://living.hyundailivart.co.kr/p/P200058051
P200195301,"",,,"키즈/주니어","","",https://living.hyundailivart.co.kr/p/P200195301
P100021990,"",,,"키즈/주니어","","",https://living.hyundailivart.co.kr/p/P100021990
P100029238,"",,,"키즈/주니어","","",https://living.hyundailivart.co.kr/p/P100029238
P100026754,"",,,"키즈/주니어","","",https://living.hyundailivart.co.kr/p/P100026754
P100017506,"",,,"키즈/주니어","","",https://living.hyundailivart.co.kr/p/P100017506
P200066399,"",,,"키즈/주니어","","",https://living.hyundailivart.co.kr/p/P200066399
P200195297,"",,,"키즈/주니어","","",https://living.hyundailivart.co.kr/p/P200195297
P200059425,"",,,"키즈/주니어","","",https://living.hyundailivart.co.kr/p/P200059425
P200078254,"",,,"키즈/주니어","","",https://living.hyundailivart.co.kr/p/P200078254
P200152089,"",,,"키즈/주니어","","",https://living.hyundailivart.co.kr/p/P200152089
P200059427,"",,,"키즈/주니어","","",https://living.hyundailivart.co.kr/p/P200059427
P100033582,"",,,"키즈/주니어","","",https://living.hyundailivart.co.kr/p/P100033582
P200057037,"",,,"키즈/주니어","","",https://living.hyundailivart.co.kr/p/P200057037
P200136276,"",,,"키즈/주니어","","",https://living.hyundailivart.co.kr/p/P200136276
P100026905,"",,,"키즈/주니어","","",https://living.hyundailivart.co.kr/p/P100026905
P100026339,"",,,"키즈/주니어","","",https://living.hyundailivart.co.kr/p/P100026339
P100029258,"",,,"키즈/주니어","","",https://living.hyundailivart.co.kr/p/P100029258
P200176271,"",,,"키즈/주니어","","",https://living.hyundailivart.co.kr/p/P200176271
P100018841,"",,,"키즈/주니어","","",https://living.hyundailivart.co.kr/p/P100018841
P200195278,"",,,"키즈/주니어","","",https://living.hyundailivart.co.kr/p/P200195278
P200059426,"",,,"키즈/주니어","","",https://living.hyundailivart.co.kr/p/P200059426
P200044237,"",,,"키즈/주니어","","",https://living.hyundailivart.co.kr/p/P200044237
P200198670,"",,,"키즈/주니어","","",https://living.hyundailivart.co.kr/p/P200198670
P200198627,"",,,"키즈/주니어","","",https://living.hyundailivart.co.kr/p/P200198627
P200198626,"",,,"키즈/주니어","","",https://living.hyundailivart.co.kr/p/P200198626
P200198625,"",,,"키즈/주니어","","",https://living.hyundailivart.co.kr/p/P200198625
P200198623,"",,,"키즈/주니어","","",https://living.hyundailivart.co.kr/p/P200198623
P200198607,"",,,"키즈/주니어","","",https://living.hyundailivart.co.kr/p/P200198607
P200197028,"",,,"키즈/주니어","","",https://living.hyundailivart.co.kr/p/P200197028
P200197019,"",,,"키즈/주니어","","",https://living.hyundailivart.co.kr/p/P200197019
P200196890,"",,,"키즈/주니어","","",https://living.hyundailivart.co.kr/p/P200196890
P200196889,"",,,"키즈/주니어","","",https://living.hyundailivart.co.kr/p/P200196889
P200196671,"",,,"키즈/주니어","","",https://living.hyundailivart.co.kr/p/P200196671
P200196518,"",,,"키즈/주니어","","",https://living.hyundailivart.co.kr/p/P200196518
P200196517,"",,,"키즈/주니어","","",https://living.hyundailivart.co.kr/p/P200196517
P200195892,"",,,"키즈/주니어","","",https://living.hyundailivart.co.kr/p/P200195892
P200195666,"",,,"키즈/주니어","","",https://living.hyundailivart.co.kr/p/P200195666
P200195296,"",,,"키즈/주니어","","",https://living.hyundailivart.co.kr/p/P200195296
P200195295,"",,,"키즈/주니어","","",https://living.hyundailivart.co.kr/p/P200195295
P200195294,"",,,"키즈/주니어","","",https://living.hyundailivart.co.kr/p/P200195294
P200195277,"",,,"키즈/주니어","","",https://living.hyundailivart.co.kr/p/P200195277
P200195255,"",,,"키즈/주니어","","",https://living.hyundailivart.co.kr/p/P200195255
P200195254,"",,,"키즈/주니어","","",https://living.hyundailivart.co.kr/p/P200195254
P200195253,"",,,"키즈/주니어","","",https://living.hyundailivart.co.kr/p/P200195253
P200195252,"",,,"키즈/주니어","","",https://living.hyundailivart.co.kr/p/P200195252
P200195250,"",,,"키즈/주니어","","",https://living.hyundailivart.co.kr/p/P200195250
P200195249,"",,,"키즈/주니어","","",https://living.hyundailivart.co.kr/p/P200195249
P200195248,"",,,"키즈/주니어","","",https://living.hyundailivart.co.kr/p/P200195248
P200195210,"",,,"키즈/주니어","","",https://living.hyundailivart.co.kr/p/P200195210
P200195208,"",,,"키즈/주니어","","",https://living.hyundailivart.co.kr/p/P200195208
P200194211,"",,,"키즈/주니어","","",https://living.hyundailivart.co.kr/p/P200194211
P200187568,"",,,"키즈/주니어","","",https://living.hyundailivart.co.kr/p/P200187568
P200187567,"",,,"키즈/주니어","","",https://living.hyundailivart.co.kr/p/P200187567
P200187566,"",,,"키즈/주니어","","",https://living.hyundailivart.co.kr/p/P200187566
P200186933,"",,,"키즈/주니어","","",https://living.hyundailivart.co.kr/p/P200186933
P200186932,"",,,"키즈/주니어","","",https://living.hyundailivart.co.kr/p/P200186932
P200186931,"",,,"키즈/주니어","","",https://living.hyundailivart.co.kr/p/P200186931
P200186930,"",,,"키즈/주니어","","",https://living.hyundailivart.co.kr/p/P200186930
P200176785,"",,,"키즈/주니어","","",https://living.hyundailivart.co.kr/p/P200176785
P200176473,"",,,"키즈/주니어","","",https://living.hyundailivart.co.kr/p/P200176473
P200176472,"",,,"키즈/주니어","","",https://living.hyundailivart.co.kr/p/P200176472
P200176349,"",,,"키즈/주니어","","",https://living.hyundailivart.co.kr/p/P200176349
P200176347,"",,,"키즈/주니어","","",https://living.hyundailivart.co.kr/p/P200176347
P200176303,"",,,"키즈/주니어","","",https://living.hyundailivart.co.kr/p/P200176303
P200176275,"",,,"키즈/주니어","","",https://living.hyundailivart.co.kr/p/P200176275
P200176272,"",,,"키즈/주니어","","",https://living.hyundailivart.co.kr/p/P200176272
P200176270,"",,,"키즈/주니어","","",https://living.hyundailivart.co.kr/p/P200176270
P200176269,"",,,"키즈/주니어","","",https://living.hyundailivart.co.kr/p/P200176269
P200176251,"",,,"키즈/주니어","","",https://living.hyundailivart.co.kr/p/P200176251
P200176200,"",,,"키즈/주니어","","",https://living.hyundailivart.co.kr/p/P200176200
P200176197,"",,,"키즈/주니어","","",https://living.hyundailivart.co.kr/p/P200176197
P200176079,"",,,"키즈/주니어","","",https://living.hyundailivart.co.kr/p/P200176079
P200153200,"",,,"키즈/주니어","","",https://living.hyundailivart.co.kr/p/P200153200
P200152469,"",,,"키즈/주니어","","",https://living.hyundailivart.co.kr/p/P200152469
P200152463,"",,,"키즈/주니어","","",https://living.hyundailivart.co.kr/p/P200152463
P200152198,"",,,"키즈/주니어","","",https://living.hyundailivart.co.kr/p/P200152198
P200145371,"",,,"키즈/주니어","","",https://living.hyundailivart.co.kr/p/P200145371
P200144674,"",,,"키즈/주니어","","",https://living.hyundailivart.co.kr/p/P200144674
P200144668,"",,,"키즈/주니어","","",https://living.hyundailivart.co.kr/p/P200144668
P200144667,"",,,"키즈/주니어","","",https://living.hyundailivart.co.kr/p/P200144667
P200144666,"",,,"키즈/주니어","","",https://living.hyundailivart.co.kr/p/P200144666
P200144665,"",,,"키즈/주니어","","",https://living.hyundailivart.co.kr/p/P200144665
P200144662,"",,,"키즈/주니어","","",https://living.hyundailivart.co.kr/p/P200144662
P200144661,"",,,"키즈/주니어","","",https://living.hyundailivart.co.kr/p/P200144661
P200144660,"",,,"키즈/주니어","","",https://living.hyundailivart.co.kr/p/P200144660
P200144656,"",,,"키즈/주니어","","",https://living.hyundailivart.co.kr/p/P200144656
P200144655,"",,,"키즈/주니어","","",https://living.hyundailivart.co.kr/p/P200144655
P200144653,"",,,"키즈/주니어","","",https://living.hyundailivart.co.kr/p/P200144653
P200144652,"",,,"키즈/주니어","","",https://living.hyundailivart.co.kr/p/P200144652
P200144628,"",,,"키즈/주니어","","",https://living.hyundailivart.co.kr/p/P200144628
P200144627,"",,,"키즈/주니어","","",https://living.hyundailivart.co.kr/p/P200144627
P200144626,"",,,"키즈/주니어","","",https://living.hyundailivart.co.kr/p/P200144626
P200144623,"",,,"키즈/주니어","","",https://living.hyundailivart.co.kr/p/P200144623
P200133985,"",,,"키즈/주니어","","",https://living.hyundailivart.co.kr/p/P200133985
P200133984,"",,,"키즈/주니어","","",https://living.hyundailivart.co.kr/p/P200133984
P200124510,"",,,"키즈/주니어","","",https://living.hyundailivart.co.kr/p/P200124510
P200094587,"",,,"키즈/주니어","","",https://living.hyundailivart.co.kr/p/P200094587
P200091771,"",,,"키즈/주니어","","",https://living.hyundailivart.co.kr/p/P200091771
P200091767,"",,,"키즈/주니어","","",https://living.hyundailivart.co.kr/p/P200091767
P200066674,"",,,"키즈/주니어","","",https://living.hyundailivart.co.kr/p/P200066674
P200060663,"",,,"키즈/주니어","","",https://living.hyundailivart.co.kr/p/P200060663
P200060662,"",,,"키즈/주니어","","",https://living.hyundailivart.co.kr/p/P200060662
P200060383,"",,,"키즈/주니어","","",https://living.hyundailivart.co.kr/p/P200060383
P200059929,"",,,"키즈/주니어","","",https://living.hyundailivart.co.kr/p/P200059929
P200059892,"",,,"키즈/주니어","","",https://living.hyundailivart.co.kr/p/P200059892
P200059799,"",,,"키즈/주니어","","",https://living.hyundailivart.co.kr/p/P200059799
P200059794,"",,,"키즈/주니어","","",https://living.hyundailivart.co.kr/p/P200059794
P200059708,"",,,"키즈/주니어","","",https://living.hyundailivart.co.kr/p/P200059708
P200058374,"",,,"키즈/주니어","","",https://living.hyundailivart.co.kr/p/P200058374
P200057810,"",,,"키즈/주니어","","",https://living.hyundailivart.co.kr/p/P200057810
P200057793,"",,,"키즈/주니어","","",https://living.hyundailivart.co.kr/p/P200057793
P200057788,"",,,"키즈/주니어","","",https://living.hyundailivart.co.kr/p/P200057788
P200057771,"",,,"키즈/주니어","","",https://living.hyundailivart.co.kr/p/P200057771
P200057162,"",,,"키즈/주니어","","",https://living.hyundailivart.co.kr/p/P200057162
P200057135,"",,,"키즈/주니어","","",https://living.hyundailivart.co.kr/p/P200057135
P200057124,"",,,"키즈/주니어","","",https://living.hyundailivart.co.kr/p/P200057124
P200057119,"",,,"키즈/주니어","","",https://living.hyundailivart.co.kr/p/P200057119
P200057115,"",,,"키즈/주니어","","",https://living.hyundailivart.co.kr/p/P200057115
P200057056,"",,,"키즈/주니어","","",https://living.hyundailivart.co.kr/p/P200057056
P200057038,"",,,"키즈/주니어","","",https://living.hyundailivart.co.kr/p/P200057038
P200057033,"",,,"키즈/주니어","","",https://living.hyundailivart.co.kr/p/P200057033
P200057019,"",,,"키즈/주니어","","",https://living.hyundailivart.co.kr/p/P200057019
P200057015,"",,,"키즈/주니어","","",https://living.hyundailivart.co.kr/p/P200057015
P200057011,"",,,"키즈/주니어","","",https://living.hyundailivart.co.kr/p/P200057011
P200057004,"",,,"키즈/주니어","","",https://living.hyundailivart.co.kr/p/P200057004
P200056981,"",,,"키즈/주니어","","",https://living.hyundailivart.co.kr/p/P200056981
P200056969,"",,,"키즈/주니어","","",https://living.hyundailivart.co.kr/p/P200056969
P200056965,"",,,"키즈/주니어","","",https://living.hyundailivart.co.kr/p/P200056965
P200056960,"",,,"키즈/주니어","","",https://living.hyundailivart.co.kr/p/P200056960
P200056956,"",,,"키즈/주니어","","",https://living.hyundailivart.co.kr/p/P200056956
P200056927,"",,,"키즈/주니어","","",https://living.hyundailivart.co.kr/p/P200056927
P200056675,"",,,"키즈/주니어","","",https://living.hyundailivart.co.kr/p/P200056675
P200054924,"",,,"키즈/주니어","","",https://living.hyundailivart.co.kr/p/P200054924
P200054921,"",,,"키즈/주니어","","",https://living.hyundailivart.co.kr/p/P200054921
P200054901,"",,,"키즈/주니어","","",https://living.hyundailivart.co.kr/p/P200054901
P200041777,"",,,"키즈/주니어","","",https://living.hyundailivart.co.kr/p/P200041777
P200041575,"",,,"키즈/주니어","","",https://living.hyundailivart.co.kr/p/P200041575
P200041569,"",,,"키즈/주니어","","",https://living.hyundailivart.co.kr/p/P200041569
P200026398,"",,,"키즈/주니어","","",https://living.hyundailivart.co.kr/p/P200026398
P200026345,"",,,"키즈/주니어","","",https://living.hyundailivart.co.kr/p/P200026345
P200026299,"",,,"키즈/주니어","","",https://living.hyundailivart.co.kr/p/P200026299
P200025766,"",,,"키즈/주니어","","",https://living.hyundailivart.co.kr/p/P200025766
P200025689,"",,,"키즈/주니어","","",https://living.hyundailivart.co.kr/p/P200025689
P200025675,"",,,"키즈/주니어","","",https://living.hyundailivart.co.kr/p/P200025675
P200025133,"",,,"키즈/주니어","","",https://living.hyundailivart.co.kr/p/P200025133
P200025131,"",,,"키즈/주니어","","",https://living.hyundailivart.co.kr/p/P200025131
P200025105,"",,,"키즈/주니어","","",https://living.hyundailivart.co.kr/p/P200025105
P200025064,"",,,"키즈/주니어","","",https://living.hyundailivart.co.kr/p/P200025064
P200024935,"",,,"키즈/주니어","","",https://living.hyundailivart.co.kr/p/P200024935
P200024924,"",,,"키즈/주니어","","",https://living.hyundailivart.co.kr/p/P200024924
P200024812,"",,,"키즈/주니어","","",https://living.hyundailivart.co.kr/p/P200024812
P100033611,"",,,"키즈/주니어","","",https://living.hyundailivart.co.kr/p/P100033611
P100033576,"",,,"키즈/주니어","","",https://living.hyundailivart.co.kr/p/P100033576
P100033551,"",,,"키즈/주니어","","",https://living.hyundailivart.co.kr/p/P100033551
P100033550,"",,,"키즈/주니어","","",https://living.hyundailivart.co.kr/p/P100033550
P100033547,"",,,"키즈/주니어","","",https://living.hyundailivart.co.kr/p/P100033547
P100033546,"",,,"키즈/주니어","","",https://living.hyundailivart.co.kr/p/P100033546
P100032672,"",,,"키즈/주니어","","",https://living.hyundailivart.co.kr/p/P100032672
P100032304,"",,,"키즈/주니어","","",https://living.hyundailivart.co.kr/p/P100032304
P100031431,"",,,"키즈/주니어","","",https://living.hyundailivart.co.kr/p/P100031431
P100031244,"",,,"키즈/주니어","","",https://living.hyundailivart.co.kr/p/P100031244
P100031105,"",,,"키즈/주니어","","",https://living.hyundailivart.co.kr/p/P100031105
P100031095,"",,,"키즈/주니어","","",https://living.hyundailivart.co.kr/p/P100031095
P100031011,"",,,"키즈/주니어","","",https://living.hyundailivart.co.kr/p/P100031011
P100031005,"",,,"키즈/주니어","","",https://living.hyundailivart.co.kr/p/P100031005
P100030999,"",,,"키즈/주니어","","",https://living.hyundailivart.co.kr/p/P100030999
P100030938,"",,,"키즈/주니어","","",https://living.hyundailivart.co.kr/p/P100030938
P100030936,"",,,"키즈/주니어","","",https://living.hyundailivart.co.kr/p/P100030936
P100030930,"",,,"키즈/주니어","","",https://living.hyundailivart.co.kr/p/P100030930
P100030918,"",,,"키즈/주니어","","",https://living.hyundailivart.co.kr/p/P100030918
P100030912,"",,,"키즈/주니어","","",https://living.hyundailivart.co.kr/p/P100030912
P100030906,"",,,"키즈/주니어","","",https://living.hyundailivart.co.kr/p/P100030906
P100030900,"",,,"키즈/주니어","","",https://living.hyundailivart.co.kr/p/P100030900
P100030377,"",,,"키즈/주니어","","",https://living.hyundailivart.co.kr/p/P100030377
P100030374,"",,,"키즈/주니어","","",https://living.hyundailivart.co.kr/p/P100030374
P100030373,"",,,"키즈/주니어","","",https://living.hyundailivart.co.kr/p/P100030373
P100030370,"",,,"키즈/주니어","","",https://living.hyundailivart.co.kr/p/P100030370
P100030172,"",,,"키즈/주니어","","",https://living.hyundailivart.co.kr/p/P100030172
P100029706,"",,,"키즈/주니어","","",https://living.hyundailivart.co.kr/p/P100029706
P100029298,"",,,"키즈/주니어","","",https://living.hyundailivart.co.kr/p/P100029298
P100029255,"",,,"키즈/주니어","","",https://living.hyundailivart.co.kr/p/P100029255
P100029252,"",,,"키즈/주니어","","",https://living.hyundailivart.co.kr/p/P100029252
P100026534,"",,,"키즈/주니어","","",https://living.hyundailivart.co.kr/p/P100026534
P100026503,"",,,"키즈/주니어","","",https://living.hyundailivart.co.kr/p/P100026503
P100025703,"",,,"키즈/주니어","","",https://living.hyundailivart.co.kr/p/P100025703
P100024045,"",,,"키즈/주니어","","",https://living.hyundailivart.co.kr/p/P100024045
P100024046,"",,,"키즈/주니어","","",https://living.hyundailivart.co.kr/p/P100024046
P100024044,"",,,"키즈/주니어","","",https://living.hyundailivart.co.kr/p/P100024044
P100023384,"",,,"키즈/주니어","","",https://living.hyundailivart.co.kr/p/P100023384
P100023385,"",,,"키즈/주니어","","",https://living.hyundailivart.co.kr/p/P100023385
P100023383,"",,,"키즈/주니어","","",https://living.hyundailivart.co.kr/p/P100023383
P100023375,"",,,"키즈/주니어","","",https://living.hyundailivart.co.kr/p/P100023375
P100023362,"",,,"키즈/주니어","","",https://living.hyundailivart.co.kr/p/P100023362
P100023298,"",,,"키즈/주니어","","",https://living.hyundailivart.co.kr/p/P100023298
P100023283,"",,,"키즈/주니어","","",https://living.hyundailivart.co.kr/p/P100023283
P100022833,"",,,"키즈/주니어","","",https://living.hyundailivart.co.kr/p/P100022833
P100022560,"",,,"키즈/주니어","","",https://living.hyundailivart.co.kr/p/P100022560
P100022552,"",,,"키즈/주니어","","",https://living.hyundailivart.co.kr/p/P100022552
P100022137,"",,,"키즈/주니어","","",https://living.hyundailivart.co.kr/p/P100022137
P100022075,"",,,"키즈/주니어","","",https://living.hyundailivart.co.kr/p/P100022075
P100022019,"",,,"키즈/주니어","","",https://living.hyundailivart.co.kr/p/P100022019
P100022005,"",,,"키즈/주니어","","",https://living.hyundailivart.co.kr/p/P100022005
P100020170,"",,,"키즈/주니어","","",https://living.hyundailivart.co.kr/p/P100020170
P100020134,"",,,"키즈/주니어","","",https://living.hyundailivart.co.kr/p/P100020134
P100018523,"",,,"키즈/주니어","","",https://living.hyundailivart.co.kr/p/P100018523
P100018514,"",,,"키즈/주니어","","",https://living.hyundailivart.co.kr/p/P100018514
P100017510,"",,,"키즈/주니어","","",https://living.hyundailivart.co.kr/p/P100017510
P100017497,"",,,"키즈/주니어","","",https://living.hyundailivart.co.kr/p/P100017497
P100015265,"",,,"키즈/주니어","","",https://living.hyundailivart.co.kr/p/P100015265
P100015264,"",,,"키즈/주니어","","",https://living.hyundailivart.co.kr/p/P100015264