수집_순서,대분류,중분류,카테고리_경로,상품_ID,브랜드,상품명,판매상태,상품_배지,할인율_pct,정가_원,판매가_원,상품_URL,이미지_URL,수집일시,출처_URL
1,마이스터 컬렉션,,가구 > 마이스터 컬렉션,P200165385,리바트 마이스터 컬렉션,마가리트 3시트 w3310 패브릭 소파(4인용),판매 중,,,5280000,,https://living.hyundailivart.co.kr/p/P200165385,https://static.hyundailivart.co.kr/upload_mall/goods/P200165385/GM43266527_img.jpg?RS=0X250&CS=250X250&AO=1,2026-08-02T22:30:00+09:00,https://living.hyundailivart.co.kr/p/P200165385
2,마이스터 컬렉션,,가구 > 마이스터 컬렉션,P200165386,리바트 마이스터 컬렉션,아르베(ARBRE) w2140 패브릭 소파(3인용),판매 중,,,3290000,,https://living.hyundailivart.co.kr/p/P200165386,https://static.hyundailivart.co.kr/upload_mall/goods/P200165386/GM43241713_img.jpg?RS=0X250&CS=250X250&AO=1,2026-08-02T22:30:00+09:00,https://living.hyundailivart.co.kr/p/P200165386
3,마이스터 컬렉션,,가구 > 마이스터 컬렉션,P200165387,리바트 마이스터 컬렉션,아르베(ARBRE) 1시트 w1170 패브릭 소파(1인용),판매 중,,,1980000,,https://living.hyundailivart.co.kr/p/P200165387,https://static.hyundailivart.co.kr/upload_mall/goods/P200165387/GM43249908_img.jpg?RS=0X250&CS=250X250&AO=1,2026-08-02T22:30:00+09:00,https://living.hyundailivart.co.kr/p/P200165387
4,마이스터 컬렉션,,가구 > 마이스터 컬렉션,P200165392,리바트 마이스터 컬렉션,베이(Bae) w2110 패브릭 소파(3인용),판매 중,,,1740000,,https://living.hyundailivart.co.kr/p/P200165392,https://static.hyundailivart.co.kr/upload_mall/goods/P200165392/GM43255295_img.jpg?RS=0X250&CS=250X250&AO=1,2026-08-02T22:30:00+09:00,https://living.hyundailivart.co.kr/p/P200165392
5,마이스터 컬렉션,,가구 > 마이스터 컬렉션,P200165393,리바트 마이스터 컬렉션,베이(Bae) 1시트 w1020 패브릭 소파(1인용),판매 중,,,924000,,https://living.hyundailivart.co.kr/p/P200165393,https://static.hyundailivart.co.kr/upload_mall/goods/P200165393/GM43256779_img.jpg?RS=0X250&CS=250X250&AO=1,2026-08-02T22:30:00+09:00,https://living.hyundailivart.co.kr/p/P200165393
6,마이스터 컬렉션,,가구 > 마이스터 컬렉션,P200189253,리바트 마이스터 컬렉션,버밀리온 1시트 w980 패브릭 소파(1인용),판매 중,,,1890000,,https://living.hyundailivart.co.kr/p/P200189253,https://static.hyundailivart.co.kr/upload_mall/goods/P200189253/GM43674168_img.jpg?RS=0X250&CS=250X250&AO=1,2026-08-02T22:30:00+09:00,https://living.hyundailivart.co.kr/p/P200189253
7,마이스터 컬렉션,,가구 > 마이스터 컬렉션,P200189309,리바트 마이스터 컬렉션,프레지던스 w3200 가죽 소파(4인용),판매 중,,,10660000,,https://living.hyundailivart.co.kr/p/P200189309,https://static.hyundailivart.co.kr/upload_mall/goods/P200189309/GM43678006_img.jpg?RS=0X250&CS=250X250&AO=1,2026-08-02T22:30:00+09:00,https://living.hyundailivart.co.kr/p/P200189309
8,마이스터 컬렉션,,가구 > 마이스터 컬렉션,P200191349,리바트 마이스터 컬렉션,미키마우스 1시트 w890 패브릭 소파(1인용),판매 중,,,1670000,,https://living.hyundailivart.co.kr/p/P200191349,https://static.hyundailivart.co.kr/upload_mall/goods/P200191349/GM43720616_img.jpg?RS=0X250&CS=250X250&AO=1,2026-08-02T22:30:00+09:00,https://living.hyundailivart.co.kr/p/P200191349
9,화장대/거울/스툴,,가구 > 화장대/거울/스툴,P200194552,리바트 마이스터 컬렉션,룬드 원목 스툴,판매 중,,,315000,,https://living.hyundailivart.co.kr/p/P200194552,https://static.hyundailivart.co.kr/upload_mall/goods/P200194552/GM43802619_img.jpg?RS=0X250&CS=250X250&AO=1,2026-08-02T22:30:00+09:00,https://living.hyundailivart.co.kr/p/P200194552
10,소파,,가구 > 소파,P200191352,리바트 마이스터 컬렉션,미키마우스 1인 패브릭 소파 리본 쿠션,판매 중,,,71000,,https://living.hyundailivart.co.kr/p/P200191352,https://static.hyundailivart.co.kr/upload_mall/goods/P200191352/GM43720635_img.jpg?RS=0X250&CS=250X250&AO=1,2026-08-02T22:30:00+09:00,https://living.hyundailivart.co.kr/p/P200191352
11,마이스터 컬렉션,,가구 > 마이스터 컬렉션,P200198883,리바트 마이스터 컬렉션,플리츠 2시트 w3000 세미에닐린 가죽 소파 (4인용),판매 중,,,6300000,,https://living.hyundailivart.co.kr/p/P200198883,https://static.hyundailivart.co.kr/upload_mall/goods/P200198883/GM43987294_img.jpg?RS=0X250&CS=250X250&AO=1,2026-08-02T22:30:00+09:00,https://living.hyundailivart.co.kr/p/P200198883
12,마이스터 컬렉션,,가구 > 마이스터 컬렉션,P200198484,리바트 마이스터 컬렉션,세렌 2시트 w3100 패브릭 소파 일반형(4인용),판매 중,,,3090000,,https://living.hyundailivart.co.kr/p/P200198484,https://static.hyundailivart.co.kr/upload_mall/goods/P200198484/GM43950868_img.jpg?RS=0X250&CS=250X250&AO=1,2026-08-02T22:30:00+09:00,https://living.hyundailivart.co.kr/p/P200198484
13,마이스터 컬렉션,,가구 > 마이스터 컬렉션,P200198241,리바트 마이스터 컬렉션,세렌 2시트 w3520 패브릭 소파 카우치형(4인용),판매 중,,,3480000,,https://living.hyundailivart.co.kr/p/P200198241,https://static.hyundailivart.co.kr/upload_mall/goods/P200198241/GM43942574_img.jpg?RS=0X250&CS=250X250&AO=1,2026-08-02T22:30:00+09:00,https://living.hyundailivart.co.kr/p/P200198241
14,소파,,가구 > 소파,P200189315,리바트 마이스터 컬렉션,프레지던스 1시트 w1065 패브릭 소파 Ⅰ 등받이 일체형(1인용),판매 중,,,1340000,,https://living.hyundailivart.co.kr/p/P200189315,https://static.hyundailivart.co.kr/upload_mall/goods/P200189315/GM43678036_img.jpg?RS=0X250&CS=250X250&AO=1,2026-08-02T22:30:00+09:00,https://living.hyundailivart.co.kr/p/P200189315
15,소파,,가구 > 소파,P200187605,리바트,[클리어런스] 그래비티 3시트 w2805 가죽 소파(4인용),판매 중,클리어런스,100,17410001262500,27,https://living.hyundailivart.co.kr/p/P200187605,https://static.hyundailivart.co.kr/upload_mall/goods/P200187605/GM43615079_img.jpg?RS=0X250&CS=250X250&AO=1,2026-08-02T22:30:00+09:00,https://living.hyundailivart.co.kr/p/P200187605
16,소파,,가구 > 소파,P200187602,리바트,[클리어런스] 코트니 2시트 w2120 가죽 소파(3인용),판매 중,클리어런스,100,1271000897700,29,https://living.hyundailivart.co.kr/p/P200187602,https://static.hyundailivart.co.kr/upload_mall/goods/P200187602/GM43616190_img.jpg?RS=0X250&CS=250X250&AO=1,2026-08-02T22:30:00+09:00,https://living.hyundailivart.co.kr/p/P200187602
17,소파,,가구 > 소파,P200187908,리바트,[클리어런스] 네오 뉴탐 1시트 w760 패브릭 소파(1인용),판매 중,클리어런스,100,365000291600,20,https://living.hyundailivart.co.kr/p/P200187908,https://static.hyundailivart.co.kr/upload_mall/goods/P200187908/GM43638580_img.jpg?RS=0X250&CS=250X250&AO=1,2026-08-02T22:30:00+09:00,https://living.hyundailivart.co.kr/p/P200187908
18,소파,,가구 > 소파,P200195308,리바트,카모아 3시트 w2950 패브릭 슬라이딩 리클라이너 소파(4인용),판매 중,,100,28900002745000,5,https://living.hyundailivart.co.kr/p/P200195308,https://static.hyundailivart.co.kr/upload_mall/goods/P200195308/GM43830148_img.jpg?RS=0X250&CS=250X250&AO=1,2026-08-02T22:30:00+09:00,https://living.hyundailivart.co.kr/p/P200195308
19,소파,,가구 > 소파,P200092739,리바트,[클리어런스] 로데 2시트 w1970 패브릭 소파(3인용),판매 중,클리어런스,100,585000448400,23,https://living.hyundailivart.co.kr/p/P200092739,https://static.hyundailivart.co.kr/upload_mall/goods/P200092739/GM41924557_img.jpg?RS=0X250&CS=250X250&AO=1,2026-08-02T22:30:00+09:00,https://living.hyundailivart.co.kr/p/P200092739
20,소파,,가구 > 소파,P200184737,리바트,[클리어런스] 마카다미아 3시트 w3380 패브릭 소파 카우치형(4인용),판매 중,클리어런스,100,16680001167500,30,https://living.hyundailivart.co.kr/p/P200184737,https://static.hyundailivart.co.kr/upload_mall/goods/P200184737/GM43544343_img.jpg?RS=0X250&CS=250X250&AO=1,2026-08-02T22:30:00+09:00,https://living.hyundailivart.co.kr/p/P200184737
21,소파,,가구 > 소파,P200183507,리바트,[클리어런스] 스모어 3시트 w2800 패브릭 소파(4인용),판매 중,클리어런스,100,1134000845500,25,https://living.hyundailivart.co.kr/p/P200183507,https://static.hyundailivart.co.kr/upload_mall/goods/P200183507/GM43531685_img.jpg?RS=0X250&CS=250X250&AO=1,2026-08-02T22:30:00+09:00,https://living.hyundailivart.co.kr/p/P200183507
22,소파,,가구 > 소파,P200134639,리바트,[클리어런스] 오브니 3시트 w2950 패브릭 소파 와이드형(4인용),판매 중,클리어런스,100,16780001450600,14,https://living.hyundailivart.co.kr/p/P200134639,https://static.hyundailivart.co.kr/upload_mall/goods/P200134639/GM43588581_img.jpg?RS=0X250&CS=250X250&AO=1,2026-08-02T22:30:00+09:00,https://living.hyundailivart.co.kr/p/P200134639
23,소파,,가구 > 소파,P100034403,리바트,브루트 3시트 w2600 가죽 소파(4인용),판매 중,,100,16980001545000,9,https://living.hyundailivart.co.kr/p/P100034403,https://static.hyundailivart.co.kr/upload_mall/goods/P100034403/GM41153853_img.jpg?RS=0X250&CS=250X250&AO=1,2026-08-02T22:30:00+09:00,https://living.hyundailivart.co.kr/p/P100034403
24,소파,,가구 > 소파,P200202912,리바트,카모아 3시트 w2950 가죽 슬라이딩 리클라이너 소파(4인용),판매 중,,100,39900003790000,5,https://living.hyundailivart.co.kr/p/P200202912,https://static.hyundailivart.co.kr/upload_mall/goods/P200202912/GM44077373_img.jpg?RS=0X250&CS=250X250&AO=1,2026-08-02T22:30:00+09:00,https://living.hyundailivart.co.kr/p/P200202912
25,소파,,가구 > 소파,P200184736,리바트,[클리어런스] 마카다미아 2시트 w2480 패브릭 소파 카우치형(3인용),판매 중,클리어런스,100,1217000850200,30,https://living.hyundailivart.co.kr/p/P200184736,https://static.hyundailivart.co.kr/upload_mall/goods/P200184736/GM43544333_img.jpg?RS=0X250&CS=250X250&AO=1,2026-08-02T22:30:00+09:00,https://living.hyundailivart.co.kr/p/P200184736
26,소파,,가구 > 소파,P200196357,리바트,그란디오소 프리모 3시트 w2795 가죽소파(4인용),판매 중,,,3090000,,https://living.hyundailivart.co.kr/p/P200196357,https://static.hyundailivart.co.kr/upload_mall/goods/P200196357/GM43863587_img.jpg?RS=0X250&CS=250X250&AO=1,2026-08-02T22:30:00+09:00,https://living.hyundailivart.co.kr/p/P200196357
27,소파,,가구 > 소파,P200187608,리바트,[클리어런스] 그래비티 2시트 w2080 가죽 소파(3인용),판매 중,클리어런스,100,1340000970900,28,https://living.hyundailivart.co.kr/p/P200187608,https://static.hyundailivart.co.kr/upload_mall/goods/P200187608/GM43635180_img.jpg?RS=0X250&CS=250X250&AO=1,2026-08-02T22:30:00+09:00,https://living.hyundailivart.co.kr/p/P200187608
28,소파,,가구 > 소파,P200089504,리바트,리르 3시트 w3000 가죽 소파 일반형(4인용),판매 중,,100,24580002237000,9,https://living.hyundailivart.co.kr/p/P200089504,https://static.hyundailivart.co.kr/upload_mall/goods/P200089504/GM41839529_img.jpg?RS=0X250&CS=250X250&AO=1,2026-08-02T22:30:00+09:00,https://living.hyundailivart.co.kr/p/P200089504
29,소파,,가구 > 소파,P200183505,리바트,[클리어런스] 스모어 2시트 w2120 패브릭 소파(3인용),판매 중,클리어런스,100,834000621300,26,https://living.hyundailivart.co.kr/p/P200183505,https://static.hyundailivart.co.kr/upload_mall/goods/P200183505/GM43531543_img.jpg?RS=0X250&CS=250X250&AO=1,2026-08-02T22:30:00+09:00,https://living.hyundailivart.co.kr/p/P200183505
30,소파,,가구 > 소파,P200089505,리바트,리르 3시트 w2600 가죽 소파 컴팩트형(4인용),판매 중,,100,21170001926000,9,https://living.hyundailivart.co.kr/p/P200089505,https://static.hyundailivart.co.kr/upload_mall/goods/P200089505/GM41839755_img.jpg?RS=0X250&CS=250X250&AO=1,2026-08-02T22:30:00+09:00,https://living.hyundailivart.co.kr/p/P200089505
31,소파,,가구 > 소파,P200061933,리바트,로이머 3시트 w2400 패브릭 리클라이너 소파 양면형(3.5인용),판매 중,,,2798000,,https://living.hyundailivart.co.kr/p/P200061933,https://static.hyundailivart.co.kr/upload_mall/goods/P200061933/GM41184104_img.jpg?RS=0X250&CS=250X250&AO=1,2026-08-02T22:30:00+09:00,https://living.hyundailivart.co.kr/p/P200061933
32,소파,,가구 > 소파,P200198067,리바트,카모아 2시트 w2560 패브릭 슬라이딩 리클라이너 소파(3.5인용),판매 중,,100,24500002327000,5,https://living.hyundailivart.co.kr/p/P200198067,https://static.hyundailivart.co.kr/upload_mall/goods/P200198067/GM43939309_img.jpg?RS=0X250&CS=250X250&AO=1,2026-08-02T22:30:00+09:00,https://living.hyundailivart.co.kr/p/P200198067
33,소파,,가구 > 소파,P200187860,리바트,더 마제스 3시트 w3280 가죽 리클라이너 소파 홈바형(4인용),판매 중,,,4428000,,https://living.hyundailivart.co.kr/p/P200187860,https://static.hyundailivart.co.kr/upload_mall/goods/P200187860/GM43933501_img.jpg?RS=0X250&CS=250X250&AO=1,2026-08-02T22:30:00+09:00,https://living.hyundailivart.co.kr/p/P200187860
34,소파,,가구 > 소파,P200168513,리바트,[클리어런스] 몰리세 3시트 w2700 패브릭 리클라이너 소파(4인용),판매 중,클리어런스,100,22660002006400,11,https://living.hyundailivart.co.kr/p/P200168513,https://static.hyundailivart.co.kr/upload_mall/goods/P100034262/GM40376508_img.jpg?RS=0X250&CS=250X250&AO=1,2026-08-02T22:30:00+09:00,https://living.hyundailivart.co.kr/p/P200168513
35,소파,,가구 > 소파,P200196337,리바트,미유모어 3시트 w2500 가죽 리클라이너 소파 일면형 시트렌치 소프트 샌드(3.5인용),판매 중,,,2250000,,https://living.hyundailivart.co.kr/p/P200196337,https://static.hyundailivart.co.kr/upload_mall/goods/P200196337/GM43878146_img.jpg?RS=0X250&CS=250X250&AO=1,2026-08-02T22:30:00+09:00,https://living.hyundailivart.co.kr/p/P200196337
36,소파,,가구 > 소파,P200180915,리바트,[클리어런스] 캐슈넛 2시트 w2800 패브릭 리클라이너 소파 일면형(4인용),판매 중,클리어런스,100,18100001300500,28,https://living.hyundailivart.co.kr/p/P200180915,https://static.hyundailivart.co.kr/upload_mall/goods/P200180915/GM43624723_img.jpg?RS=0X250&CS=250X250&AO=1,2026-08-02T22:30:00+09:00,https://living.hyundailivart.co.kr/p/P200180915
37,소파,,가구 > 소파,P200183506,리바트,[클리어런스] 스모어 2시트 w2520 패브릭 소파(3.5인용),판매 중,클리어런스,100,994000741000,25,https://living.hyundailivart.co.kr/p/P200183506,https://static.hyundailivart.co.kr/upload_mall/goods/P200183506/GM43531601_img.jpg?RS=0X250&CS=250X250&AO=1,2026-08-02T22:30:00+09:00,https://living.hyundailivart.co.kr/p/P200183506
38,소파,,가구 > 소파,P200187863,리바트,더 마제스 3시트 w2930 가죽 리클라이너 소파(4인용),판매 중,,,3850000,,https://living.hyundailivart.co.kr/p/P200187863,https://static.hyundailivart.co.kr/upload_mall/goods/P200187863/GM43637392_img.jpg?RS=0X250&CS=250X250&AO=1,2026-08-02T22:30:00+09:00,https://living.hyundailivart.co.kr/p/P200187863
39,소파,,가구 > 소파,P200198701,리바트,NEW온드 2시트 w2400 패브릭 소파(3인용),판매 중,,,1210000,,https://living.hyundailivart.co.kr/p/P200198701,https://static.hyundailivart.co.kr/upload_mall/goods/P200198701/GM43963766_img.jpg?RS=0X250&CS=250X250&AO=1,2026-08-02T22:30:00+09:00,https://living.hyundailivart.co.kr/p/P200198701
40,소파,,가구 > 소파,P200196333,리바트,미유모어 3시트 w2500 가죽 소파 시트렌치 소프트 샌드(3.5인용),판매 중,,,1950000,,https://living.hyundailivart.co.kr/p/P200196333,https://static.hyundailivart.co.kr/upload_mall/goods/P200196333/GM43877995_img.jpg?RS=0X250&CS=250X250&AO=1,2026-08-02T22:30:00+09:00,https://living.hyundailivart.co.kr/p/P200196333
41,소파,,가구 > 소파,P200061876,리바트,[클리어런스] 몰리세 2시트 w1900 가죽 리클라이너 소파(3인용),판매 중,클리어런스,100,20250001750800,14,https://living.hyundailivart.co.kr/p/P200061876,https://static.hyundailivart.co.kr/upload_mall/goods/P200061876/GM41196941_img.jpg?RS=0X250&CS=250X250&AO=1,2026-08-02T22:30:00+09:00,https://living.hyundailivart.co.kr/p/P200061876
42,소파,,가구 > 소파,P200187890,리바트,[클리어런스] 네오 뉴탐 3시트 w1950 패브릭 소파(3인용),판매 중,클리어런스,100,828000662100,20,https://living.hyundailivart.co.kr/p/P200187890,https://static.hyundailivart.co.kr/upload_mall/goods/P200187890/GM43668318_img.jpg?RS=0X250&CS=250X250&AO=1,2026-08-02T22:30:00+09:00,https://living.hyundailivart.co.kr/p/P200187890
43,소파,,가구 > 소파,P200116392,리바트,띠에르노 3시트 w2890 가죽 소파(4인용),판매 중,,100,39360003542000,10,https://living.hyundailivart.co.kr/p/P200116392,https://static.hyundailivart.co.kr/upload_mall/goods/P200116392/GM42343325_img.jpg?RS=0X250&CS=250X250&AO=1,2026-08-02T22:30:00+09:00,https://living.hyundailivart.co.kr/p/P200116392
44,소파,,가구 > 소파,P200181188,리바트,[클리어런스] 아일레 w2110 패브릭 소파(3인용),판매 중,클리어런스,,1090000,,https://living.hyundailivart.co.kr/p/P200181188,https://static.hyundailivart.co.kr/upload_mall/goods/P200181188/GM43486475_img.jpg?RS=0X250&CS=250X250&AO=1,2026-08-02T22:30:00+09:00,https://living.hyundailivart.co.kr/p/P200181188
45,소파,,가구 > 소파,P200134640,리바트,[클리어런스] 오브니 2시트 w2100 패브릭 소파(3인용),판매 중,클리어런스,100,12420001073500,14,https://living.hyundailivart.co.kr/p/P200134640,https://static.hyundailivart.co.kr/upload_mall/goods/P200134640/GM43588546_img.jpg?RS=0X250&CS=250X250&AO=1,2026-08-02T22:30:00+09:00,https://living.hyundailivart.co.kr/p/P200134640
46,소파,,가구 > 소파,P200134634,리바트,[클리어런스] 오브니 3시트 w2950 패브릭 소파 와이드형 부클레(4인용),판매 중,클리어런스,100,18400001590300,14,https://living.hyundailivart.co.kr/p/P200134634,https://static.hyundailivart.co.kr/upload_mall/goods/P200134634/GM43588591_img.jpg?RS=0X250&CS=250X250&AO=1,2026-08-02T22:30:00+09:00,https://living.hyundailivart.co.kr/p/P200134634
47,소파,,가구 > 소파,P200194615,리바트,[클리어런스] 네오 뉴탐 패브릭 소파 커버,판매 중,클리어런스,100,5600048400,14,https://living.hyundailivart.co.kr/p/P200194615,https://static.hyundailivart.co.kr/upload_mall/goods/P200194615/GM43816499_img.jpg?RS=0X250&CS=250X250&AO=1,2026-08-02T22:30:00+09:00,https://living.hyundailivart.co.kr/p/P200194615
48,소파,,가구 > 소파,P200168509,리바트,[클리어런스] 몰리세 3시트 w2700 패브릭 소파 헤드틸팅형(4인용),판매 중,클리어런스,100,16390001416400,14,https://living.hyundailivart.co.kr/p/P200168509,https://static.hyundailivart.co.kr/upload_mall/goods/P200037639/GM40609958_img.jpg?RS=0X250&CS=250X250&AO=1,2026-08-02T22:30:00+09:00,https://living.hyundailivart.co.kr/p/P200168509
49,소파,,가구 > 소파,P200195913,리바트,라에르 3시트 w2950 가죽 소파(4인용),판매 중,,,2790000,,https://living.hyundailivart.co.kr/p/P200195913,https://static.hyundailivart.co.kr/upload_mall/goods/P200195913/GM43860042_img.jpg?RS=0X250&CS=250X250&AO=1,2026-08-02T22:30:00+09:00,https://living.hyundailivart.co.kr/p/P200195913
50,소파,,가구 > 소파,P200186800,리바트,더 마제스 3시트 w2980 가죽 소파 와이드형(4인용),판매 중,,,2851000,,https://living.hyundailivart.co.kr/p/P200186800,https://static.hyundailivart.co.kr/upload_mall/goods/P200186800/GM43934475_img.jpg?RS=0X250&CS=250X250&AO=1,2026-08-02T22:30:00+09:00,https://living.hyundailivart.co.kr/p/P200186800
51,소파,,가구 > 소파,P200186803,리바트,더 마제스 3시트 w2800 가죽 소파(4인용),판매 중,,,2695000,,https://living.hyundailivart.co.kr/p/P200186803,https://static.hyundailivart.co.kr/upload_mall/goods/P200186803/GM43610080_img.jpg?RS=0X250&CS=250X250&AO=1,2026-08-02T22:30:00+09:00,https://living.hyundailivart.co.kr/p/P200186803
52,소파,,가구 > 소파,P100034400,리바트,브루트 2시트 w1900 가죽 소파(3인용),판매 중,,100,14150001288000,9,https://living.hyundailivart.co.kr/p/P100034400,https://static.hyundailivart.co.kr/upload_mall/goods/P100034400/GM41153615_img.jpg?RS=0X250&CS=250X250&AO=1,2026-08-02T22:30:00+09:00,https://living.hyundailivart.co.kr/p/P100034400
53,소파,,가구 > 소파,P200089503,리바트,리르 3시트 w3000 가죽 소파 스윙백(4인용),판매 중,,100,29370002673000,9,https://living.hyundailivart.co.kr/p/P200089503,https://static.hyundailivart.co.kr/upload_mall/goods/P200089503/GM41836504_img.jpg?RS=0X250&CS=250X250&AO=1,2026-08-02T22:30:00+09:00,https://living.hyundailivart.co.kr/p/P200089503
54,소파,,가구 > 소파,P200196335,리바트,미유모어 3시트 w2500 가죽 리클라이너 소파 양면형 시트렌치 소프트 샌드(3.5인용),판매 중,,,2570000,,https://living.hyundailivart.co.kr/p/P200196335,https://static.hyundailivart.co.kr/upload_mall/goods/P200196335/GM43878112_img.jpg?RS=0X250&CS=250X250&AO=1,2026-08-02T22:30:00+09:00,https://living.hyundailivart.co.kr/p/P200196335
55,소파,,가구 > 소파,P200186806,리바트,더 마제스 3시트 w2600 가죽 소파(3.5인용),판매 중,,,2576000,,https://living.hyundailivart.co.kr/p/P200186806,https://static.hyundailivart.co.kr/upload_mall/goods/P200186806/GM43940007_img.png?RS=0X250&CS=250X250&AO=1,2026-08-02T22:30:00+09:00,https://living.hyundailivart.co.kr/p/P200186806
56,소파,,가구 > 소파,P200195909,리바트,라에르 2시트 w2600 가죽 소파(3.5인용),판매 중,,,2490000,,https://living.hyundailivart.co.kr/p/P200195909,https://static.hyundailivart.co.kr/upload_mall/goods/P200195909/GM43860047_img.jpg?RS=0X250&CS=250X250&AO=1,2026-08-02T22:30:00+09:00,https://living.hyundailivart.co.kr/p/P200195909
57,소파,,가구 > 소파,P200167914,리바트,더유닛 2시트 w2240 패브릭 리클라이너 소파 양면형(3인용),판매 중,,100,26580002392000,10,https://living.hyundailivart.co.kr/p/P200167914,https://static.hyundailivart.co.kr/upload_mall/goods/P200167914/GM43552508_img.jpg?RS=0X250&CS=250X250&AO=1,2026-08-02T22:30:00+09:00,https://living.hyundailivart.co.kr/p/P200167914
58,소파,,가구 > 소파,P200167915,리바트,더유닛 3시트 w3060 패브릭 소파 일반형(4인용),판매 중,,100,25420002288000,10,https://living.hyundailivart.co.kr/p/P200167915,https://static.hyundailivart.co.kr/upload_mall/goods/P200167915/GM43552482_img.jpg?RS=0X250&CS=250X250&AO=1,2026-08-02T22:30:00+09:00,https://living.hyundailivart.co.kr/p/P200167915
59,소파,,가구 > 소파,P200099514,리바트,노이 3시트 w2800 가죽 소파 일반형(4인용),판매 중,,,2198000,,https://living.hyundailivart.co.kr/p/P200099514,https://static.hyundailivart.co.kr/upload_mall/goods/P200099514/GM41991512_img.jpg?RS=0X250&CS=250X250&AO=1,2026-08-02T22:30:00+09:00,https://living.hyundailivart.co.kr/p/P200099514
60,소파,,가구 > 소파,P200099512,리바트,노이 2시트 w2385 가죽 소파 일반형(3.5인용),판매 중,,,2036000,,https://living.hyundailivart.co.kr/p/P200099512,https://static.hyundailivart.co.kr/upload_mall/goods/P200099512/GM41995640_img.jpg?RS=0X250&CS=250X250&AO=1,2026-08-02T22:30:00+09:00,https://living.hyundailivart.co.kr/p/P200099512
61,소파,,가구 > 소파,P200061878,리바트,[클리어런스] 몰리세 3시트 w2620 가죽 리클라이너 소파(4인용),판매 중,클리어런스,100,24540002121300,14,https://living.hyundailivart.co.kr/p/P200061878,https://static.hyundailivart.co.kr/upload_mall/goods/P200061878/GM41197007_img.jpg?RS=0X250&CS=250X250&AO=1,2026-08-02T22:30:00+09:00,https://living.hyundailivart.co.kr/p/P200061878
62,소파,,가구 > 소파,P200187878,리바트 세계가구,[클리어런스] 클로버 2시트 w2680 패브릭 소파(4인용),판매 중,클리어런스,100,905000669000,26,https://living.hyundailivart.co.kr/p/P200187878,https://static.hyundailivart.co.kr/upload_mall/goods/P200187878/GM43740015_img.jpg?RS=0X250&CS=250X250&AO=1,2026-08-02T22:30:00+09:00,https://living.hyundailivart.co.kr/p/P200187878
63,소파,,가구 > 소파,P200196338,리바트,미유모어 3시트 w2800 가죽 리클라이너 소파 일면형 시트렌치 소프트 샌드(4인용),판매 중,,,2510000,,https://living.hyundailivart.co.kr/p/P200196338,https://static.hyundailivart.co.kr/upload_mall/goods/P200196338/GM43878167_img.jpg?RS=0X250&CS=250X250&AO=1,2026-08-02T22:30:00+09:00,https://living.hyundailivart.co.kr/p/P200196338
64,소파,,가구 > 소파,P200196334,리바트,미유모어 3시트 w2800 가죽 소파 시트렌치 소프트 샌드(4인용),판매 중,,,2150000,,https://living.hyundailivart.co.kr/p/P200196334,https://static.hyundailivart.co.kr/upload_mall/goods/P200196334/GM43878091_img.jpg?RS=0X250&CS=250X250&AO=1,2026-08-02T22:30:00+09:00,https://living.hyundailivart.co.kr/p/P200196334
65,소파,,가구 > 소파,P200197259,리바트,모엘르 1시트 w1055 가죽 리클라이너 소파(1인용),판매 중,,,1690000,,https://living.hyundailivart.co.kr/p/P200197259,https://static.hyundailivart.co.kr/upload_mall/goods/P200197259/GM43932406_img.jpg?RS=0X250&CS=250X250&AO=1,2026-08-02T22:30:00+09:00,https://living.hyundailivart.co.kr/p/P200197259
66,소파,,가구 > 소파,P200198703,리바트,NEW온드 3시트 w3200 패브릭 소파 와이드형(4인용),판매 중,,,1640000,,https://living.hyundailivart.co.kr/p/P200198703,https://static.hyundailivart.co.kr/upload_mall/goods/P200198703/GM44006829_img.jpg?RS=0X250&CS=250X250&AO=1,2026-08-02T22:30:00+09:00,https://living.hyundailivart.co.kr/p/P200198703
67,소파,,가구 > 소파,P200168514,리바트,[클리어런스] 몰리세 2시트 w1930 패브릭 리클라이너 소파(3인용),판매 중,클리어런스,100,19070001687200,12,https://living.hyundailivart.co.kr/p/P200168514,https://static.hyundailivart.co.kr/upload_mall/goods/P100034259/GM40376441_img.jpg?RS=0X250&CS=250X250&AO=1,2026-08-02T22:30:00+09:00,https://living.hyundailivart.co.kr/p/P200168514
68,소파,,가구 > 소파,P200202248,리바트,NEW온드 2시트 w2400 패브릭 소파 오토만 포함(3인용),판매 중,,,1514000,,https://living.hyundailivart.co.kr/p/P200202248,https://static.hyundailivart.co.kr/upload_mall/goods/P200202248/GM44054959_img.jpg?RS=0X250&CS=250X250&AO=1,2026-08-02T22:30:00+09:00,https://living.hyundailivart.co.kr/p/P200202248
69,소파,,가구 > 소파,P200189307,리바트 세계가구,[클리어런스] 브리오 3시트 w3585 패브릭 소파 스윙백(4인용),판매 중,클리어런스,100,21070001585000,25,https://living.hyundailivart.co.kr/p/P200189307,https://static.hyundailivart.co.kr/upload_mall/goods/P200189307/GM43684568_img.jpg?RS=0X250&CS=250X250&AO=1,2026-08-02T22:30:00+09:00,https://living.hyundailivart.co.kr/p/P200189307
70,소파,,가구 > 소파,P200198702,리바트,NEW온드 3시트 w2800 패브릭 소파 오픈형(4인용),판매 중,,,1400000,,https://living.hyundailivart.co.kr/p/P200198702,https://static.hyundailivart.co.kr/upload_mall/goods/P200198702/GM43963796_img.jpg?RS=0X250&CS=250X250&AO=1,2026-08-02T22:30:00+09:00,https://living.hyundailivart.co.kr/p/P200198702
71,소파,,가구 > 소파,P200187917,리바트,[클리어런스] 네오 뉴탐 1인 패브릭 흔들의자,판매 중,클리어런스,100,437000343900,21,https://living.hyundailivart.co.kr/p/P200187917,https://static.hyundailivart.co.kr/upload_mall/goods/P200187917/GM43654172_img.jpg?RS=0X250&CS=250X250&AO=1,2026-08-02T22:30:00+09:00,https://living.hyundailivart.co.kr/p/P200187917
72,소파,,가구 > 소파,P200196963,리바트 세계가구,[클리어런스] 프랄리네 1시트 w1310 패브릭 소파(2인용),판매 중,클리어런스,100,584000472000,19,https://living.hyundailivart.co.kr/p/P200196963,https://static.hyundailivart.co.kr/upload_mall/goods/P200196963/GM43910669_img.jpg?RS=0X250&CS=250X250&AO=1,2026-08-02T22:30:00+09:00,https://living.hyundailivart.co.kr/p/P200196963
73,소파,,가구 > 소파,P200191169,리바트,[클리어런스] 스모어 2시트 w1800 패브릭 소파 컴팩트형(3인용),판매 중,클리어런스,100,797000614600,23,https://living.hyundailivart.co.kr/p/P200191169,https://static.hyundailivart.co.kr/upload_mall/goods/P200191169/GM43710483_img.jpg?RS=0X250&CS=250X250&AO=1,2026-08-02T22:30:00+09:00,https://living.hyundailivart.co.kr/p/P200191169
74,소파,,가구 > 소파,P200106880,리바트,모인 포근소파(선택구성),판매 중,,100,539000216000,60,https://living.hyundailivart.co.kr/p/P200106880,https://static.hyundailivart.co.kr/upload_mall/goods/P200106880/GM42291873_img.jpg?RS=0X250&CS=250X250&AO=1,2026-08-02T22:30:00+09:00,https://living.hyundailivart.co.kr/p/P200106880
75,소파,,가구 > 소파,P200198700,리바트,NEW온드 1시트 w800 패브릭 소파(1인용),판매 중,,,435000,,https://living.hyundailivart.co.kr/p/P200198700,https://static.hyundailivart.co.kr/upload_mall/goods/P200198700/GM43963729_img.jpg?RS=0X250&CS=250X250&AO=1,2026-08-02T22:30:00+09:00,https://living.hyundailivart.co.kr/p/P200198700
76,소파,,가구 > 소파,P200196736,리바트 세계가구,[클리어런스] 캐러멜 2시트 w2400 패브릭 소파(3인용),판매 중,클리어런스,100,1030000979000,5,https://living.hyundailivart.co.kr/p/P200196736,https://static.hyundailivart.co.kr/upload_mall/goods/P200196736/GM43883205_img.jpg?RS=0X250&CS=250X250&AO=1,2026-08-02T22:30:00+09:00,https://living.hyundailivart.co.kr/p/P200196736
77,소파,,가구 > 소파,P200145552,리바트,[클리어런스] 오브니 1시트 w850 패브릭 소파 부클레(1인용),판매 중,클리어런스,100,487000420800,14,https://living.hyundailivart.co.kr/p/P200145552,https://static.hyundailivart.co.kr/upload_mall/goods/P200145552/GM43588518_img.jpg?RS=0X250&CS=250X250&AO=1,2026-08-02T22:30:00+09:00,https://living.hyundailivart.co.kr/p/P200145552
78,소파,,가구 > 소파,P200089506,리바트,리르 w1100 가죽 소파 오토만 일반형,판매 중,,100,436000397000,9,https://living.hyundailivart.co.kr/p/P200089506,https://static.hyundailivart.co.kr/upload_mall/goods/P200089506/GM41849488_img.jpg?RS=0X250&CS=250X250&AO=1,2026-08-02T22:30:00+09:00,https://living.hyundailivart.co.kr/p/P200089506
79,소파,,가구 > 소파,P200134641,리바트,[클리어런스] 오브니 1시트 w850 패브릭 소파(1인용),판매 중,클리어런스,100,438000379000,13,https://living.hyundailivart.co.kr/p/P200134641,https://static.hyundailivart.co.kr/upload_mall/goods/P200134641/GM42674923_img.jpg?RS=0X250&CS=250X250&AO=1,2026-08-02T22:30:00+09:00,https://living.hyundailivart.co.kr/p/P200134641
80,소파,,가구 > 소파,P200196961,리바트 세계가구,[클리어런스] 프랄리네 3시트 w2600 패브릭 소파(3.5인용),판매 중,클리어런스,100,1004000811000,19,https://living.hyundailivart.co.kr/p/P200196961,https://static.hyundailivart.co.kr/upload_mall/goods/P200196961/GM43910229_img.jpg?RS=0X250&CS=250X250&AO=1,2026-08-02T22:30:00+09:00,https://living.hyundailivart.co.kr/p/P200196961
81,소파,,가구 > 소파,P200145725,리바트,로지 1시트 w1050 패브릭 소파(1인용),판매 중,,,699000,,https://living.hyundailivart.co.kr/p/P200145725,https://static.hyundailivart.co.kr/upload_mall/goods/P200145725/GM42874761_img.jpg?RS=0X250&CS=250X250&AO=1,2026-08-02T22:30:00+09:00,https://living.hyundailivart.co.kr/p/P200145725
82,소파,,가구 > 소파,P200181190,리바트,[클리어런스] 아일레 w780 패브릭 소파 오토만,판매 중,클리어런스,,325000,,https://living.hyundailivart.co.kr/p/P200181190,https://static.hyundailivart.co.kr/upload_mall/goods/P200181190/GM43486527_img.jpg?RS=0X250&CS=250X250&AO=1,2026-08-02T22:30:00+09:00,https://living.hyundailivart.co.kr/p/P200181190
83,소파,,가구 > 소파,P100011643,리바트,[클리어런스] 듀엣모노 컴팩트 2시트 w1710 패브릭 소파(3인용),판매 중,클리어런스,100,698000588000,16,https://living.hyundailivart.co.kr/p/P100011643,https://static.hyundailivart.co.kr/upload_mall/goods/P100011643/GM41693243_img.jpg?RS=0X250&CS=250X250&AO=1,2026-08-02T22:30:00+09:00,https://living.hyundailivart.co.kr/p/P100011643
84,소파,,가구 > 소파,P200196964,리바트 세계가구,[클리어런스] 프랄리네 1시트 w900 패브릭 소파 코너형(1인용),판매 중,클리어런스,100,354000286000,19,https://living.hyundailivart.co.kr/p/P200196964,https://static.hyundailivart.co.kr/upload_mall/goods/P200196964/GM43910694_img.jpg?RS=0X250&CS=250X250&AO=1,2026-08-02T22:30:00+09:00,https://living.hyundailivart.co.kr/p/P200196964
85,소파,,가구 > 소파,P200181189,리바트,[클리어런스] 아일레 1시트 w845 패브릭 소파(1인용),판매 중,클리어런스,,544000,,https://living.hyundailivart.co.kr/p/P200181189,https://static.hyundailivart.co.kr/upload_mall/goods/P200181189/GM43486488_img.jpg?RS=0X250&CS=250X250&AO=1,2026-08-02T22:30:00+09:00,https://living.hyundailivart.co.kr/p/P200181189
86,소파,,가구 > 소파,P200124427,리바트 세계가구,[클리어런스] 프리즘 1시트 w1030 패브릭 소파(1인용),판매 중,클리어런스,100,524000287000,45,https://living.hyundailivart.co.kr/p/P200124427,https://static.hyundailivart.co.kr/upload_mall/goods/P200124427/GM42532815_img.jpg?RS=0X250&CS=250X250&AO=1,2026-08-02T22:30:00+09:00,https://living.hyundailivart.co.kr/p/P200124427
87,소파,,가구 > 소파,P200187926,리바트,[클리어런스] 네오 뉴탐 w600 패브릭 소파 오토만,판매 중,클리어런스,100,153000131100,14,https://living.hyundailivart.co.kr/p/P200187926,https://static.hyundailivart.co.kr/upload_mall/goods/P200187926/GM43638592_img.jpg?RS=0X250&CS=250X250&AO=1,2026-08-02T22:30:00+09:00,https://living.hyundailivart.co.kr/p/P200187926
88,소파,,가구 > 소파,P200187881,리바트 세계가구,[클리어런스] 클로버 2시트 w2000 패브릭 소파(3인용),판매 중,클리어런스,100,676000499000,26,https://living.hyundailivart.co.kr/p/P200187881,https://static.hyundailivart.co.kr/upload_mall/goods/P200187881/GM43620233_img.jpg?RS=0X250&CS=250X250&AO=1,2026-08-02T22:30:00+09:00,https://living.hyundailivart.co.kr/p/P200187881
89,소파,,가구 > 소파,P200186812,리바트,더 마제스 w1085 가죽 소파 오토만,판매 중,,,505000,,https://living.hyundailivart.co.kr/p/P200186812,https://static.hyundailivart.co.kr/upload_mall/goods/P200186812/GM43639988_img.jpg?RS=0X250&CS=250X250&AO=1,2026-08-02T22:30:00+09:00,https://living.hyundailivart.co.kr/p/P200186812
90,소파,,가구 > 소파,P200187899,리바트,[클리어런스] 네오 뉴탐 2시트 w1350 패브릭 소파(2인용),판매 중,클리어런스,100,607000486400,20,https://living.hyundailivart.co.kr/p/P200187899,https://static.hyundailivart.co.kr/upload_mall/goods/P200187899/GM43638559_img.jpg?RS=0X250&CS=250X250&AO=1,2026-08-02T22:30:00+09:00,https://living.hyundailivart.co.kr/p/P200187899
91,소파,,가구 > 소파,P200197362,리바트 세계가구,[클리어런스] 파피에 1시트 w735 패브릭 소파 스툴 포함(1인용),판매 중,클리어런스,,385000,,https://living.hyundailivart.co.kr/p/P200197362,https://static.hyundailivart.co.kr/upload_mall/goods/P200197362/GM43928312_img.jpg?RS=0X250&CS=250X250&AO=1,2026-08-02T22:30:00+09:00,https://living.hyundailivart.co.kr/p/P200197362
92,소파,,가구 > 소파,P200089507,리바트,리르 w960 가죽 소파 오토만 컴팩트형,판매 중,,100,404000368000,9,https://living.hyundailivart.co.kr/p/P200089507,https://static.hyundailivart.co.kr/upload_mall/goods/P200089507/GM41849625_img.jpg?RS=0X250&CS=250X250&AO=1,2026-08-02T22:30:00+09:00,https://living.hyundailivart.co.kr/p/P200089507
93,소파,,가구 > 소파,P200178498,리바트 세계가구,[클리어런스] 그래블 1시트 w750 패브릭 소파(1인용),판매 중,클리어런스,100,417000266000,36,https://living.hyundailivart.co.kr/p/P200178498,https://static.hyundailivart.co.kr/upload_mall/goods/P200178498/GM43514078_img.jpg?RS=0X250&CS=250X250&AO=1,2026-08-02T22:30:00+09:00,https://living.hyundailivart.co.kr/p/P200178498
94,소파,,가구 > 소파,P200196965,리바트 세계가구,[클리어런스] 프랄리네 1시트 w800 패브릭 소파 암리스형(1인용),판매 중,클리어런스,100,296000239000,19,https://living.hyundailivart.co.kr/p/P200196965,https://static.hyundailivart.co.kr/upload_mall/goods/P200196965/GM43910721_img.jpg?RS=0X250&CS=250X250&AO=1,2026-08-02T22:30:00+09:00,https://living.hyundailivart.co.kr/p/P200196965
95,소파,,가구 > 소파,P200196966,리바트 세계가구,[클리어런스] 프랄리네 w650 패브릭 소파 오토만,판매 중,클리어런스,100,257000209000,19,https://living.hyundailivart.co.kr/p/P200196966,https://static.hyundailivart.co.kr/upload_mall/goods/P200196966/GM43910740_img.jpg?RS=0X250&CS=250X250&AO=1,2026-08-02T22:30:00+09:00,https://living.hyundailivart.co.kr/p/P200196966
96,소파,,가구 > 소파,P200145554,리바트,[클리어런스] 오브니 소파 쿠션 원형 부클레,판매 중,클리어런스,100,4400038000,14,https://living.hyundailivart.co.kr/p/P200145554,https://static.hyundailivart.co.kr/upload_mall/goods/P200145554/GM43588625_img.jpg?RS=0X250&CS=250X250&AO=1,2026-08-02T22:30:00+09:00,https://living.hyundailivart.co.kr/p/P200145554
97,소파,,가구 > 소파,P200196367,리바트,그란디오소 프리모 가죽 소파 쿠션,판매 중,,,77000,,https://living.hyundailivart.co.kr/p/P200196367,https://static.hyundailivart.co.kr/upload_mall/goods/P200196367/GM43863894_img.jpg?RS=0X250&CS=250X250&AO=1,2026-08-02T22:30:00+09:00,https://living.hyundailivart.co.kr/p/P200196367
98,소파,,가구 > 소파,P200198705,리바트,NEW온드 패브릭 소파 쿠션,판매 중,,,33000,,https://living.hyundailivart.co.kr/p/P200198705,https://static.hyundailivart.co.kr/upload_mall/goods/P200198705/GM43963878_img.jpg?RS=0X250&CS=250X250&AO=1,2026-08-02T22:30:00+09:00,https://living.hyundailivart.co.kr/p/P200198705
99,소파,,가구 > 소파,P200181191,리바트,[클리어런스] 아일레 패브릭 소파 이동형 쿠션,판매 중,클리어런스,,64000,,https://living.hyundailivart.co.kr/p/P200181191,https://static.hyundailivart.co.kr/upload_mall/goods/P200181191/GM43486548_img.jpg?RS=0X250&CS=250X250&AO=1,2026-08-02T22:30:00+09:00,https://living.hyundailivart.co.kr/p/P200181191
100,소파,,가구 > 소파,P200194621,리바트,[클리어런스] 네오 뉴탐 패브릭 소파 오토만 커버,판매 중,클리어런스,100,2600021800,16,https://living.hyundailivart.co.kr/p/P200194621,https://static.hyundailivart.co.kr/upload_mall/goods/P200194621/GM43816473_img.jpg?RS=0X250&CS=250X250&AO=1,2026-08-02T22:30:00+09:00,https://living.hyundailivart.co.kr/p/P200194621
101,소파,,가구 > 소파,P200134638,리바트,[클리어런스] 오브니 소파 쿠션 원형,판매 중,클리어런스,100,3500030400,13,https://living.hyundailivart.co.kr/p/P200134638,https://static.hyundailivart.co.kr/upload_mall/goods/P200134638/GM43588492_img.jpg?RS=0X250&CS=250X250&AO=1,2026-08-02T22:30:00+09:00,https://living.hyundailivart.co.kr/p/P200134638
102,소파,,가구 > 소파,P200134637,리바트,[클리어런스] 오브니 소파 쿠션 직사각,판매 중,클리어런스,100,3500030400,13,https://living.hyundailivart.co.kr/p/P200134637,https://static.hyundailivart.co.kr/upload_mall/goods/P200134637/GM43588391_img.jpg?RS=0X250&CS=250X250&AO=1,2026-08-02T22:30:00+09:00,https://living.hyundailivart.co.kr/p/P200134637
103,소파,,가구 > 소파,P200197262,리바트,모엘르 가죽 소파 쿠션,판매 중,,,85000,,https://living.hyundailivart.co.kr/p/P200197262,https://static.hyundailivart.co.kr/upload_mall/goods/P200197262/GM43911673_img.jpg?RS=0X250&CS=250X250&AO=1,2026-08-02T22:30:00+09:00,https://living.hyundailivart.co.kr/p/P200197262
104,소파,,가구 > 소파,P200193965,리바트,듀 패브릭 소파 쿠션 사각형,판매 중,,,84000,,https://living.hyundailivart.co.kr/p/P200193965,https://static.hyundailivart.co.kr/upload_mall/goods/P200193965/GM43783648_img.jpg?RS=0X250&CS=250X250&AO=1,2026-08-02T22:30:00+09:00,https://living.hyundailivart.co.kr/p/P200193965
105,소파,,가구 > 소파,P200193938,리바트,가죽 클리너,판매 중,,,18000,,https://living.hyundailivart.co.kr/p/P200193938,https://static.hyundailivart.co.kr/upload_mall/goods/P200193938/GM43781552_img.jpg?RS=0X250&CS=250X250&AO=1,2026-08-02T22:30:00+09:00,https://living.hyundailivart.co.kr/p/P200193938
106,소파,,가구 > 소파,P200198704,리바트,NEW온드 w800 패브릭 소파 오토만,판매 중,,,304000,,https://living.hyundailivart.co.kr/p/P200198704,https://static.hyundailivart.co.kr/upload_mall/goods/P200198704/GM43963865_img.jpg?RS=0X250&CS=250X250&AO=1,2026-08-02T22:30:00+09:00,https://living.hyundailivart.co.kr/p/P200198704
107,식탁,,가구 > 식탁,P200197274,리바트,가닉 3시트 w2390 패브릭 리빙다이닝 소파 코너형 대형,판매 중,,,2065000,,https://living.hyundailivart.co.kr/p/P200197274,https://static.hyundailivart.co.kr/upload_mall/goods/P200197274/GM43909782_img.jpg?RS=0X250&CS=250X250&AO=1,2026-08-02T22:30:00+09:00,https://living.hyundailivart.co.kr/p/P200197274
108,식탁,,가구 > 식탁,P200197271,리바트,가닉 2시트 w2360 패브릭 리빙다이닝 소파 코너형 소형,판매 중,,,1309000,,https://living.hyundailivart.co.kr/p/P200197271,https://static.hyundailivart.co.kr/upload_mall/goods/P200197271/GM43909857_img.jpg?RS=0X250&CS=250X250&AO=1,2026-08-02T22:30:00+09:00,https://living.hyundailivart.co.kr/p/P200197271
109,식탁,,가구 > 식탁,P200197268,리바트,가닉 2시트 w2630 패브릭 리빙다이닝 소파 일자형,판매 중,,,1309000,,https://living.hyundailivart.co.kr/p/P200197268,https://static.hyundailivart.co.kr/upload_mall/goods/P200197268/GM43909879_img.jpg?RS=0X250&CS=250X250&AO=1,2026-08-02T22:30:00+09:00,https://living.hyundailivart.co.kr/p/P200197268
110,소파,,가구 > 소파,P200197256,리바트,모엘르 3시트 w2240 가죽 리클라이너 소파(3인용),판매 중,,,3980000,,https://living.hyundailivart.co.kr/p/P200197256,https://static.hyundailivart.co.kr/upload_mall/goods/P200197256/GM43907650_img.png?RS=0X250&CS=250X250&AO=1,2026-08-02T22:30:00+09:00,https://living.hyundailivart.co.kr/p/P200197256
111,소파,,가구 > 소파,P200196962,리바트 세계가구,[클리어런스] 프랄리네 2시트 w2210 패브릭 소파(3인용),판매 중,클리어런스,100,938000758000,19,https://living.hyundailivart.co.kr/p/P200196962,https://static.hyundailivart.co.kr/upload_mall/goods/P200196962/GM43910647_img.jpg?RS=0X250&CS=250X250&AO=1,2026-08-02T22:30:00+09:00,https://living.hyundailivart.co.kr/p/P200196962
112,소파,,가구 > 소파,P200196925,리바트 세계가구,[클리어런스] 플젠 w810 패브릭 소파 오토만,판매 중,클리어런스,100,271000252000,7,https://living.hyundailivart.co.kr/p/P200196925,https://static.hyundailivart.co.kr/upload_mall/goods/P200196925/GM43913110_img.jpg?RS=0X250&CS=250X250&AO=1,2026-08-02T22:30:00+09:00,https://living.hyundailivart.co.kr/p/P200196925
113,소파,,가구 > 소파,P200196924,리바트 세계가구,[클리어런스] 플젠 1시트 w830 패브릭 소파(1인용),판매 중,클리어런스,100,387000360000,7,https://living.hyundailivart.co.kr/p/P200196924,https://static.hyundailivart.co.kr/upload_mall/goods/P200196924/GM43913078_img.jpg?RS=0X250&CS=250X250&AO=1,2026-08-02T22:30:00+09:00,https://living.hyundailivart.co.kr/p/P200196924
114,소파,,가구 > 소파,P200196735,리바트 세계가구,[클리어런스] 캐러멜 3시트 w2880 패브릭 소파(4인용),판매 중,클리어런스,100,12500001188000,5,https://living.hyundailivart.co.kr/p/P200196735,https://static.hyundailivart.co.kr/upload_mall/goods/P200196735/GM43923225_img.jpg?RS=0X250&CS=250X250&AO=1,2026-08-02T22:30:00+09:00,https://living.hyundailivart.co.kr/p/P200196735
115,소파,,가구 > 소파,P200196362,리바트,그란디오소 프리모 3시트 w3195 가죽 소파 와이드형(4인용),판매 중,,,3290000,,https://living.hyundailivart.co.kr/p/P200196362,https://static.hyundailivart.co.kr/upload_mall/goods/P200196362/GM43889768_img.jpg?RS=0X250&CS=250X250&AO=1,2026-08-02T22:30:00+09:00,https://living.hyundailivart.co.kr/p/P200196362
116,소파,,가구 > 소파,P200196339,리바트,미유모어 3시트 w3180 가죽 리클라이너 소파 홈바형 시트렌치 소프트 샌드(4인용),판매 중,,,3260000,,https://living.hyundailivart.co.kr/p/P200196339,https://static.hyundailivart.co.kr/upload_mall/goods/P200196339/GM43878177_img.jpg?RS=0X250&CS=250X250&AO=1,2026-08-02T22:30:00+09:00,https://living.hyundailivart.co.kr/p/P200196339
117,소파,,가구 > 소파,P200196336,리바트,미유모어 3시트 w2800 가죽 리클라이너 소파 양면형 시트렌치 소프트 샌드(4인용),판매 중,,,2810000,,https://living.hyundailivart.co.kr/p/P200196336,https://static.hyundailivart.co.kr/upload_mall/goods/P200196336/GM43878136_img.jpg?RS=0X250&CS=250X250&AO=1,2026-08-02T22:30:00+09:00,https://living.hyundailivart.co.kr/p/P200196336
118,소파,,가구 > 소파,P200195815,리바트,누베 4시트 w3265 패브릭 소파 소파 코너형 웜라이트 그레이(5인용),판매 중,,,4940000,,https://living.hyundailivart.co.kr/p/P200195815,https://static.hyundailivart.co.kr/upload_mall/goods/P200195815/GM43849538_img.jpg?RS=0X250&CS=250X250&AO=1,2026-08-02T22:30:00+09:00,https://living.hyundailivart.co.kr/p/P200195815
119,소파,,가구 > 소파,P200195812,리바트,누베 3시트 w3265 패브릭 소파 사선 카우치형 웜라이트 그레이(4인용),판매 중,,,3925000,,https://living.hyundailivart.co.kr/p/P200195812,https://static.hyundailivart.co.kr/upload_mall/goods/P200195812/GM43849528_img.jpg?RS=0X250&CS=250X250&AO=1,2026-08-02T22:30:00+09:00,https://living.hyundailivart.co.kr/p/P200195812
120,소파,,가구 > 소파,P200195809,리바트,누베 3시트 w3630 패브릭 소파 사선형 웜라이트 그레이(4인용),판매 중,,,3450000,,https://living.hyundailivart.co.kr/p/P200195809,https://static.hyundailivart.co.kr/upload_mall/goods/P200195809/GM43849518_img.jpg?RS=0X250&CS=250X250&AO=1,2026-08-02T22:30:00+09:00,https://living.hyundailivart.co.kr/p/P200195809
121,소파,,가구 > 소파,P200195808,리바트,누베 3시트 w3405 패브릭 소파 오픈형 웜라이트 그레이(4인용),판매 중,,,3190000,,https://living.hyundailivart.co.kr/p/P200195808,https://static.hyundailivart.co.kr/upload_mall/goods/P200195808/GM43849508_img.jpg?RS=0X250&CS=250X250&AO=1,2026-08-02T22:30:00+09:00,https://living.hyundailivart.co.kr/p/P200195808
122,소파,,가구 > 소파,P200195805,리바트,누베 3시트 w2990  패브릭 소파 웜라이트 그레이(4인용),판매 중,,,3200000,,https://living.hyundailivart.co.kr/p/P200195805,https://static.hyundailivart.co.kr/upload_mall/goods/P200195805/GM43849462_img.jpg?RS=0X250&CS=250X250&AO=1,2026-08-02T22:30:00+09:00,https://living.hyundailivart.co.kr/p/P200195805
123,소파,,가구 > 소파,P200195804,리바트,누베 2시트 w2160 패브릭 소파 웜라이트 그레이(3인용),판매 중,,,2305000,,https://living.hyundailivart.co.kr/p/P200195804,https://static.hyundailivart.co.kr/upload_mall/goods/P200195804/GM43849360_img.jpg?RS=0X250&CS=250X250&AO=1,2026-08-02T22:30:00+09:00,https://living.hyundailivart.co.kr/p/P200195804
124,소파,,가구 > 소파,P200193967,리바트,듀 2시트 w2350 패브릭 소파 오픈 싱글형(3.5인용),판매 중,,,1942000,,https://living.hyundailivart.co.kr/p/P200193967,https://static.hyundailivart.co.kr/upload_mall/goods/P200193967/GM43783628_img.jpg?RS=0X250&CS=250X250&AO=1,2026-08-02T22:30:00+09:00,https://living.hyundailivart.co.kr/p/P200193967
125,소파,,가구 > 소파,P200193964,리바트,듀 1시트 w940 패브릭 소파 코너형,판매 중,,,760000,,https://living.hyundailivart.co.kr/p/P200193964,https://static.hyundailivart.co.kr/upload_mall/goods/P200193964/GM43787596_img.jpg?RS=0X250&CS=250X250&AO=1,2026-08-02T22:30:00+09:00,https://living.hyundailivart.co.kr/p/P200193964
126,소파,,가구 > 소파,P200193962,리바트,듀 1시트 w1410 패브릭 소파 싱글형,판매 중,,,1182000,,https://living.hyundailivart.co.kr/p/P200193962,https://static.hyundailivart.co.kr/upload_mall/goods/P200193962/GM43787588_img.jpg?RS=0X250&CS=250X250&AO=1,2026-08-02T22:30:00+09:00,https://living.hyundailivart.co.kr/p/P200193962
127,소파,,가구 > 소파,P200189305,리바트,더유닛 패브릭소파 팔걸이,판매 중,,100,297000267000,10,https://living.hyundailivart.co.kr/p/P200189305,https://static.hyundailivart.co.kr/upload_mall/goods/P200189305/GM43676937_img.jpg?RS=0X250&CS=250X250&AO=1,2026-08-02T22:30:00+09:00,https://living.hyundailivart.co.kr/p/P200189305
128,소파,,가구 > 소파,P200188977,리바트,헨스 w1000 패브릭 소파 오토만,판매 중,,,579000,,https://living.hyundailivart.co.kr/p/P200188977,https://static.hyundailivart.co.kr/upload_mall/goods/P200188977/GM43661200_img.jpg?RS=0X250&CS=250X250&AO=1,2026-08-02T22:30:00+09:00,https://living.hyundailivart.co.kr/p/P200188977
129,소파,,가구 > 소파,P200188976,리바트,헨스 3시트 w3230 패브릭 소파 스윙백 코너형(4인용),판매 중,,,4825000,,https://living.hyundailivart.co.kr/p/P200188976,https://static.hyundailivart.co.kr/upload_mall/goods/P200188976/GM43661149_img.jpg?RS=0X250&CS=250X250&AO=1,2026-08-02T22:30:00+09:00,https://living.hyundailivart.co.kr/p/P200188976
130,소파,,가구 > 소파,P200187866,리바트,더 마제스 3시트 w2630 가죽 리클라이너 소파(3.5인용),판매 중,,,3658000,,https://living.hyundailivart.co.kr/p/P200187866,https://static.hyundailivart.co.kr/upload_mall/goods/P200187866/GM43637379_img.jpg?RS=0X250&CS=250X250&AO=1,2026-08-02T22:30:00+09:00,https://living.hyundailivart.co.kr/p/P200187866
131,거실장/거실테이블,,가구 > 거실장/거실테이블,P200187740,리바트,듀 패브릭 소파 판상목대,판매 중,,,308000,,https://living.hyundailivart.co.kr/p/P200187740,https://static.hyundailivart.co.kr/upload_mall/goods/P200187740/GM43609427_img.jpg?RS=0X250&CS=250X250&AO=1,2026-08-02T22:30:00+09:00,https://living.hyundailivart.co.kr/p/P200187740
132,소파,,가구 > 소파,P200187738,리바트,듀 1시트 w1675 패브릭 소파 팔걸이형 부클레,판매 중,,,1292000,,https://living.hyundailivart.co.kr/p/P200187738,https://static.hyundailivart.co.kr/upload_mall/goods/P200187738/GM43609734_img.jpg?RS=0X250&CS=250X250&AO=1,2026-08-02T22:30:00+09:00,https://living.hyundailivart.co.kr/p/P200187738
133,소파,,가구 > 소파,P200187735,리바트,듀 패브릭 소파 싱글형 부클레,판매 중,,,1183000,,https://living.hyundailivart.co.kr/p/P200187735,https://static.hyundailivart.co.kr/upload_mall/goods/P200187735/GM43609350_img.jpg?RS=0X250&CS=250X250&AO=1,2026-08-02T22:30:00+09:00,https://living.hyundailivart.co.kr/p/P200187735
134,소파,,가구 > 소파,P200187731,리바트,듀 2시트 w2350 패브릭 소파 오픈 체이스형 부클레(3.5인용),판매 중,,,1814000,,https://living.hyundailivart.co.kr/p/P200187731,https://static.hyundailivart.co.kr/upload_mall/goods/P200187731/GM43609293_img.jpg?RS=0X250&CS=250X250&AO=1,2026-08-02T22:30:00+09:00,https://living.hyundailivart.co.kr/p/P200187731
135,소파,,가구 > 소파,P200187730,리바트,듀 2시트 w2350 패브릭 소파 오픈 싱글형 부클레(3.5인용),판매 중,,,1944000,,https://living.hyundailivart.co.kr/p/P200187730,https://static.hyundailivart.co.kr/upload_mall/goods/P200187730/GM43609273_img.jpg?RS=0X250&CS=250X250&AO=1,2026-08-02T22:30:00+09:00,https://living.hyundailivart.co.kr/p/P200187730
136,소파,,가구 > 소파,P200187729,리바트,듀 2시트 w2615 패브릭 소파 컴팩트형 부클레(4인용),판매 중,,,2053000,,https://living.hyundailivart.co.kr/p/P200187729,https://static.hyundailivart.co.kr/upload_mall/goods/P200187729/GM43609724_img.jpg?RS=0X250&CS=250X250&AO=1,2026-08-02T22:30:00+09:00,https://living.hyundailivart.co.kr/p/P200187729
137,소파,,가구 > 소파,P200187726,리바트,듀 2시트 w3350 패브릭 패브릭 소파 와이드형 부클레(4인용),판매 중,,,2584000,,https://living.hyundailivart.co.kr/p/P200187726,https://static.hyundailivart.co.kr/upload_mall/goods/P200187726/GM43609228_img.jpg?RS=0X250&CS=250X250&AO=1,2026-08-02T22:30:00+09:00,https://living.hyundailivart.co.kr/p/P200187726
138,소파,,가구 > 소파,P200187725,리바트,듀 2시트 w3085 패브릭 소파 오픈 체이스형 부클레(4인용),판매 중,,,2345000,,https://living.hyundailivart.co.kr/p/P200187725,https://static.hyundailivart.co.kr/upload_mall/goods/P200187725/GM43609714_img.jpg?RS=0X250&CS=250X250&AO=1,2026-08-02T22:30:00+09:00,https://living.hyundailivart.co.kr/p/P200187725
139,소파,,가구 > 소파,P200187722,리바트,듀 2시트 w3085 패브릭 소파 오픈 싱글형 부클레(4인용),판매 중,,,2475000,,https://living.hyundailivart.co.kr/p/P200187722,https://static.hyundailivart.co.kr/upload_mall/goods/P200187722/GM43609704_img.jpg?RS=0X250&CS=250X250&AO=1,2026-08-02T22:30:00+09:00,https://living.hyundailivart.co.kr/p/P200187722
140,소파,,가구 > 소파,P200187719,리바트,듀 3시트 w2615 패브릭 소파 코너 싱글형 부클레(5인용),판매 중,,,3236000,,https://living.hyundailivart.co.kr/p/P200187719,https://static.hyundailivart.co.kr/upload_mall/goods/P200187719/GM43636064_img.jpg?RS=0X250&CS=250X250&AO=1,2026-08-02T22:30:00+09:00,https://living.hyundailivart.co.kr/p/P200187719
141,소파,,가구 > 소파,P200187716,리바트,듀 4시트 w3760 패브릭 소파 코너 체이스형 부클레(6인용),판매 중,,,4289000,,https://living.hyundailivart.co.kr/p/P200187716,https://static.hyundailivart.co.kr/upload_mall/goods/P200187716/GM43647480_img.jpg?RS=0X250&CS=250X250&AO=1,2026-08-02T22:30:00+09:00,https://living.hyundailivart.co.kr/p/P200187716
142,소파,,가구 > 소파,P200186984,리바트,파니노 소파 쿠션 원형,판매 중,,,43000,,https://living.hyundailivart.co.kr/p/P200186984,https://static.hyundailivart.co.kr/upload_mall/goods/P200186984/GM43595457_img.jpg?RS=0X250&CS=250X250&AO=1,2026-08-02T22:30:00+09:00,https://living.hyundailivart.co.kr/p/P200186984
143,소파,,가구 > 소파,P200186975,리바트,파니노 4인 패브릭 소파 하단 프레임,판매 중,,,86000,,https://living.hyundailivart.co.kr/p/P200186975,https://static.hyundailivart.co.kr/upload_mall/goods/P200186975/GM43594757_img.jpg?RS=0X250&CS=250X250&AO=1,2026-08-02T22:30:00+09:00,https://living.hyundailivart.co.kr/p/P200186975
144,소파,,가구 > 소파,P200186968,리바트,파니노 1인 패브릭 소파 등쿠션 커버,판매 중,,,167000,,https://living.hyundailivart.co.kr/p/P200186968,https://static.hyundailivart.co.kr/upload_mall/goods/P200186968/GM43595350_img.jpg?RS=0X250&CS=250X250&AO=1,2026-08-02T22:30:00+09:00,https://living.hyundailivart.co.kr/p/P200186968
145,소파,,가구 > 소파,P200186965,리바트,파니노 1인 패브릭 소파 하단 프레임,판매 중,,,53000,,https://living.hyundailivart.co.kr/p/P200186965,https://static.hyundailivart.co.kr/upload_mall/goods/P200186965/GM43594747_img.jpg?RS=0X250&CS=250X250&AO=1,2026-08-02T22:30:00+09:00,https://living.hyundailivart.co.kr/p/P200186965
146,소파,,가구 > 소파,P200186929,리바트,LE3 아티모 1인 가죽 전동 리클라이너 화이트,판매 중,,,2198000,,https://living.hyundailivart.co.kr/p/P200186929,https://static.hyundailivart.co.kr/upload_mall/goods/P200186929/GM43593782_img.jpg?RS=0X250&CS=250X250&AO=1,2026-08-02T22:30:00+09:00,https://living.hyundailivart.co.kr/p/P200186929
147,소파,,가구 > 소파,P200186797,리바트,플리시 3시트 w2390 패브릭 소파(3.5인용),판매 중,,,1933000,,https://living.hyundailivart.co.kr/p/P200186797,https://static.hyundailivart.co.kr/upload_mall/goods/P200186797/GM43590222_img.jpg?RS=0X250&CS=250X250&AO=1,2026-08-02T22:30:00+09:00,https://living.hyundailivart.co.kr/p/P200186797
148,소파,,가구 > 소파,P200186793,리바트,플리시 3시트 w2840 패브릭 소파(4인용),판매 중,,,2148000,,https://living.hyundailivart.co.kr/p/P200186793,https://static.hyundailivart.co.kr/upload_mall/goods/P200186793/GM43590212_img.jpg?RS=0X250&CS=250X250&AO=1,2026-08-02T22:30:00+09:00,https://living.hyundailivart.co.kr/p/P200186793
149,소파,,가구 > 소파,P200178500,리바트 세계가구,[클리어런스] 그래블 w840 패브릭 소파 사다리꼴 스툴,판매 중,클리어런스,100,282000200000,29,https://living.hyundailivart.co.kr/p/P200178500,https://static.hyundailivart.co.kr/upload_mall/goods/P200178500/GM43534745_img.jpg?RS=0X250&CS=250X250&AO=1,2026-08-02T22:30:00+09:00,https://living.hyundailivart.co.kr/p/P200178500
150,소파,,가구 > 소파,P200178499,리바트 세계가구,[클리어런스] 그래블 w820 패브릭 소파 정사각 스툴,판매 중,클리어런스,100,232000165000,29,https://living.hyundailivart.co.kr/p/P200178499,https://static.hyundailivart.co.kr/upload_mall/goods/P200178499/GM43514071_img.jpg?RS=0X250&CS=250X250&AO=1,2026-08-02T22:30:00+09:00,https://living.hyundailivart.co.kr/p/P200178499
151,소파,,가구 > 소파,P200168508,리바트,[클리어런스] 몰리세 2시트 w1940 패브릭 소파 헤드틸팅형(3인용),판매 중,클리어런스,100,13020001125700,14,https://living.hyundailivart.co.kr/p/P200168508,https://static.hyundailivart.co.kr/upload_mall/goods/P200037637/GM40609948_img.jpg?RS=0X250&CS=250X250&AO=1,2026-08-02T22:30:00+09:00,https://living.hyundailivart.co.kr/p/P200168508
152,소파,,가구 > 소파,P200167920,리바트,더유닛 3시트 w3060 패브릭 리클라이너 소파 일면형 카우치형(4인용),판매 중,,100,32500002925000,10,https://living.hyundailivart.co.kr/p/P200167920,https://static.hyundailivart.co.kr/upload_mall/goods/P200167920/GM43552398_img.jpg?RS=0X250&CS=250X250&AO=1,2026-08-02T22:30:00+09:00,https://living.hyundailivart.co.kr/p/P200167920
153,소파,,가구 > 소파,P200167919,리바트,더유닛 3시트 w3060 패브릭 소파 카우치형(4인용),판매 중,,100,28680002581000,10,https://living.hyundailivart.co.kr/p/P200167919,https://static.hyundailivart.co.kr/upload_mall/goods/P200167919/GM43552408_img.jpg?RS=0X250&CS=250X250&AO=1,2026-08-02T22:30:00+09:00,https://living.hyundailivart.co.kr/p/P200167919
154,소파,,가구 > 소파,P200167917,리바트,더유닛 3시트 w3060 패브릭 리클라이너 소파 양면형(4인용),판매 중,,100,33060002975000,10,https://living.hyundailivart.co.kr/p/P200167917,https://static.hyundailivart.co.kr/upload_mall/goods/P200167917/GM43552418_img.jpg?RS=0X250&CS=250X250&AO=1,2026-08-02T22:30:00+09:00,https://living.hyundailivart.co.kr/p/P200167917
155,소파,,가구 > 소파,P200167916,리바트,더유닛 3시트 w3060 패브릭 리클라이너 소파 일면형(4인용),판매 중,,100,29220002630000,10,https://living.hyundailivart.co.kr/p/P200167916,https://static.hyundailivart.co.kr/upload_mall/goods/P200167916/GM43552441_img.jpg?RS=0X250&CS=250X250&AO=1,2026-08-02T22:30:00+09:00,https://living.hyundailivart.co.kr/p/P200167916
156,소파,,가구 > 소파,P200167912,리바트,더유닛 2시트 w2240 패브릭 리클라이너 소파 일면형(3인용),판매 중,,100,22790002051000,10,https://living.hyundailivart.co.kr/p/P200167912,https://static.hyundailivart.co.kr/upload_mall/goods/P200167912/GM43552520_img.jpg?RS=0X250&CS=250X250&AO=1,2026-08-02T22:30:00+09:00,https://living.hyundailivart.co.kr/p/P200167912
157,소파,,가구 > 소파,P200167911,리바트,더유닛 2시트 w2240 패브릭 소파 일반형(3인용),판매 중,,100,18970001707000,10,https://living.hyundailivart.co.kr/p/P200167911,https://static.hyundailivart.co.kr/upload_mall/goods/P200167911/GM43322945_img.jpg?RS=0X250&CS=250X250&AO=1,2026-08-02T22:30:00+09:00,https://living.hyundailivart.co.kr/p/P200167911
158,소파,,가구 > 소파,P200167910,리바트,더유닛 패브릭소파 콘솔,판매 중,,100,329000296000,10,https://living.hyundailivart.co.kr/p/P200167910,https://static.hyundailivart.co.kr/upload_mall/goods/P200167910/GM43552537_img.jpg?RS=0X250&CS=250X250&AO=1,2026-08-02T22:30:00+09:00,https://living.hyundailivart.co.kr/p/P200167910
159,소파,,가구 > 소파,P200167909,리바트,더유닛 1시트 w840 패브릭 소파 싱글 카우치형(1인용),판매 중,,100,996000896000,10,https://living.hyundailivart.co.kr/p/P200167909,https://static.hyundailivart.co.kr/upload_mall/goods/P200167909/GM43552559_img.jpg?RS=0X250&CS=250X250&AO=1,2026-08-02T22:30:00+09:00,https://living.hyundailivart.co.kr/p/P200167909
160,소파,,가구 > 소파,P200167908,리바트,더유닛 1시트 w840 패브릭 소파 싱글 리클라이너형(1인용),판매 중,,100,1047000942000,10,https://living.hyundailivart.co.kr/p/P200167908,https://static.hyundailivart.co.kr/upload_mall/goods/P200167908/GM43552569_img.jpg?RS=0X250&CS=250X250&AO=1,2026-08-02T22:30:00+09:00,https://living.hyundailivart.co.kr/p/P200167908
161,소파,,가구 > 소파,P200167907,리바트,더유닛 1시트 w840 패브릭 소파 싱글형(1인용),판매 중,,100,657000591000,10,https://living.hyundailivart.co.kr/p/P200167907,https://static.hyundailivart.co.kr/upload_mall/goods/P200167907/GM43733265_img.jpg?RS=0X250&CS=250X250&AO=1,2026-08-02T22:30:00+09:00,https://living.hyundailivart.co.kr/p/P200167907
162,소파,,가구 > 소파,P200161409,리바트,LE3 아티모 1인 패브릭 전동 리클라이너 브라운,판매 중,,,2080000,,https://living.hyundailivart.co.kr/p/P200161409,https://static.hyundailivart.co.kr/upload_mall/goods/P200161409/GM43610100_img.jpg?RS=0X250&CS=250X250&AO=1,2026-08-02T22:30:00+09:00,https://living.hyundailivart.co.kr/p/P200161409
163,소파,,가구 > 소파,P200161389,리바트,LE1 라피네 1인 천연가죽 전동 리클라이너,판매 중,,,1976000,,https://living.hyundailivart.co.kr/p/P200161389,https://static.hyundailivart.co.kr/upload_mall/goods/P200161389/GM43164591_img.jpg?RS=0X250&CS=250X250&AO=1,2026-08-02T22:30:00+09:00,https://living.hyundailivart.co.kr/p/P200161389
164,소파,,가구 > 소파,P200158749,리바트,LM1 그라토 1시트 w780 가죽 수동 리클라이너 소파(1인용),판매 중,,,1099000,,https://living.hyundailivart.co.kr/p/P200158749,https://static.hyundailivart.co.kr/upload_mall/goods/P200158749/GM43595518_img.jpg?RS=0X250&CS=250X250&AO=1,2026-08-02T22:30:00+09:00,https://living.hyundailivart.co.kr/p/P200158749
165,소파,,가구 > 소파,P200145726,리바트,로지 4시트 w3000 패브릭 소파 코너형(5인용),판매 중,,,2754000,,https://living.hyundailivart.co.kr/p/P200145726,https://static.hyundailivart.co.kr/upload_mall/goods/P200145726/GM42874784_img.jpg?RS=0X250&CS=250X250&AO=1,2026-08-02T22:30:00+09:00,https://living.hyundailivart.co.kr/p/P200145726
166,소파,,가구 > 소파,P200134636,리바트,[클리어런스] 오브니 2시트 w2100 패브릭 소파 부클레(3인용),판매 중,클리어런스,100,13520001168500,14,https://living.hyundailivart.co.kr/p/P200134636,https://static.hyundailivart.co.kr/upload_mall/goods/P200134636/GM43588556_img.jpg?RS=0X250&CS=250X250&AO=1,2026-08-02T22:30:00+09:00,https://living.hyundailivart.co.kr/p/P200134636
167,소파,,가구 > 소파,P200132676,리바트,쇼드 3시트 w3000 패브릭 소파(4인용),판매 중,,,2398000,,https://living.hyundailivart.co.kr/p/P200132676,https://static.hyundailivart.co.kr/upload_mall/goods/P200132676/GM43704221_img.jpg?RS=0X250&CS=250X250&AO=1,2026-08-02T22:30:00+09:00,https://living.hyundailivart.co.kr/p/P200132676
168,소파,,가구 > 소파,P200129045,리바트,띠에르노 1시트 w980 가죽 소파(1인용),판매 중,,100,16090001448000,10,https://living.hyundailivart.co.kr/p/P200129045,https://static.hyundailivart.co.kr/upload_mall/goods/P200129045/GM42553003_img.jpg?RS=0X250&CS=250X250&AO=1,2026-08-02T22:30:00+09:00,https://living.hyundailivart.co.kr/p/P200129045
169,소파,,가구 > 소파,P200124493,리바트 세계가구,프리즘 곡선라운지체어,판매 중,,100,675000352400,48,https://living.hyundailivart.co.kr/p/P200124493,https://static.hyundailivart.co.kr/upload_mall/goods/P200124493/GM42532895_img.jpg?RS=0X250&CS=250X250&AO=1,2026-08-02T22:30:00+09:00,https://living.hyundailivart.co.kr/p/P200124493
170,소파,,가구 > 소파,P200106979,리바트,칸토나 4시트 w3320 패브릭 소파 코너형 고스트샤크그레이(6인용),판매 중,,,7280000,,https://living.hyundailivart.co.kr/p/P200106979,https://static.hyundailivart.co.kr/upload_mall/goods/P200106979/GM42158498_img.jpg?RS=0X250&CS=250X250&AO=1,2026-08-02T22:30:00+09:00,https://living.hyundailivart.co.kr/p/P200106979
171,소파,,가구 > 소파,P200106978,리바트,칸토나 2시트 w2820 패브릭 소파 일반형 고스트샤크그레이(4인용),판매 중,,,4240000,,https://living.hyundailivart.co.kr/p/P200106978,https://static.hyundailivart.co.kr/upload_mall/goods/P200106978/GM42158662_img.jpg?RS=0X250&CS=250X250&AO=1,2026-08-02T22:30:00+09:00,https://living.hyundailivart.co.kr/p/P200106978
172,소파,,가구 > 소파,P200066422,리바트,[클리어런스] 몰리세 3시트 w2630 가죽 소파 헤드틸팅형(4인용),판매 중,클리어런스,100,19700001703300,14,https://living.hyundailivart.co.kr/p/P200066422,https://static.hyundailivart.co.kr/upload_mall/goods/P200066422/GM41304391_img.jpg?RS=0X250&CS=250X250&AO=1,2026-08-02T22:30:00+09:00,https://living.hyundailivart.co.kr/p/P200066422
173,소파,,가구 > 소파,P200066145,리바트,로이머 3시트 w2840 패브릭 소파 일반형(4인용),판매 중,,,2023000,,https://living.hyundailivart.co.kr/p/P200066145,https://static.hyundailivart.co.kr/upload_mall/goods/P200066145/GM41266361_img.jpg?RS=0X250&CS=250X250&AO=1,2026-08-02T22:30:00+09:00,https://living.hyundailivart.co.kr/p/P200066145
174,소파,,가구 > 소파,P200066144,리바트,로이머 3시트 w2400 패브릭 소파 일반형(3.5인용),판매 중,,,1781000,,https://living.hyundailivart.co.kr/p/P200066144,https://static.hyundailivart.co.kr/upload_mall/goods/P200066144/GM41266371_img.jpg?RS=0X250&CS=250X250&AO=1,2026-08-02T22:30:00+09:00,https://living.hyundailivart.co.kr/p/P200066144
175,소파,,가구 > 소파,P200066141,리바트,로이머 3시트 w2840 패브릭 리클라이너 소파 일면형(4인용),판매 중,,,2526000,,https://living.hyundailivart.co.kr/p/P200066141,https://static.hyundailivart.co.kr/upload_mall/goods/P200066141/GM41266341_img.jpg?RS=0X250&CS=250X250&AO=1,2026-08-02T22:30:00+09:00,https://living.hyundailivart.co.kr/p/P200066141
176,소파,,가구 > 소파,P200066140,리바트,로이머 3시트 w2400 패브릭 리클라이너 소파 일면형(3.5인용),판매 중,,,2280000,,https://living.hyundailivart.co.kr/p/P200066140,https://static.hyundailivart.co.kr/upload_mall/goods/P200066140/GM41266351_img.jpg?RS=0X250&CS=250X250&AO=1,2026-08-02T22:30:00+09:00,https://living.hyundailivart.co.kr/p/P200066140
177,소파,,가구 > 소파,P200061940,리바트,로이머 3시트 w2840 패브릭 리클라이너 소파 양면형(4인용),판매 중,,,3040000,,https://living.hyundailivart.co.kr/p/P200061940,https://static.hyundailivart.co.kr/upload_mall/goods/P200061940/GM41184095_img.jpg?RS=0X250&CS=250X250&AO=1,2026-08-02T22:30:00+09:00,https://living.hyundailivart.co.kr/p/P200061940
178,소파,,가구 > 소파,P200030334,리바트,로데브 w1010 패브릭 소파 오토만,판매 중,,,542000,,https://living.hyundailivart.co.kr/p/P200030334,https://static.hyundailivart.co.kr/upload_mall/goods/P200030334/GM40448382_img.jpg?RS=0X250&CS=250X250&AO=1,2026-08-02T22:30:00+09:00,https://living.hyundailivart.co.kr/p/P200030334
179,소파,,가구 > 소파,P200018969,리바트,핀 1시트 w770 패브릭 소파(1인용),판매 중,,,589000,,https://living.hyundailivart.co.kr/p/P200018969,https://static.hyundailivart.co.kr/upload_mall/goods/P200018969/GM40128063_img.jpg?RS=0X250&CS=250X250&AO=1,2026-08-02T22:30:00+09:00,https://living.hyundailivart.co.kr/p/P200018969
180,소파,,가구 > 소파,P200018389,리바트,그라함 3시트 w3000 가죽 소파(4인용),판매 중,,,3196000,,https://living.hyundailivart.co.kr/p/P200018389,https://static.hyundailivart.co.kr/upload_mall/goods/P200018389/C200030778_OPT1.jpg?RS=0X22&CS=22X22&AO=1,2026-08-02T22:30:00+09:00,https://living.hyundailivart.co.kr/p/P200018389
181,소파,,가구 > 소파,P200018387,리바트,그라함 2시트 w2600 가죽 소파(3.5인용),판매 중,,,2774000,,https://living.hyundailivart.co.kr/p/P200018387,https://static.hyundailivart.co.kr/upload_mall/goods/P200018387/C200030808_OPT1.jpg?RS=0X22&CS=22X22&AO=1,2026-08-02T22:30:00+09:00,https://living.hyundailivart.co.kr/p/P200018387
182,소파,,가구 > 소파,P100034411,리바트,브루트 3시트 w2600 가죽 소파 헤드틸팅형(4인용),판매 중,,100,19820001804000,9,https://living.hyundailivart.co.kr/p/P100034411,https://static.hyundailivart.co.kr/upload_mall/goods/P100034411/GM41153905_img.jpg?RS=0X250&CS=250X250&AO=1,2026-08-02T22:30:00+09:00,https://living.hyundailivart.co.kr/p/P100034411
183,소파,,가구 > 소파,P100024396,리바트,뉴 레가토 3시트 w2880 가죽 리클라이너 소파 양면형(4인용),판매 중,,100,27030002460000,9,https://living.hyundailivart.co.kr/p/P100024396,,2026-08-02T22:30:00+09:00,https://living.hyundailivart.co.kr/p/P100024396
184,마이스터 컬렉션,,가구 > 마이스터 컬렉션,P200170919,리바트 마이스터 컬렉션,그렌 티테이블,판매 중,,,1376000,,https://living.hyundailivart.co.kr/p/P200170919,https://static.hyundailivart.co.kr/upload_mall/goods/P200170919/GM43936245_img.jpg?RS=0X250&CS=250X250&AO=1,2026-08-02T22:30:00+09:00,https://living.hyundailivart.co.kr/p/P200170919
185,마이스터 컬렉션,,가구 > 마이스터 컬렉션,P200170924,리바트 마이스터 컬렉션,바고 티테이블,판매 중,,,731000,,https://living.hyundailivart.co.kr/p/P200170924,https://static.hyundailivart.co.kr/upload_mall/goods/P200170924/GM43956851_img.jpg?RS=0X250&CS=250X250&AO=1,2026-08-02T22:30:00+09:00,https://living.hyundailivart.co.kr/p/P200170924
186,마이스터 컬렉션,,가구 > 마이스터 컬렉션,P200170925,리바트 마이스터 컬렉션,바고 사이드테이블,판매 중,,,562000,,https://living.hyundailivart.co.kr/p/P200170925,https://static.hyundailivart.co.kr/upload_mall/goods/P200170925/GM43956861_img.jpg?RS=0X250&CS=250X250&AO=1,2026-08-02T22:30:00+09:00,https://living.hyundailivart.co.kr/p/P200170925
187,마이스터 컬렉션,,가구 > 마이스터 컬렉션,P200170964,리바트 마이스터 컬렉션,포스 티테이블,판매 중,,,1265000,,https://living.hyundailivart.co.kr/p/P200170964,https://static.hyundailivart.co.kr/upload_mall/goods/P200170964/GM43614152_img.jpg?RS=0X250&CS=250X250&AO=1,2026-08-02T22:30:00+09:00,https://living.hyundailivart.co.kr/p/P200170964
188,마이스터 컬렉션,,가구 > 마이스터 컬렉션,P200172368,리바트 마이스터 컬렉션,이데스 티테이블,판매 중,,,1000000,,https://living.hyundailivart.co.kr/p/P200172368,https://static.hyundailivart.co.kr/upload_mall/goods/P200172368/GM43375286_img.jpg?RS=0X250&CS=250X250&AO=1,2026-08-02T22:30:00+09:00,https://living.hyundailivart.co.kr/p/P200172368
189,마이스터 컬렉션,,가구 > 마이스터 컬렉션,P200172369,리바트 마이스터 컬렉션,이데스 사이드테이블,판매 중,,,940000,,https://living.hyundailivart.co.kr/p/P200172369,https://static.hyundailivart.co.kr/upload_mall/goods/P200172369/GM43375276_img.jpg?RS=0X250&CS=250X250&AO=1,2026-08-02T22:30:00+09:00,https://living.hyundailivart.co.kr/p/P200172369
190,마이스터 컬렉션,,가구 > 마이스터 컬렉션,P200188071,리바트 마이스터 컬렉션,포스 2100 거실장,판매 중,,,1281000,,https://living.hyundailivart.co.kr/p/P200188071,https://static.hyundailivart.co.kr/upload_mall/goods/P200188071/GM43810910_img.png?RS=0X250&CS=250X250&AO=1,2026-08-02T22:30:00+09:00,https://living.hyundailivart.co.kr/p/P200188071
191,마이스터 컬렉션,,가구 > 마이스터 컬렉션,P200191353,리바트 마이스터 컬렉션,미키마우스 티테이블,판매 중,,,957000,,https://living.hyundailivart.co.kr/p/P200191353,https://static.hyundailivart.co.kr/upload_mall/goods/P200191353/GM43720435_img.jpg?RS=0X250&CS=250X250&AO=1,2026-08-02T22:30:00+09:00,https://living.hyundailivart.co.kr/p/P200191353
192,마이스터 컬렉션,,가구 > 마이스터 컬렉션,P200189228,리바트 마이스터 컬렉션,버밀리온 사이드 협탁,판매 중,,,622000,,https://living.hyundailivart.co.kr/p/P200189228,https://static.hyundailivart.co.kr/upload_mall/goods/P200189228/GM43674138_img.jpg?RS=0X250&CS=250X250&AO=1,2026-08-02T22:30:00+09:00,https://living.hyundailivart.co.kr/p/P200189228
193,거실장/거실테이블,,가구 > 거실장/거실테이블,P200145886,리바트,로에프 원형 티테이블,판매 중,,,392000,,https://living.hyundailivart.co.kr/p/P200145886,https://static.hyundailivart.co.kr/upload_mall/goods/P200145886/GM42891200_img.jpg?RS=0X250&CS=250X250&AO=1,2026-08-02T22:30:00+09:00,https://living.hyundailivart.co.kr/p/P200145886
194,거실장/거실테이블,,가구 > 거실장/거실테이블,P100025656,리바트,[클리어런스] 무드 모던 2400 거실장,판매 중,클리어런스,100,418000338200,19,https://living.hyundailivart.co.kr/p/P100025656,,2026-08-02T22:30:00+09:00,https://living.hyundailivart.co.kr/p/P100025656
195,거실장/거실테이블,,가구 > 거실장/거실테이블,P100025025,리바트,[클리어런스] 뉴타이드 화이트 확장형 거실장,판매 중,클리어런스,100,447000312500,30,https://living.hyundailivart.co.kr/p/P100025025,,2026-08-02T22:30:00+09:00,https://living.hyundailivart.co.kr/p/P100025025
196,거실장/거실테이블,,가구 > 거실장/거실테이블,P100025029,리바트,[클리어런스] 뉴타이드 그레이 확장형 거실장,판매 중,클리어런스,100,447000262200,41,https://living.hyundailivart.co.kr/p/P100025029,,2026-08-02T22:30:00+09:00,https://living.hyundailivart.co.kr/p/P100025029
197,거실장/거실테이블,,가구 > 거실장/거실테이블,P100025033,리바트,[클리어런스] 뉴타이드 블랙 확장형 거실장,판매 중,클리어런스,100,447000262200,41,https://living.hyundailivart.co.kr/p/P100025033,,2026-08-02T22:30:00+09:00,https://living.hyundailivart.co.kr/p/P100025033
198,거실장/거실테이블,,가구 > 거실장/거실테이블,P200136061,리바트,[클리어런스]  무드 모던 2200 거실장,판매 중,클리어런스,100,295000269800,9,https://living.hyundailivart.co.kr/p/P200136061,https://static.hyundailivart.co.kr/upload_mall/goods/P200136061/GM42697497_img.jpg?RS=0X250&CS=250X250&AO=1,2026-08-02T22:30:00+09:00,https://living.hyundailivart.co.kr/p/P200136061
199,거실장/거실테이블,,가구 > 거실장/거실테이블,P100022923,리바트,[클리어런스] 후아 1800 익스텐션 거실장,판매 중,클리어런스,100,301000227000,25,https://living.hyundailivart.co.kr/p/P100022923,,2026-08-02T22:30:00+09:00,https://living.hyundailivart.co.kr/p/P100022923
200,거실장/거실테이블,,가구 > 거실장/거실테이블,P100022920,리바트,[클리어런스] 후아 1800 다리형 거실장,판매 중,클리어런스,100,292000224200,23,https://living.hyundailivart.co.kr/p/P100022920,,2026-08-02T22:30:00+09:00,https://living.hyundailivart.co.kr/p/P100022920
201,거실장/거실테이블,,가구 > 거실장/거실테이블,P200189083,리바트,코네 1200 리프트업 테이블,판매 중,,,507000,,https://living.hyundailivart.co.kr/p/P200189083,https://static.hyundailivart.co.kr/upload_mall/goods/P200189083/GM43665403_img.jpg?RS=0X250&CS=250X250&AO=1,2026-08-02T22:30:00+09:00,https://living.hyundailivart.co.kr/p/P200189083
202,거실장/거실테이블,,가구 > 거실장/거실테이블,P200107905,리바트,[Global Design Partners] 리니어 거실장 / 티테이블(안트레이 하르티카이넨 / 핀란드),판매 중,Global Design Partners,,3261000,,https://living.hyundailivart.co.kr/p/P200107905,https://static.hyundailivart.co.kr/upload_mall/goods/P200107905/GM42163680_img.jpg?RS=0X250&CS=250X250&AO=1,2026-08-02T22:30:00+09:00,https://living.hyundailivart.co.kr/p/P200107905
203,거실장/거실테이블,,가구 > 거실장/거실테이블,P200198478,리바트,클로드 2200 거실장,판매 중,,100,1038000934000,10,https://living.hyundailivart.co.kr/p/P200198478,https://static.hyundailivart.co.kr/upload_mall/goods/P200198478/GM43950458_img.jpg?RS=0X250&CS=250X250&AO=1,2026-08-02T22:30:00+09:00,https://living.hyundailivart.co.kr/p/P200198478
204,거실장/거실테이블,,가구 > 거실장/거실테이블,P200155411,리바트,브리티 2000 거실장,판매 중,,,587000,,https://living.hyundailivart.co.kr/p/P200155411,https://static.hyundailivart.co.kr/upload_mall/goods/P200155411/GM43867741_img.jpg?RS=0X250&CS=250X250&AO=1,2026-08-02T22:30:00+09:00,https://living.hyundailivart.co.kr/p/P200155411
205,수납장/서랍장,,가구 > 수납장/서랍장,P200155410,리바트,브리티 유리장식장,판매 중,,,640000,,https://living.hyundailivart.co.kr/p/P200155410,https://static.hyundailivart.co.kr/upload_mall/goods/P200155410/GM43035022_img.jpg?RS=0X250&CS=250X250&AO=1,2026-08-02T22:30:00+09:00,https://living.hyundailivart.co.kr/p/P200155410
206,거실장/거실테이블,,가구 > 거실장/거실테이블,P200134320,리바트,엘리시안 거실장 중앙장,판매 중,,,986000,,https://living.hyundailivart.co.kr/p/P200134320,https://static.hyundailivart.co.kr/upload_mall/goods/P200134320/GM42676217_img.jpg?RS=0X250&CS=250X250&AO=1,2026-08-02T22:30:00+09:00,https://living.hyundailivart.co.kr/p/P200134320
207,거실장/거실테이블,,가구 > 거실장/거실테이블,P100022911,리바트,[클리어런스] 후아 1200 다리형 거실장,판매 중,클리어런스,100,238000178600,25,https://living.hyundailivart.co.kr/p/P100022911,,2026-08-02T22:30:00+09:00,https://living.hyundailivart.co.kr/p/P100022911
208,거실장/거실테이블,,가구 > 거실장/거실테이블,P200086362,리바트,[클리어런스] 무니 950 리프트업 테이블,판매 중,클리어런스,100,320000254600,20,https://living.hyundailivart.co.kr/p/P200086362,https://static.hyundailivart.co.kr/upload_mall/goods/P200086362/GM43726538_img.jpg?RS=0X250&CS=250X250&AO=1,2026-08-02T22:30:00+09:00,https://living.hyundailivart.co.kr/p/P200086362
209,거실장/거실테이블,,가구 > 거실장/거실테이블,P200107760,리바트,[Global Design Partners] 리니어 티테이블(안트레이 하르티카이넨 / 핀란드),판매 중,Global Design Partners,,1299000,,https://living.hyundailivart.co.kr/p/P200107760,https://static.hyundailivart.co.kr/upload_mall/goods/P200107760/GM42265477_img.jpg?RS=0X250&CS=250X250&AO=1,2026-08-02T22:30:00+09:00,https://living.hyundailivart.co.kr/p/P200107760
210,거실장/거실테이블,,가구 > 거실장/거실테이블,P100032174,리바트,스와레 2800 세라믹 거실장 높은장,판매 중,,100,20300001218000,40,https://living.hyundailivart.co.kr/p/P100032174,,2026-08-02T22:30:00+09:00,https://living.hyundailivart.co.kr/p/P100032174
211,거실장/거실테이블,,가구 > 거실장/거실테이블,P200191427,리바트,하버 2000 거실장,판매 중,,,1207000,,https://living.hyundailivart.co.kr/p/P200191427,https://static.hyundailivart.co.kr/upload_mall/goods/P200191427/GM43721106_img.jpg?RS=0X250&CS=250X250&AO=1,2026-08-02T22:30:00+09:00,https://living.hyundailivart.co.kr/p/P200191427
212,거실장/거실테이블,,가구 > 거실장/거실테이블,P100034265,리바트,[클리어런스] 오트 1600 거실장,판매 중,클리어런스,100,252000182400,28,https://living.hyundailivart.co.kr/p/P100034265,,2026-08-02T22:30:00+09:00,https://living.hyundailivart.co.kr/p/P100034265
213,거실장/거실테이블,,가구 > 거실장/거실테이블,P200187545,리바트,[클리어런스]  무니 1200 리프트업 테이블,판매 중,클리어런스,100,397000369500,7,https://living.hyundailivart.co.kr/p/P200187545,https://static.hyundailivart.co.kr/upload_mall/goods/P200187545/GM43603016_img.jpg?RS=0X250&CS=250X250&AO=1,2026-08-02T22:30:00+09:00,https://living.hyundailivart.co.kr/p/P200187545
214,거실장/거실테이블,,가구 > 거실장/거실테이블,P100024456,리바트,모레이 중앙장,판매 중,,,521000,,https://living.hyundailivart.co.kr/p/P100024456,,2026-08-02T22:30:00+09:00,https://living.hyundailivart.co.kr/p/P100024456
215,거실장/거실테이블,,가구 > 거실장/거실테이블,P100034268,리바트,[클리어런스] 오트 1800 거실장,판매 중,클리어런스,100,270000190000,30,https://living.hyundailivart.co.kr/p/P100034268,,2026-08-02T22:30:00+09:00,https://living.hyundailivart.co.kr/p/P100034268
216,거실장/거실테이블,,가구 > 거실장/거실테이블,P100022995,리바트,모노디 2400 거실장 (스틸다리형),판매 중,,,935000,,https://living.hyundailivart.co.kr/p/P100022995,https://static.hyundailivart.co.kr/upload_mall/goods/P100022995/GM43996538_img.jpg?RS=0X250&CS=250X250&AO=1,2026-08-02T22:30:00+09:00,https://living.hyundailivart.co.kr/p/P100022995
217,거실장/거실테이블,,가구 > 거실장/거실테이블,P200191429,리바트,하버 비정형 티테이블,판매 중,,,550000,,https://living.hyundailivart.co.kr/p/P200191429,https://static.hyundailivart.co.kr/upload_mall/goods/P200191429/GM43722888_img.jpg?RS=0X250&CS=250X250&AO=1,2026-08-02T22:30:00+09:00,https://living.hyundailivart.co.kr/p/P200191429
218,거실장/거실테이블,,가구 > 거실장/거실테이블,P100025651,리바트,[클리어런스] 무드 모던 1800 거실장,판매 중,클리어런스,100,274000224200,18,https://living.hyundailivart.co.kr/p/P100025651,,2026-08-02T22:30:00+09:00,https://living.hyundailivart.co.kr/p/P100025651
219,거실장/거실테이블,,가구 > 거실장/거실테이블,P200190918,리바트,모노토나 2200 거실장,판매 중,,,717000,,https://living.hyundailivart.co.kr/p/P200190918,https://static.hyundailivart.co.kr/upload_mall/goods/P200190918/GM43865818_img.jpg?RS=0X250&CS=250X250&AO=1,2026-08-02T22:30:00+09:00,https://living.hyundailivart.co.kr/p/P200190918
220,거실장/거실테이블,,가구 > 거실장/거실테이블,P100040082,리바트,키쉬 골드 티테이블,판매 중,,,548000,,https://living.hyundailivart.co.kr/p/P100040082,https://static.hyundailivart.co.kr/upload_mall/goods/P100040082/GM43714524_img.jpg?RS=0X250&CS=250X250&AO=1,2026-08-02T22:30:00+09:00,https://living.hyundailivart.co.kr/p/P100040082
221,거실장/거실테이블,,가구 > 거실장/거실테이블,P200189084,리바트,코네 1000 리프트업 테이블,판매 중,,,490000,,https://living.hyundailivart.co.kr/p/P200189084,https://static.hyundailivart.co.kr/upload_mall/goods/P200189084/GM43665394_img.jpg?RS=0X250&CS=250X250&AO=1,2026-08-02T22:30:00+09:00,https://living.hyundailivart.co.kr/p/P200189084
222,거실장/거실테이블,,가구 > 거실장/거실테이블,P100026333,리바트,[클리어런스] 무드 모던 600 사이드 협탁장,판매 중,클리어런스,100,144000115900,20,https://living.hyundailivart.co.kr/p/P100026333,,2026-08-02T22:30:00+09:00,https://living.hyundailivart.co.kr/p/P100026333
223,거실장/거실테이블,,가구 > 거실장/거실테이블,P100036289,리바트,팝 소가구 페블롯,판매 중,,100,397000198000,50,https://living.hyundailivart.co.kr/p/P100036289,,2026-08-02T22:30:00+09:00,https://living.hyundailivart.co.kr/p/P100036289
224,거실장/거실테이블,,가구 > 거실장/거실테이블,P200180929,리바트,노빌레 사이드 협탁장 AV (상판유리 포함),판매 중,,,456000,,https://living.hyundailivart.co.kr/p/P200180929,https://static.hyundailivart.co.kr/upload_mall/goods/P200180929/GM43472821_img.jpg?RS=0X250&CS=250X250&AO=1,2026-08-02T22:30:00+09:00,https://living.hyundailivart.co.kr/p/P200180929
225,거실장/거실테이블,,가구 > 거실장/거실테이블,P100024745,리바트,노빌레 티테이블 (상판유리 포함),판매 중,,,434000,,https://living.hyundailivart.co.kr/p/P100024745,,2026-08-02T22:30:00+09:00,https://living.hyundailivart.co.kr/p/P100024745
226,거실장/거실테이블,,가구 > 거실장/거실테이블,P100024440,리바트,모레이 리프트업 티테이블,판매 중,,,423000,,https://living.hyundailivart.co.kr/p/P100024440,,2026-08-02T22:30:00+09:00,https://living.hyundailivart.co.kr/p/P100024440
227,거실장/거실테이블,,가구 > 거실장/거실테이블,P100024408,리바트,[클리어런스] 후아 리프트업 테이블,판매 중,클리어런스,100,304000210900,31,https://living.hyundailivart.co.kr/p/P100024408,,2026-08-02T22:30:00+09:00,https://living.hyundailivart.co.kr/p/P100024408
228,거실장/거실테이블,,가구 > 거실장/거실테이블,P200197366,리바트,[클리어런스] 스모어 사이드테이블,판매 중,클리어런스,100,135000128200,5,https://living.hyundailivart.co.kr/p/P200197366,https://static.hyundailivart.co.kr/upload_mall/goods/P200197366/GM43912667_img.jpg?RS=0X250&CS=250X250&AO=1,2026-08-02T22:30:00+09:00,https://living.hyundailivart.co.kr/p/P200197366
229,거실장/거실테이블,,가구 > 거실장/거실테이블,P100040089,리바트,키쉬 골드 사이드테이블,판매 중,,100,250000175000,30,https://living.hyundailivart.co.kr/p/P100040089,,2026-08-02T22:30:00+09:00,https://living.hyundailivart.co.kr/p/P100040089
230,거실장/거실테이블,,가구 > 거실장/거실테이블,P200184780,리바트,로에프 사각 티테이블,판매 중,,,361000,,https://living.hyundailivart.co.kr/p/P200184780,https://static.hyundailivart.co.kr/upload_mall/goods/P200184780/GM43563489_img.jpg?RS=0X250&CS=250X250&AO=1,2026-08-02T22:30:00+09:00,https://living.hyundailivart.co.kr/p/P200184780
231,거실장/거실테이블,,가구 > 거실장/거실테이블,P200085752,리바트,[클리어런스] 리네트 600 원형 티테이블,판매 중,클리어런스,100,176000162400,8,https://living.hyundailivart.co.kr/p/P200085752,https://static.hyundailivart.co.kr/upload_mall/goods/P200085752/GM41779650_img.jpg?RS=0X250&CS=250X250&AO=1,2026-08-02T22:30:00+09:00,https://living.hyundailivart.co.kr/p/P200085752
232,거실장/거실테이블,,가구 > 거실장/거실테이블,P200147009,리바트 세계가구,[클리어런스] 알로 트라이앵글 티테이블SET,판매 중,클리어런스,100,17000095000,44,https://living.hyundailivart.co.kr/p/P200147009,https://static.hyundailivart.co.kr/upload_mall/goods/P200147009/GM42915462_img.jpg?RS=0X250&CS=250X250&AO=1,2026-08-02T22:30:00+09:00,https://living.hyundailivart.co.kr/p/P200147009
233,거실장/거실테이블,,가구 > 거실장/거실테이블,P100023142,리바트,브리티 원형 티테이블,판매 중,,,158000,,https://living.hyundailivart.co.kr/p/P100023142,,2026-08-02T22:30:00+09:00,https://living.hyundailivart.co.kr/p/P100023142
234,거실장/거실테이블,,가구 > 거실장/거실테이블,P100024453,리바트,모레이 사이드장,판매 중,,,259000,,https://living.hyundailivart.co.kr/p/P100024453,,2026-08-02T22:30:00+09:00,https://living.hyundailivart.co.kr/p/P100024453
235,거실장/거실테이블,,가구 > 거실장/거실테이블,P200191443,리바트,아델 사이드테이블 ㄷ자형 사각형,판매 중,,,250000,,https://living.hyundailivart.co.kr/p/P200191443,https://static.hyundailivart.co.kr/upload_mall/goods/P200191443/GM43727184_img.jpg?RS=0X250&CS=250X250&AO=1,2026-08-02T22:30:00+09:00,https://living.hyundailivart.co.kr/p/P200191443
236,거실장/거실테이블,,가구 > 거실장/거실테이블,P200146228,리바트 세계가구,[클리어런스] 말라카 오크 티테이블 오크,판매 중,클리어런스,100,194000129200,33,https://living.hyundailivart.co.kr/p/P200146228,https://static.hyundailivart.co.kr/upload_mall/goods/P200146228/1.jpg?RS=0X250&CS=250X250&AO=1,2026-08-02T22:30:00+09:00,https://living.hyundailivart.co.kr/p/P200146228
237,수납장/서랍장,,가구 > 수납장/서랍장,P200188642,리바트 세계가구,[클리어런스] 리스 사이드 수납 장식장,판매 중,클리어런스,100,249000187000,25,https://living.hyundailivart.co.kr/p/P200188642,https://static.hyundailivart.co.kr/upload_mall/goods/P200188642/GM43679444_img.jpg?RS=0X250&CS=250X250&AO=1,2026-08-02T22:30:00+09:00,https://living.hyundailivart.co.kr/p/P200188642
238,거실장/거실테이블,,가구 > 거실장/거실테이블,P100032033,리바트,스와레 세라믹 사이드테이블,판매 중,,100,233000140000,40,https://living.hyundailivart.co.kr/p/P100032033,,2026-08-02T22:30:00+09:00,https://living.hyundailivart.co.kr/p/P100032033
239,거실장/거실테이블,,가구 > 거실장/거실테이블,P100030148,리바트,트렌소 라이트 티테이블 M (그레이 색상),판매 중,,,153000,,https://living.hyundailivart.co.kr/p/P100030148,https://static.hyundailivart.co.kr/upload_mall/goods/P100030148/GM42003951_img.jpg?RS=0X250&CS=250X250&AO=1,2026-08-02T22:30:00+09:00,https://living.hyundailivart.co.kr/p/P100030148
240,거실장/거실테이블,,가구 > 거실장/거실테이블,P100022908,리바트,[클리어런스] 후아 1200 스탠다드 거실장,판매 중,클리어런스,100,192000143400,25,https://living.hyundailivart.co.kr/p/P100022908,,2026-08-02T22:30:00+09:00,https://living.hyundailivart.co.kr/p/P100022908
241,거실장/거실테이블,,가구 > 거실장/거실테이블,P100025679,리바트,[클리어런스] 무드 모던 사이드테이블,판매 중,클리어런스,100,8700071200,18,https://living.hyundailivart.co.kr/p/P100025679,,2026-08-02T22:30:00+09:00,https://living.hyundailivart.co.kr/p/P100025679
242,거실장/거실테이블,,가구 > 거실장/거실테이블,P200193999,리바트 세계가구,[클리어런스] 로자크 티테이블 B형,판매 중,클리어런스,,436000,,https://living.hyundailivart.co.kr/p/P200193999,https://static.hyundailivart.co.kr/upload_mall/goods/P200193999/GM43787472_img.jpg?RS=0X250&CS=250X250&AO=1,2026-08-02T22:30:00+09:00,https://living.hyundailivart.co.kr/p/P200193999
243,거실장/거실테이블,,가구 > 거실장/거실테이블,P200193998,리바트 세계가구,[클리어런스] 로자크 티테이블 A형,판매 중,클리어런스,,379000,,https://living.hyundailivart.co.kr/p/P200193998,https://static.hyundailivart.co.kr/upload_mall/goods/P200193998/GM43787462_img.jpg?RS=0X250&CS=250X250&AO=1,2026-08-02T22:30:00+09:00,https://living.hyundailivart.co.kr/p/P200193998
244,침대/매트리스,,가구 > 침대/매트리스,P200193996,리바트 세계가구,[클리어런스] 로자크 서랍 협탁,판매 중,클리어런스,,225000,,https://living.hyundailivart.co.kr/p/P200193996,https://static.hyundailivart.co.kr/upload_mall/goods/P200193996/GM43787437_img.jpg?RS=0X250&CS=250X250&AO=1,2026-08-02T22:30:00+09:00,https://living.hyundailivart.co.kr/p/P200193996
245,침대/매트리스,,가구 > 침대/매트리스,P200193995,리바트 세계가구,[클리어런스] 로자크 라탄도어 협탁,판매 중,클리어런스,,240000,,https://living.hyundailivart.co.kr/p/P200193995,https://static.hyundailivart.co.kr/upload_mall/goods/P200193995/GM43787427_img.jpg?RS=0X250&CS=250X250&AO=1,2026-08-02T22:30:00+09:00,https://living.hyundailivart.co.kr/p/P200193995
246,거실장/거실테이블,,가구 > 거실장/거실테이블,P200191462,리바트 세계가구,[클리어런스] 에클레르 원형 티테이블,판매 중,클리어런스,,185000,,https://living.hyundailivart.co.kr/p/P200191462,https://static.hyundailivart.co.kr/upload_mall/goods/P200191462/GM43730958_img.jpg?RS=0X250&CS=250X250&AO=1,2026-08-02T22:30:00+09:00,https://living.hyundailivart.co.kr/p/P200191462
247,거실장/거실테이블,,가구 > 거실장/거실테이블,P200191442,리바트,아델 사이드테이블 ㄷ자형 원형,판매 중,,,189000,,https://living.hyundailivart.co.kr/p/P200191442,https://static.hyundailivart.co.kr/upload_mall/goods/P200191442/GM43727130_img.jpg?RS=0X250&CS=250X250&AO=1,2026-08-02T22:30:00+09:00,https://living.hyundailivart.co.kr/p/P200191442
248,거실장/거실테이블,,가구 > 거실장/거실테이블,P200191441,리바트,아델 원형 사이드테이블,판매 중,,,387000,,https://living.hyundailivart.co.kr/p/P200191441,https://static.hyundailivart.co.kr/upload_mall/goods/P200191441/GM43727088_img.jpg?RS=0X250&CS=250X250&AO=1,2026-08-02T22:30:00+09:00,https://living.hyundailivart.co.kr/p/P200191441
249,거실장/거실테이블,,가구 > 거실장/거실테이블,P200191438,리바트,아델 원형 티테이블,판매 중,,,601000,,https://living.hyundailivart.co.kr/p/P200191438,https://static.hyundailivart.co.kr/upload_mall/goods/P200191438/GM43727078_img.jpg?RS=0X250&CS=250X250&AO=1,2026-08-02T22:30:00+09:00,https://living.hyundailivart.co.kr/p/P200191438
250,거실장/거실테이블,,가구 > 거실장/거실테이블,P200191428,리바트,하버 1600 높은 거실장,판매 중,,,1307000,,https://living.hyundailivart.co.kr/p/P200191428,https://static.hyundailivart.co.kr/upload_mall/goods/P200191428/GM43722739_img.jpg?RS=0X250&CS=250X250&AO=1,2026-08-02T22:30:00+09:00,https://living.hyundailivart.co.kr/p/P200191428
251,거실장/거실테이블,,가구 > 거실장/거실테이블,P200191215,리바트,키쉬 원형 사이드테이블 모어매트,판매 중,,100,189000132000,30,https://living.hyundailivart.co.kr/p/P200191215,https://static.hyundailivart.co.kr/upload_mall/goods/P200191215/GM43715049_img.jpg?RS=0X250&CS=250X250&AO=1,2026-08-02T22:30:00+09:00,https://living.hyundailivart.co.kr/p/P200191215
252,거실장/거실테이블,,가구 > 거실장/거실테이블,P200190960,리바트 세계가구,[클리어런스] 시드 거실 테이블 블랙,판매 중,클리어런스,,362000,,https://living.hyundailivart.co.kr/p/P200190960,https://static.hyundailivart.co.kr/upload_mall/goods/P200190960/GM43702287_img.jpg?RS=0X250&CS=250X250&AO=1,2026-08-02T22:30:00+09:00,https://living.hyundailivart.co.kr/p/P200190960
253,거실장/거실테이블,,가구 > 거실장/거실테이블,P200190959,리바트 세계가구,[클리어런스] 시드 티테이블 E 블랙,판매 중,클리어런스,,231000,,https://living.hyundailivart.co.kr/p/P200190959,https://static.hyundailivart.co.kr/upload_mall/goods/P200190959/GM43704409_img.jpg?RS=0X250&CS=250X250&AO=1,2026-08-02T22:30:00+09:00,https://living.hyundailivart.co.kr/p/P200190959
254,거실장/거실테이블,,가구 > 거실장/거실테이블,P200190958,리바트 세계가구,[클리어런스] 시드 티테이블 D 블랙,판매 중,클리어런스,,216000,,https://living.hyundailivart.co.kr/p/P200190958,https://static.hyundailivart.co.kr/upload_mall/goods/P200190958/GM43843589_img.png?RS=0X250&CS=250X250&AO=1,2026-08-02T22:30:00+09:00,https://living.hyundailivart.co.kr/p/P200190958
255,거실장/거실테이블,,가구 > 거실장/거실테이블,P200190957,리바트 세계가구,[클리어런스] 시드 티테이블 C 블랙,판매 중,클리어런스,,182000,,https://living.hyundailivart.co.kr/p/P200190957,https://static.hyundailivart.co.kr/upload_mall/goods/P200190957/GM43704334_img.jpg?RS=0X250&CS=250X250&AO=1,2026-08-02T22:30:00+09:00,https://living.hyundailivart.co.kr/p/P200190957
256,거실장/거실테이블,,가구 > 거실장/거실테이블,P200190956,리바트 세계가구,[클리어런스] 시드 티테이블 B 블랙,판매 중,클리어런스,,182000,,https://living.hyundailivart.co.kr/p/P200190956,https://static.hyundailivart.co.kr/upload_mall/goods/P200190956/GM43704324_img.jpg?RS=0X250&CS=250X250&AO=1,2026-08-02T22:30:00+09:00,https://living.hyundailivart.co.kr/p/P200190956
257,거실장/거실테이블,,가구 > 거실장/거실테이블,P200190953,리바트 세계가구,[클리어런스] 루트 사이드테이블 E 내추럴,판매 중,클리어런스,,182000,,https://living.hyundailivart.co.kr/p/P200190953,https://static.hyundailivart.co.kr/upload_mall/goods/P200190953/GM43700087_img.jpg?RS=0X250&CS=250X250&AO=1,2026-08-02T22:30:00+09:00,https://living.hyundailivart.co.kr/p/P200190953
258,거실장/거실테이블,,가구 > 거실장/거실테이블,P200190949,리바트 세계가구,[클리어런스] 루트 사이드테이블 A 내추럴,판매 중,클리어런스,100,182000145000,20,https://living.hyundailivart.co.kr/p/P200190949,https://static.hyundailivart.co.kr/upload_mall/goods/P200190949/GM43700116_img.png?RS=0X250&CS=250X250&AO=1,2026-08-02T22:30:00+09:00,https://living.hyundailivart.co.kr/p/P200190949
259,키즈/주니어,,가구 > 키즈/주니어,P200176474,리바트,[클리어런스] 꼼므 키즈 1200 라운드 테이블,판매 중,클리어런스,100,18000097800,46,https://living.hyundailivart.co.kr/p/P200176474,https://static.hyundailivart.co.kr/upload_mall/goods/P200176474/GM43409386_img.jpg?RS=0X250&CS=250X250&AO=1,2026-08-02T22:30:00+09:00,https://living.hyundailivart.co.kr/p/P200176474
260,거실장/거실테이블,,가구 > 거실장/거실테이블,P200164464,리바트 세계가구,[클리어런스] 하오롱 밤부자개 거실테이블 L 화이트,판매 중,클리어런스,100,372000218000,41,https://living.hyundailivart.co.kr/p/P200164464,https://static.hyundailivart.co.kr/upload_mall/goods/P200164464/GM43292160_img.jpg?RS=0X250&CS=250X250&AO=1,2026-08-02T22:30:00+09:00,https://living.hyundailivart.co.kr/p/P200164464
261,거실장/거실테이블,,가구 > 거실장/거실테이블,P200164449,리바트 세계가구,[클리어런스] 하오롱 밤부자개 거실테이블 S 내추럴,판매 중,클리어런스,100,15600092000,41,https://living.hyundailivart.co.kr/p/P200164449,https://static.hyundailivart.co.kr/upload_mall/goods/P200164449/GM43292122_img.jpg?RS=0X250&CS=250X250&AO=1,2026-08-02T22:30:00+09:00,https://living.hyundailivart.co.kr/p/P200164449
262,거실장/거실테이블,,가구 > 거실장/거실테이블,P200164448,리바트 세계가구,[클리어런스] 하오롱 밤부자개 거실테이블 L 내추럴,판매 중,클리어런스,100,372000218000,41,https://living.hyundailivart.co.kr/p/P200164448,https://static.hyundailivart.co.kr/upload_mall/goods/P200164448/GM43292072_img.jpg?RS=0X250&CS=250X250&AO=1,2026-08-02T22:30:00+09:00,https://living.hyundailivart.co.kr/p/P200164448
263,거실장/거실테이블,,가구 > 거실장/거실테이블,P200155409,리바트,브리티 1000 사이드 협탁장,판매 중,,,382000,,https://living.hyundailivart.co.kr/p/P200155409,https://static.hyundailivart.co.kr/upload_mall/goods/P200155409/GM43867786_img.jpg?RS=0X250&CS=250X250&AO=1,2026-08-02T22:30:00+09:00,https://living.hyundailivart.co.kr/p/P200155409
264,거실장/거실테이블,,가구 > 거실장/거실테이블,P200146997,리바트 세계가구,[클리어런스] 알로 투인원 티테이블,판매 중,클리어런스,100,190000106000,44,https://living.hyundailivart.co.kr/p/P200146997,https://static.hyundailivart.co.kr/upload_mall/goods/P200146997/GM42903779_img.jpg?RS=0X250&CS=250X250&AO=1,2026-08-02T22:30:00+09:00,https://living.hyundailivart.co.kr/p/P200146997
265,거실장/거실테이블,,가구 > 거실장/거실테이블,P200134321,리바트,엘리시안 거실장 사이드 협탁장,판매 중,,,209000,,https://living.hyundailivart.co.kr/p/P200134321,https://static.hyundailivart.co.kr/upload_mall/goods/P200134321/GM42670313_img.jpg?RS=0X250&CS=250X250&AO=1,2026-08-02T22:30:00+09:00,https://living.hyundailivart.co.kr/p/P200134321
266,거실장/거실테이블,,가구 > 거실장/거실테이블,P200055605,리바트,뉴 키쉬 사이드테이블,판매 중,,100,250000175000,30,https://living.hyundailivart.co.kr/p/P200055605,https://static.hyundailivart.co.kr/upload_mall/goods/P200055605/GM41031246_img.jpg?RS=0X250&CS=250X250&AO=1,2026-08-02T22:30:00+09:00,https://living.hyundailivart.co.kr/p/P200055605
267,거실장/거실테이블,,가구 > 거실장/거실테이블,P200055535,리바트,뉴 키쉬 티테이블,판매 중,,,548000,,https://living.hyundailivart.co.kr/p/P200055535,https://static.hyundailivart.co.kr/upload_mall/goods/P200055535/GM41031204_img.jpg?RS=0X250&CS=250X250&AO=1,2026-08-02T22:30:00+09:00,https://living.hyundailivart.co.kr/p/P200055535
268,거실장/거실테이블,,가구 > 거실장/거실테이블,P200022069,리바트,모노디 사이드 협탁장(스틸다리형),판매 중,,,352000,,https://living.hyundailivart.co.kr/p/P200022069,https://static.hyundailivart.co.kr/upload_mall/goods/P200022069/GM43996529_img.jpg?RS=0X250&CS=250X250&AO=1,2026-08-02T22:30:00+09:00,https://living.hyundailivart.co.kr/p/P200022069
269,거실장/거실테이블,,가구 > 거실장/거실테이블,P100034571,리바트,무아르 1000 AV사이드 협탁장,판매 중,,100,373000223000,40,https://living.hyundailivart.co.kr/p/P100034571,,2026-08-02T22:30:00+09:00,https://living.hyundailivart.co.kr/p/P100034571
270,거실장/거실테이블,,가구 > 거실장/거실테이블,P100032264,리바트,트렌소 라이트 티테이블 L (다크그레이 색상),판매 중,,,221000,,https://living.hyundailivart.co.kr/p/P100032264,,2026-08-02T22:30:00+09:00,https://living.hyundailivart.co.kr/p/P100032264
271,거실장/거실테이블,,가구 > 거실장/거실테이블,P100032169,리바트,스와레 2000 세라믹 거실장 높은장,판매 중,,100,1318000791000,40,https://living.hyundailivart.co.kr/p/P100032169,,2026-08-02T22:30:00+09:00,https://living.hyundailivart.co.kr/p/P100032169
272,거실장/거실테이블,,가구 > 거실장/거실테이블,P100031585,리바트,키쉬 원형 사이드테이블,판매 중,,100,250000175000,30,https://living.hyundailivart.co.kr/p/P100031585,,2026-08-02T22:30:00+09:00,https://living.hyundailivart.co.kr/p/P100031585
273,거실장/거실테이블,,가구 > 거실장/거실테이블,P100031581,리바트,키쉬 원형 티테이블,판매 중,,,548000,,https://living.hyundailivart.co.kr/p/P100031581,,2026-08-02T22:30:00+09:00,https://living.hyundailivart.co.kr/p/P100031581
274,거실장/거실테이블,,가구 > 거실장/거실테이블,P100030147,리바트,트렌소 라이트 티테이블 S (그레이 색상),판매 중,,,131000,,https://living.hyundailivart.co.kr/p/P100030147,,2026-08-02T22:30:00+09:00,https://living.hyundailivart.co.kr/p/P100030147
275,거실장/거실테이블,,가구 > 거실장/거실테이블,P100026709,리바트,크로켓 사이드장 (오크콤비),판매 중,,,225000,,https://living.hyundailivart.co.kr/p/P100026709,https://static.hyundailivart.co.kr/upload_mall/goods/P100026709/GM44084668_img.jpg?RS=0X250&CS=250X250&AO=1,2026-08-02T22:30:00+09:00,https://living.hyundailivart.co.kr/p/P100026709
276,거실장/거실테이블,,가구 > 거실장/거실테이블,P100024759,리바트,노빌레 중앙장 (상판유리 포함),판매 중,,,699000,,https://living.hyundailivart.co.kr/p/P100024759,,2026-08-02T22:30:00+09:00,https://living.hyundailivart.co.kr/p/P100024759
277,거실장/거실테이블,,가구 > 거실장/거실테이블,P100024754,리바트,노빌레 사이드 협탁장 (상판유리 포함),판매 중,,,373000,,https://living.hyundailivart.co.kr/p/P100024754,https://static.hyundailivart.co.kr/upload_mall/goods/P100024754/GM43078400_img.jpg?RS=0X250&CS=250X250&AO=1,2026-08-02T22:30:00+09:00,https://living.hyundailivart.co.kr/p/P100024754
278,거실장/거실테이블,,가구 > 거실장/거실테이블,P100024450,리바트,모레이 높은거실장,판매 중,,,463000,,https://living.hyundailivart.co.kr/p/P100024450,,2026-08-02T22:30:00+09:00,https://living.hyundailivart.co.kr/p/P100024450
279,거실장/거실테이블,,가구 > 거실장/거실테이블,P100024323,리바트,모노디 중앙장 (스틸다리형),판매 중,,,583000,,https://living.hyundailivart.co.kr/p/P100024323,https://static.hyundailivart.co.kr/upload_mall/goods/P100024323/GM43889436_img.jpg?RS=0X250&CS=250X250&AO=1,2026-08-02T22:30:00+09:00,https://living.hyundailivart.co.kr/p/P100024323
280,거실장/거실테이블,,가구 > 거실장/거실테이블,P100023003,리바트,모노디 거실장 (익스텐션형),판매 중,,,681000,,https://living.hyundailivart.co.kr/p/P100023003,,2026-08-02T22:30:00+09:00,https://living.hyundailivart.co.kr/p/P100023003
281,식탁,,가구 > 식탁,P200194838,리바트 마이스터 컬렉션,[MC] 살로네 체어,판매 중,MC,,498000,,https://living.hyundailivart.co.kr/p/P200194838,https://static.hyundailivart.co.kr/upload_mall/goods/P200194838/GM43817835_img.jpg?RS=0X250&CS=250X250&AO=1,2026-08-02T22:30:00+09:00,https://living.hyundailivart.co.kr/p/P200194838
282,마이스터 컬렉션,,가구 > 마이스터 컬렉션,P200170963,리바트 마이스터 컬렉션,[마이스터 컬렉션] 포스 6인 식탁 1800,판매 중,마이스터 컬렉션,,2240000,,https://living.hyundailivart.co.kr/p/P200170963,https://static.hyundailivart.co.kr/upload_mall/goods/P200170963/GM43450174_img.jpg?RS=0X250&CS=250X250&AO=1,2026-08-02T22:30:00+09:00,https://living.hyundailivart.co.kr/p/P200170963
283,식탁,,가구 > 식탁,P200172847,리바트,커스터마이징 세라믹식탁 아르떼,판매 중,,100,968000575000,41,https://living.hyundailivart.co.kr/p/P200172847,https://static.hyundailivart.co.kr/upload_mall/goods/P200172847/GM43402213_img.gif?RS=0X250&CS=250X250&AO=1,2026-08-02T22:30:00+09:00,https://living.hyundailivart.co.kr/p/P200172847
284,식탁,,가구 > 식탁,P100023072,리바트,[클리어런스] 뉴시나몬 원목 4인 식탁세트 1200 토핑벤치형,판매 중,클리어런스,100,566000452000,20,https://living.hyundailivart.co.kr/p/P100023072,https://static.hyundailivart.co.kr/upload_mall/goods/P100023072/GM43937517_img.jpg?RS=0X250&CS=250X250&AO=1,2026-08-02T22:30:00+09:00,https://living.hyundailivart.co.kr/p/P100023072
285,식탁,,가구 > 식탁,P200044703,리바트,[클리어런스] 뉴시나몬 원목 4인 식탁세트 1200 의자형 (4개),판매 중,클리어런스,100,646000510000,21,https://living.hyundailivart.co.kr/p/P200044703,https://static.hyundailivart.co.kr/upload_mall/goods/P200044703/GM40815871_img.jpg?RS=0X250&CS=250X250&AO=1,2026-08-02T22:30:00+09:00,https://living.hyundailivart.co.kr/p/P200044703
286,식탁,,가구 > 식탁,P200187230,리바트,[클리어런스] 아르떼 레도바 사각 세라믹 4인 식탁세트 1400 토핑의자형 (4개),판매 중,클리어런스,100,13120001237000,6,https://living.hyundailivart.co.kr/p/P200187230,https://static.hyundailivart.co.kr/upload_mall/goods/P200187230/GM43597355_img.jpg?RS=0X250&CS=250X250&AO=1,2026-08-02T22:30:00+09:00,https://living.hyundailivart.co.kr/p/P200187230
287,식탁,,가구 > 식탁,P100034807,리바트,[클리어런스] 토핑 다용도 식탁의자 2개세트,판매 중,클리어런스,100,172000136800,20,https://living.hyundailivart.co.kr/p/P100034807,https://static.hyundailivart.co.kr/upload_mall/goods/P100034807/GM10113545_img.jpg?RS=0X250&CS=250X250&AO=1,2026-08-02T22:30:00+09:00,https://living.hyundailivart.co.kr/p/P100034807
288,식탁,,가구 > 식탁,P200203617,리바트,[3+1] 이니스 식탁의자,판매 중,3+1,,834000,,https://living.hyundailivart.co.kr/p/P200203617,https://static.hyundailivart.co.kr/upload_mall/goods/P200203617/GM44093261_img.jpg?RS=0X250&CS=250X250&AO=1,2026-08-02T22:30:00+09:00,https://living.hyundailivart.co.kr/p/P200203617
289,식탁,,가구 > 식탁,P200203595,리바트,[3+1]니도 가죽 식탁의자(회전기능),판매 중,3+1,,744000,,https://living.hyundailivart.co.kr/p/P200203595,https://static.hyundailivart.co.kr/upload_mall/goods/P200203595/GM44093190_img.jpg?RS=0X250&CS=250X250&AO=1,2026-08-02T22:30:00+09:00,https://living.hyundailivart.co.kr/p/P200203595
290,식탁,,가구 > 식탁,P200184631,리바트,[클리어런스] 퐁피두 세라믹 4인 식탁 1400,판매 중,클리어런스,100,688000569000,17,https://living.hyundailivart.co.kr/p/P200184631,https://static.hyundailivart.co.kr/upload_mall/goods/P200184631/GM43622192_img.jpg?RS=0X250&CS=250X250&AO=1,2026-08-02T22:30:00+09:00,https://living.hyundailivart.co.kr/p/P200184631
291,식탁,,가구 > 식탁,P200188101,리바트,[클리어런스] 퐁피두 식탁의자,판매 중,클리어런스,100,14500084500,42,https://living.hyundailivart.co.kr/p/P200188101,https://static.hyundailivart.co.kr/upload_mall/goods/P200188101/GM43622256_img.jpg?RS=0X250&CS=250X250&AO=1,2026-08-02T22:30:00+09:00,https://living.hyundailivart.co.kr/p/P200188101
292,식탁,,가구 > 식탁,P200125289,리바트,[클리어런스] 벤타나 세라믹 4인 식탁 1400,판매 중,클리어런스,100,675000452200,33,https://living.hyundailivart.co.kr/p/P200125289,https://static.hyundailivart.co.kr/upload_mall/goods/P200125289/GM42508225_img.jpg?RS=0X250&CS=250X250&AO=1,2026-08-02T22:30:00+09:00,https://living.hyundailivart.co.kr/p/P200125289
293,식탁,,가구 > 식탁,P200086262,리바트,[클리어런스] 리네트 사각 6인 식탁세트 1600 헤이베체어형 (4개),판매 중,클리어런스,100,1132000931900,18,https://living.hyundailivart.co.kr/p/P200086262,https://static.hyundailivart.co.kr/upload_mall/goods/P200086262/GM41770702_img.jpg?RS=0X250&CS=250X250&AO=1,2026-08-02T22:30:00+09:00,https://living.hyundailivart.co.kr/p/P200086262
294,식탁,,가구 > 식탁,P200130079,리바트,[클리어런스] 벤타나 세라믹 4인 식탁세트 1400 의자형 (4개),판매 중,클리어런스,100,1154000946000,18,https://living.hyundailivart.co.kr/p/P200130079,https://static.hyundailivart.co.kr/upload_mall/goods/P200130079/GM42575207_img.jpg?RS=0X250&CS=250X250&AO=1,2026-08-02T22:30:00+09:00,https://living.hyundailivart.co.kr/p/P200130079
295,식탁,,가구 > 식탁,P200083939,리바트,[클리어런스] 로티르 타원형 6인 식탁세트(다릿발 블랙) 1800 헤이베체어형 (4개),판매 중,클리어런스,100,967000773300,20,https://living.hyundailivart.co.kr/p/P200083939,https://static.hyundailivart.co.kr/upload_mall/goods/P200083939/GM41680323_img.jpg?RS=0X250&CS=250X250&AO=1,2026-08-02T22:30:00+09:00,https://living.hyundailivart.co.kr/p/P200083939
296,식탁,,가구 > 식탁,P200167185,리바트,레티 세라믹 6인 식탁 1800,판매 중,,,1198000,,https://living.hyundailivart.co.kr/p/P200167185,https://static.hyundailivart.co.kr/upload_mall/goods/P200167185/GM43291037_img.jpg?RS=0X250&CS=250X250&AO=1,2026-08-02T22:30:00+09:00,https://living.hyundailivart.co.kr/p/P200167185
297,식탁,,가구 > 식탁,P200044721,리바트,[클리어런스] 뉴시나몬 원목 2인 식탁세트 의자형,판매 중,클리어런스,100,399000317000,21,https://living.hyundailivart.co.kr/p/P200044721,https://static.hyundailivart.co.kr/upload_mall/goods/P200044721/GM43937365_img.jpg?RS=0X250&CS=250X250&AO=1,2026-08-02T22:30:00+09:00,https://living.hyundailivart.co.kr/p/P200044721
298,식탁,,가구 > 식탁,P200125977,리바트,[클리어런스] 루아 식탁의자 2개세트,판매 중,클리어런스,100,276000222300,19,https://living.hyundailivart.co.kr/p/P200125977,https://static.hyundailivart.co.kr/upload_mall/goods/P200125977/GM42521471_img.jpg?RS=0X250&CS=250X250&AO=1,2026-08-02T22:30:00+09:00,https://living.hyundailivart.co.kr/p/P200125977
299,식탁,,가구 > 식탁,P200203594,리바트,[4+2]니도 가죽 식탁의자(회전기능),판매 중,4+2,,992000,,https://living.hyundailivart.co.kr/p/P200203594,https://static.hyundailivart.co.kr/upload_mall/goods/P200203594/GM44093192_img.jpg?RS=0X250&CS=250X250&AO=1,2026-08-02T22:30:00+09:00,https://living.hyundailivart.co.kr/p/P200203594
300,식탁,,가구 > 식탁,P200194240,리바트,아르떼 알베로 와이드 사각 세라믹 2인 식탁 1200,판매 중,,,826000,,https://living.hyundailivart.co.kr/p/P200194240,https://static.hyundailivart.co.kr/upload_mall/goods/P200194240/GM43828394_img.jpg?RS=0X250&CS=250X250&AO=1,2026-08-02T22:30:00+09:00,https://living.hyundailivart.co.kr/p/P200194240
301,식탁,,가구 > 식탁,P200184633,리바트,[클리어런스] 퐁피두 세라믹 6인 식탁 1600,판매 중,클리어런스,100,767000630800,18,https://living.hyundailivart.co.kr/p/P200184633,https://static.hyundailivart.co.kr/upload_mall/goods/P200184633/GM43622196_img.jpg?RS=0X250&CS=250X250&AO=1,2026-08-02T22:30:00+09:00,https://living.hyundailivart.co.kr/p/P200184633
302,식탁,,가구 > 식탁,P200188132,리바트,이니스 세라믹 4인 식탁 1600,판매 중,,,1088000,,https://living.hyundailivart.co.kr/p/P200188132,https://static.hyundailivart.co.kr/upload_mall/goods/P200188132/GM43632286_img.jpg?RS=0X250&CS=250X250&AO=1,2026-08-02T22:30:00+09:00,https://living.hyundailivart.co.kr/p/P200188132
303,식탁,,가구 > 식탁,P200203616,리바트,[4+2] 이니스 식탁의자,판매 중,4+2,,1112000,,https://living.hyundailivart.co.kr/p/P200203616,https://static.hyundailivart.co.kr/upload_mall/goods/P200203616/GM44093262_img.jpg?RS=0X250&CS=250X250&AO=1,2026-08-02T22:30:00+09:00,https://living.hyundailivart.co.kr/p/P200203616
304,식탁,,가구 > 식탁,P200203612,리바트,[3+1] 알베로 원목 식탁의자,판매 중,3+1,,555000,,https://living.hyundailivart.co.kr/p/P200203612,https://static.hyundailivart.co.kr/upload_mall/goods/P200203612/GM44093219_img.jpg?RS=0X250&CS=250X250&AO=1,2026-08-02T22:30:00+09:00,https://living.hyundailivart.co.kr/p/P200203612
305,식탁,,가구 > 식탁,P200194569,리바트,니도 가죽 식탁의자(회전기능),판매 중,,,248000,,https://living.hyundailivart.co.kr/p/P200194569,https://static.hyundailivart.co.kr/upload_mall/goods/P200194569/GM43803642_img.jpg?RS=0X250&CS=250X250&AO=1,2026-08-02T22:30:00+09:00,https://living.hyundailivart.co.kr/p/P200194569
306,식탁,,가구 > 식탁,P200196403,리바트,[클리어런스] 브르노 세라믹 6인 식탁 1800,판매 중,클리어런스,100,792000627000,21,https://living.hyundailivart.co.kr/p/P200196403,https://static.hyundailivart.co.kr/upload_mall/goods/P200196403/GM43896123_img.jpg?RS=0X250&CS=250X250&AO=1,2026-08-02T22:30:00+09:00,https://living.hyundailivart.co.kr/p/P200196403
307,식탁,,가구 > 식탁,P100022964,리바트,[클리어런스] 토핑 다용도 식탁의자,판매 중,클리어런스,100,8600068400,20,https://living.hyundailivart.co.kr/p/P100022964,https://static.hyundailivart.co.kr/upload_mall/goods/P100022964/GM41186620_img.jpg?RS=0X250&CS=250X250&AO=1,2026-08-02T22:30:00+09:00,https://living.hyundailivart.co.kr/p/P100022964
308,식탁,,가구 > 식탁,P200198742,리바트,오트밀 원목 8인 식탁 2000,판매 중,,100,18960001706000,10,https://living.hyundailivart.co.kr/p/P200198742,https://static.hyundailivart.co.kr/upload_mall/goods/P200198742/GM43978734_img.jpg?RS=0X250&CS=250X250&AO=1,2026-08-02T22:30:00+09:00,https://living.hyundailivart.co.kr/p/P200198742
309,식탁,,가구 > 식탁,P200125303,리바트,[클리어런스] 벤타나 세라믹 6인 식탁 1800,판매 중,클리어런스,100,770000547200,29,https://living.hyundailivart.co.kr/p/P200125303,https://static.hyundailivart.co.kr/upload_mall/goods/P200125303/GM42508276_img.jpg?RS=0X250&CS=250X250&AO=1,2026-08-02T22:30:00+09:00,https://living.hyundailivart.co.kr/p/P200125303
310,식탁,,가구 > 식탁,P200194521,리바트,레티 세라믹 와이드 4인 식탁 1600,판매 중,,,1142000,,https://living.hyundailivart.co.kr/p/P200194521,https://static.hyundailivart.co.kr/upload_mall/goods/P200194521/GM43798189_img.jpg?RS=0X250&CS=250X250&AO=1,2026-08-02T22:30:00+09:00,https://living.hyundailivart.co.kr/p/P200194521
311,식탁,,가구 > 식탁,P200196402,리바트,[클리어런스] 브르노 세라믹 4인 식탁 1600,판매 중,클리어런스,100,763000597500,22,https://living.hyundailivart.co.kr/p/P200196402,https://static.hyundailivart.co.kr/upload_mall/goods/P200196402/GM43896134_img.jpg?RS=0X250&CS=250X250&AO=1,2026-08-02T22:30:00+09:00,https://living.hyundailivart.co.kr/p/P200196402
312,식탁,,가구 > 식탁,P200012573,리바트,드레싱 가죽 식탁의자,판매 중,,,117000,,https://living.hyundailivart.co.kr/p/P200012573,https://static.hyundailivart.co.kr/upload_mall/goods/P200012573/GM40105255_img.jpg?RS=0X250&CS=250X250&AO=1,2026-08-02T22:30:00+09:00,https://living.hyundailivart.co.kr/p/P200012573
313,식탁,,가구 > 식탁,P200195353,리바트 세계가구,[클리어런스] 라데츠 세라믹 4인 식탁 1500,판매 중,클리어런스,,658000,,https://living.hyundailivart.co.kr/p/P200195353,https://static.hyundailivart.co.kr/upload_mall/goods/P200195353/GM43838348_img.jpg?RS=0X250&CS=250X250&AO=1,2026-08-02T22:30:00+09:00,https://living.hyundailivart.co.kr/p/P200195353
314,식탁,,가구 > 식탁,P200194242,리바트,아르떼 알베로 와이드 사각 세라믹 4인 식탁 1600,판매 중,,,1018000,,https://living.hyundailivart.co.kr/p/P200194242,https://static.hyundailivart.co.kr/upload_mall/goods/P200194242/GM43795926_img.jpg?RS=0X250&CS=250X250&AO=1,2026-08-02T22:30:00+09:00,https://living.hyundailivart.co.kr/p/P200194242
315,식탁,,가구 > 식탁,P200187646,리바트,아르떼 스와레 와이드 사각 세라믹 4인 식탁 1600,판매 중,,100,1084000956000,12,https://living.hyundailivart.co.kr/p/P200187646,https://static.hyundailivart.co.kr/upload_mall/goods/P200187646/GM43608181_img.jpg?RS=0X250&CS=250X250&AO=1,2026-08-02T22:30:00+09:00,https://living.hyundailivart.co.kr/p/P200187646
316,식탁,,가구 > 식탁,P200193613,리바트,이니스 무늬목 6인 식탁 1800,판매 중,,100,1000000499000,50,https://living.hyundailivart.co.kr/p/P200193613,https://static.hyundailivart.co.kr/upload_mall/goods/P200193613/GM43768054_img.jpg?RS=0X250&CS=250X250&AO=1,2026-08-02T22:30:00+09:00,https://living.hyundailivart.co.kr/p/P200193613
317,식탁,,가구 > 식탁,P200020222,리바트,[클리어런스] 뉴시나몬 원목 4인 식탁 1200,판매 중,클리어런스,100,254000200400,21,https://living.hyundailivart.co.kr/p/P200020222,https://static.hyundailivart.co.kr/upload_mall/goods/P200020222/GM43936720_img.jpg?RS=0X250&CS=250X250&AO=1,2026-08-02T22:30:00+09:00,https://living.hyundailivart.co.kr/p/P200020222
318,식탁,,가구 > 식탁,P200080686,리바트,[클리어런스] 헤이베 체어,판매 중,클리어런스,100,142000115900,18,https://living.hyundailivart.co.kr/p/P200080686,https://static.hyundailivart.co.kr/upload_mall/goods/P200080686/GM41795984_img.jpg?RS=0X250&CS=250X250&AO=1,2026-08-02T22:30:00+09:00,https://living.hyundailivart.co.kr/p/P200080686
319,식탁,,가구 > 식탁,P200027277,리바트,프루티 패브릭 식탁의자,판매 중,,100,152000144400,5,https://living.hyundailivart.co.kr/p/P200027277,https://static.hyundailivart.co.kr/upload_mall/goods/P200027277/GM40361576_img.jpg?RS=0X250&CS=250X250&AO=1,2026-08-02T22:30:00+09:00,https://living.hyundailivart.co.kr/p/P200027277
320,식탁,,가구 > 식탁,P200196404,리바트,[클리어런스] 브르노 세라믹 6인 식탁 2000,판매 중,클리어런스,100,841000666900,21,https://living.hyundailivart.co.kr/p/P200196404,https://static.hyundailivart.co.kr/upload_mall/goods/P200196404/GM43896128_img.jpg?RS=0X250&CS=250X250&AO=1,2026-08-02T22:30:00+09:00,https://living.hyundailivart.co.kr/p/P200196404
321,식탁,,가구 > 식탁,P200044725,리바트,[클리어런스] 뉴시나몬 원목 4인 식탁세트 1200 벤치형,판매 중,클리어런스,100,590000469000,21,https://living.hyundailivart.co.kr/p/P200044725,https://static.hyundailivart.co.kr/upload_mall/goods/P200044725/GM43937415_img.jpg?RS=0X250&CS=250X250&AO=1,2026-08-02T22:30:00+09:00,https://living.hyundailivart.co.kr/p/P200044725
322,식탁,,가구 > 식탁,P200167174,리바트,레티 세라믹 4인 식탁 1400,판매 중,,,1086000,,https://living.hyundailivart.co.kr/p/P200167174,https://static.hyundailivart.co.kr/upload_mall/goods/P200167174/GM43271122_img.jpg?RS=0X250&CS=250X250&AO=1,2026-08-02T22:30:00+09:00,https://living.hyundailivart.co.kr/p/P200167174
323,책상/책장,,가구 > 책상/책장,P200198682,리바트,[천연가죽 데스크패드 증정] 위무브 1600 전동 높이조절 세라믹 패밀리 테이블 (2색),판매 중,천연가죽 데스크패드 증정,,1930000,,https://living.hyundailivart.co.kr/p/P200198682,https://static.hyundailivart.co.kr/upload_mall/goods/P200198682/GM43963024_img.jpg?RS=0X250&CS=250X250&AO=1,2026-08-02T22:30:00+09:00,https://living.hyundailivart.co.kr/p/P200198682
324,식탁,,가구 > 식탁,P200194241,리바트,아르떼 알베로 사각 세라믹 4인 식탁 1400,판매 중,,,938000,,https://living.hyundailivart.co.kr/p/P200194241,https://static.hyundailivart.co.kr/upload_mall/goods/P200194241/GM43795921_img.jpg?RS=0X250&CS=250X250&AO=1,2026-08-02T22:30:00+09:00,https://living.hyundailivart.co.kr/p/P200194241
325,식탁,,가구 > 식탁,P100031519,리바트,[클리어런스] 로티르 마블패턴 타원형 6인 식탁세트 1800 의자형 (4개),판매 중,클리어런스,100,727000557600,23,https://living.hyundailivart.co.kr/p/P100031519,https://static.hyundailivart.co.kr/upload_mall/goods/P100031519/C100011034_OPT1.jpg?RS=0X22&CS=22X22&AO=1,2026-08-02T22:30:00+09:00,https://living.hyundailivart.co.kr/p/P100031519
326,식탁,,가구 > 식탁,P200187551,리바트,아르떼 딜리스 와이드 사각 세라믹 4인 식탁 1600,판매 중,,,1490000,,https://living.hyundailivart.co.kr/p/P200187551,https://static.hyundailivart.co.kr/upload_mall/goods/P200187551/GM43601507_img.jpg?RS=0X250&CS=250X250&AO=1,2026-08-02T22:30:00+09:00,https://living.hyundailivart.co.kr/p/P200187551
327,식탁,,가구 > 식탁,P200105225,리바트,오브라 식탁의자 가죽 암체어형,판매 중,,,332000,,https://living.hyundailivart.co.kr/p/P200105225,https://static.hyundailivart.co.kr/upload_mall/goods/P200105225/GM42155360_img.jpg?RS=0X250&CS=250X250&AO=1,2026-08-02T22:30:00+09:00,https://living.hyundailivart.co.kr/p/P200105225
328,식탁,,가구 > 식탁,P200185520,리바트,이니스 세라믹 4인 식탁 1600 (스틸다리),판매 중,,,1366000,,https://living.hyundailivart.co.kr/p/P200185520,https://static.hyundailivart.co.kr/upload_mall/goods/P200185520/GM43565693_img.jpg?RS=0X250&CS=250X250&AO=1,2026-08-02T22:30:00+09:00,https://living.hyundailivart.co.kr/p/P200185520
329,식탁,,가구 > 식탁,P200125164,리바트,[클리어런스] 루아 식탁의자,판매 중,클리어런스,100,138000111100,19,https://living.hyundailivart.co.kr/p/P200125164,https://static.hyundailivart.co.kr/upload_mall/goods/P200125164/GM42539047_img.jpg?RS=0X250&CS=250X250&AO=1,2026-08-02T22:30:00+09:00,https://living.hyundailivart.co.kr/p/P200125164
330,식탁,,가구 > 식탁,P100023024,리바트,[클리어런스] 뉴시나몬 2인 원목식탁,판매 중,클리어런스,100,203000152000,25,https://living.hyundailivart.co.kr/p/P100023024,https://static.hyundailivart.co.kr/upload_mall/goods/P100023024/GM43937375_img.jpg?RS=0X250&CS=250X250&AO=1,2026-08-02T22:30:00+09:00,https://living.hyundailivart.co.kr/p/P100023024
331,식탁,,가구 > 식탁,P200187229,리바트,[클리어런스] 아르떼 레도바 라운드 세라믹 4인 식탁세트 1600 토핑의자형 (4개),판매 중,클리어런스,100,13800001326000,4,https://living.hyundailivart.co.kr/p/P200187229,https://static.hyundailivart.co.kr/upload_mall/goods/P200187229/GM43597395_img.jpg?RS=0X250&CS=250X250&AO=1,2026-08-02T22:30:00+09:00,https://living.hyundailivart.co.kr/p/P200187229
332,식탁,,가구 > 식탁,P200175470,리바트,아르카 식탁 1600,판매 중,,100,382000362900,5,https://living.hyundailivart.co.kr/p/P200175470,https://static.hyundailivart.co.kr/upload_mall/goods/P200175470/GM43418381_img.jpg?RS=0X250&CS=250X250&AO=1,2026-08-02T22:30:00+09:00,https://living.hyundailivart.co.kr/p/P200175470
333,식탁,,가구 > 식탁,P200188133,리바트,이니스 세라믹 6인 식탁 1800,판매 중,,,1258000,,https://living.hyundailivart.co.kr/p/P200188133,https://static.hyundailivart.co.kr/upload_mall/goods/P200188133/GM43632260_img.jpg?RS=0X250&CS=250X250&AO=1,2026-08-02T22:30:00+09:00,https://living.hyundailivart.co.kr/p/P200188133
334,식탁,,가구 > 식탁,P200188474,리바트,이니스 식탁의자,판매 중,,,278000,,https://living.hyundailivart.co.kr/p/P200188474,https://static.hyundailivart.co.kr/upload_mall/goods/P200188474/GM43635370_img.jpg?RS=0X250&CS=250X250&AO=1,2026-08-02T22:30:00+09:00,https://living.hyundailivart.co.kr/p/P200188474
335,화장대/거울/스툴,,가구 > 화장대/거울/스툴,P200173877,리바트,[클리어런스] 아로 부클레 라운드 스툴,판매 중,클리어런스,100,7100055100,22,https://living.hyundailivart.co.kr/p/P200173877,https://static.hyundailivart.co.kr/upload_mall/goods/P200173877/GM43407558_img.jpg?RS=0X250&CS=250X250&AO=1,2026-08-02T22:30:00+09:00,https://living.hyundailivart.co.kr/p/P200173877
336,식탁,,가구 > 식탁,P100030361,리바트,[클리어런스] 토핑 6인 가죽 식탁벤치의자,판매 중,클리어런스,100,146000123500,15,https://living.hyundailivart.co.kr/p/P100030361,,2026-08-02T22:30:00+09:00,https://living.hyundailivart.co.kr/p/P100030361
337,식탁,,가구 > 식탁,P200181027,리바트,[클리어런스] 보스코 세라믹 클래식 4인 식탁 1400,판매 중,클리어런스,100,697000527200,24,https://living.hyundailivart.co.kr/p/P200181027,https://static.hyundailivart.co.kr/upload_mall/goods/P200181027/GM43864022_img.jpg?RS=0X250&CS=250X250&AO=1,2026-08-02T22:30:00+09:00,https://living.hyundailivart.co.kr/p/P200181027
338,식탁,,가구 > 식탁,P200188996,리바트,레티 4인 식탁벤치의자,판매 중,,,260000,,https://living.hyundailivart.co.kr/p/P200188996,https://static.hyundailivart.co.kr/upload_mall/goods/P200188996/GM43655893_img.jpg?RS=0X250&CS=250X250&AO=1,2026-08-02T22:30:00+09:00,https://living.hyundailivart.co.kr/p/P200188996
339,식탁,,가구 > 식탁,P100034798,리바트,[클리어런스] 뉴시나몬 원목식탁의자 2개세트,판매 중,클리어런스,100,196000166000,15,https://living.hyundailivart.co.kr/p/P100034798,https://static.hyundailivart.co.kr/upload_mall/goods/P100034798/GM43937973_img.jpg?RS=0X250&CS=250X250&AO=1,2026-08-02T22:30:00+09:00,https://living.hyundailivart.co.kr/p/P100034798
340,식탁,,가구 > 식탁,P200203525,리바트,[4+2] 모비아 식탁의자 회전형,판매 중,4+2,,1072000,,https://living.hyundailivart.co.kr/p/P200203525,https://static.hyundailivart.co.kr/upload_mall/goods/P200203525/GM44091517_img.jpg?RS=0X250&CS=250X250&AO=1,2026-08-02T22:30:00+09:00,https://living.hyundailivart.co.kr/p/P200203525
341,식탁,,가구 > 식탁,P200044046,리바트,레제 라탄 원목 식탁의자,판매 중,,,190000,,https://living.hyundailivart.co.kr/p/P200044046,https://static.hyundailivart.co.kr/upload_mall/goods/P200044046/GM40746568_img.jpg?RS=0X250&CS=250X250&AO=1,2026-08-02T22:30:00+09:00,https://living.hyundailivart.co.kr/p/P200044046
342,식탁,,가구 > 식탁,P200129987,리바트,[클리어런스] 벤타나 세라믹 6인 식탁세트 1800 의자형 (4개),판매 중,클리어런스,100,12640001045000,17,https://living.hyundailivart.co.kr/p/P200129987,https://static.hyundailivart.co.kr/upload_mall/goods/P200129987/GM42574495_img.jpg?RS=0X250&CS=250X250&AO=1,2026-08-02T22:30:00+09:00,https://living.hyundailivart.co.kr/p/P200129987
343,식탁,,가구 > 식탁,P200130114,리바트,[클리어런스] 벤타나 세라믹 6인 식탁세트 1800 레데의자형 (4개),판매 중,클리어런스,100,12640001045000,17,https://living.hyundailivart.co.kr/p/P200130114,https://static.hyundailivart.co.kr/upload_mall/goods/P200130114/GM42575268_img.jpg?RS=0X250&CS=250X250&AO=1,2026-08-02T22:30:00+09:00,https://living.hyundailivart.co.kr/p/P200130114
344,식탁,,가구 > 식탁,P100024964,리바트,스키니 가죽 식탁의자,판매 중,,,210000,,https://living.hyundailivart.co.kr/p/P100024964,https://static.hyundailivart.co.kr/upload_mall/goods/P100024964/GM40980745_img.jpg?RS=0X250&CS=250X250&AO=1,2026-08-02T22:30:00+09:00,https://living.hyundailivart.co.kr/p/P100024964
345,식탁,,가구 > 식탁,P200191187,리바트 세계가구,[클리어런스] 헤스 1400 원목 식탁,판매 중,클리어런스,100,466000333400,28,https://living.hyundailivart.co.kr/p/P200191187,https://static.hyundailivart.co.kr/upload_mall/goods/P200191187/GM43720140_img.jpg?RS=0X250&CS=250X250&AO=1,2026-08-02T22:30:00+09:00,https://living.hyundailivart.co.kr/p/P200191187
346,식탁,,가구 > 식탁,P200187649,리바트,아르떼 스와레 사각 세라믹 6인 식탁 1800,판매 중,,100,1138000678000,40,https://living.hyundailivart.co.kr/p/P200187649,https://static.hyundailivart.co.kr/upload_mall/goods/P200187649/GM43608209_img.jpg?RS=0X250&CS=250X250&AO=1,2026-08-02T22:30:00+09:00,https://living.hyundailivart.co.kr/p/P200187649
347,식탁,,가구 > 식탁,P100023068,리바트,[클리어런스] 뉴시나몬 원목 4인 식탁세트 1200 토핑의자형 (4개),판매 중,클리어런스,100,598000466000,22,https://living.hyundailivart.co.kr/p/P100023068,https://static.hyundailivart.co.kr/upload_mall/goods/P100023068/GM43937503_img.jpg?RS=0X250&CS=250X250&AO=1,2026-08-02T22:30:00+09:00,https://living.hyundailivart.co.kr/p/P100023068
348,식탁,,가구 > 식탁,P100031897,리바트,에디스 원목 식탁의자,판매 중,,,165000,,https://living.hyundailivart.co.kr/p/P100031897,,2026-08-02T22:30:00+09:00,https://living.hyundailivart.co.kr/p/P100031897
349,식탁,,가구 > 식탁,P200126033,리바트,[클리어런스] 레데 패브릭의자 2개세트,판매 중,클리어런스,100,276000222300,19,https://living.hyundailivart.co.kr/p/P200126033,https://static.hyundailivart.co.kr/upload_mall/goods/P200126033/GM42515187_img.jpg?RS=0X250&CS=250X250&AO=1,2026-08-02T22:30:00+09:00,https://living.hyundailivart.co.kr/p/P200126033
350,식탁,,가구 > 식탁,P200187645,리바트,아르떼 스와레 사각 세라믹 4인 식탁 1600,판매 중,,100,1033000652000,37,https://living.hyundailivart.co.kr/p/P200187645,https://static.hyundailivart.co.kr/upload_mall/goods/P200187645/GM43608199_img.jpg?RS=0X250&CS=250X250&AO=1,2026-08-02T22:30:00+09:00,https://living.hyundailivart.co.kr/p/P200187645
351,식탁,,가구 > 식탁,P200187990,리바트,레티 원형 세라믹 원목 식탁,판매 중,,,895000,,https://living.hyundailivart.co.kr/p/P200187990,https://static.hyundailivart.co.kr/upload_mall/goods/P200187990/GM43885775_img.jpg?RS=0X250&CS=250X250&AO=1,2026-08-02T22:30:00+09:00,https://living.hyundailivart.co.kr/p/P200187990
352,식탁,,가구 > 식탁,P200194243,리바트,아르떼 알베로 사각 세라믹 6인 식탁 1800,판매 중,,,1074000,,https://living.hyundailivart.co.kr/p/P200194243,https://static.hyundailivart.co.kr/upload_mall/goods/P200194243/GM43828374_img.jpg?RS=0X250&CS=250X250&AO=1,2026-08-02T22:30:00+09:00,https://living.hyundailivart.co.kr/p/P200194243
353,식탁,,가구 > 식탁,P200198743,리바트,오트밀 식탁의자,판매 중,,100,423000381000,10,https://living.hyundailivart.co.kr/p/P200198743,https://static.hyundailivart.co.kr/upload_mall/goods/P200198743/GM43977538_img.jpg?RS=0X250&CS=250X250&AO=1,2026-08-02T22:30:00+09:00,https://living.hyundailivart.co.kr/p/P200198743
354,식탁,,가구 > 식탁,P200186034,리바트,아르떼 리주 사각 세라믹 4인 식탁 1400,판매 중,,100,987000844000,14,https://living.hyundailivart.co.kr/p/P200186034,https://static.hyundailivart.co.kr/upload_mall/goods/P200186034/GM43591775_img.jpg?RS=0X250&CS=250X250&AO=1,2026-08-02T22:30:00+09:00,https://living.hyundailivart.co.kr/p/P200186034
355,식탁,,가구 > 식탁,P200085704,리바트,[클리어런스] 리네트 타원형 6인 식탁 1600,판매 중,클리어런스,100,506000420800,17,https://living.hyundailivart.co.kr/p/P200085704,https://static.hyundailivart.co.kr/upload_mall/goods/P200085704/GM41730118_img.jpg?RS=0X250&CS=250X250&AO=1,2026-08-02T22:30:00+09:00,https://living.hyundailivart.co.kr/p/P200085704
356,식탁,,가구 > 식탁,P100029384,리바트,[클리어런스] 로티르 원형 4인 식탁세트 의자형 (2개),판매 중,클리어런스,100,469000381000,19,https://living.hyundailivart.co.kr/p/P100029384,https://static.hyundailivart.co.kr/upload_mall/goods/P100029384/C100009697_OPT1.jpg?RS=0X22&CS=22X22&AO=1,2026-08-02T22:30:00+09:00,https://living.hyundailivart.co.kr/p/P100029384
357,식탁,,가구 > 식탁,P200027582,리바트,뉴세레나 식탁의자,판매 중,,,216000,,https://living.hyundailivart.co.kr/p/P200027582,https://static.hyundailivart.co.kr/upload_mall/goods/P200021382/GM40182146_img.jpg?RS=0X250&CS=250X250&AO=1,2026-08-02T22:30:00+09:00,https://living.hyundailivart.co.kr/p/P200027582
358,식탁,,가구 > 식탁,P200203613,리바트,[4+2] 알베로 원목 식탁의자,판매 중,4+2,,740000,,https://living.hyundailivart.co.kr/p/P200203613,https://static.hyundailivart.co.kr/upload_mall/goods/P200203613/GM44093218_img.jpg?RS=0X250&CS=250X250&AO=1,2026-08-02T22:30:00+09:00,https://living.hyundailivart.co.kr/p/P200203613
359,식탁,,가구 > 식탁,P200108724,리바트,[Global Design Partners] 힐트 6인식탁(티엘 / 스위스),판매 중,Global Design Partners,100,2415000725000,70,https://living.hyundailivart.co.kr/p/P200108724,https://static.hyundailivart.co.kr/upload_mall/goods/P200108724/GM42171832_img.jpg?RS=0X250&CS=250X250&AO=1,2026-08-02T22:30:00+09:00,https://living.hyundailivart.co.kr/p/P200108724
360,식탁,,가구 > 식탁,P200203526,리바트,[3+1] 모비아 식탁의자 회전형,판매 중,3+1,,804000,,https://living.hyundailivart.co.kr/p/P200203526,https://static.hyundailivart.co.kr/upload_mall/goods/P200203526/GM44091513_img.jpg?RS=0X250&CS=250X250&AO=1,2026-08-02T22:30:00+09:00,https://living.hyundailivart.co.kr/p/P200203526
361,식탁,,가구 > 식탁,P200203593,리바트,[3+1]니도 패브릭 식탁의자(회전기능),판매 중,3+1,,687000,,https://living.hyundailivart.co.kr/p/P200203593,https://static.hyundailivart.co.kr/upload_mall/goods/P200203593/GM44092973_img.jpg?RS=0X250&CS=250X250&AO=1,2026-08-02T22:30:00+09:00,https://living.hyundailivart.co.kr/p/P200203593
362,식탁,,가구 > 식탁,P100034797,리바트,[클리어런스] 뉴시나몬 윈저B 원목식탁의자 2개세트,판매 중,클리어런스,100,274000212800,22,https://living.hyundailivart.co.kr/p/P100034797,https://static.hyundailivart.co.kr/upload_mall/goods/P100034797/GM43937993_img.jpg?RS=0X250&CS=250X250&AO=1,2026-08-02T22:30:00+09:00,https://living.hyundailivart.co.kr/p/P100034797
363,식탁,,가구 > 식탁,P200125867,리바트,[클리어런스] 레데 패브릭의자,판매 중,클리어런스,100,138000111100,19,https://living.hyundailivart.co.kr/p/P200125867,https://static.hyundailivart.co.kr/upload_mall/goods/P200125867/GM42550870_img.jpg?RS=0X250&CS=250X250&AO=1,2026-08-02T22:30:00+09:00,https://living.hyundailivart.co.kr/p/P200125867
364,식탁,,가구 > 식탁,P200142373,리바트,테르소 트라이포드 모어매트식탁 1500 일반형,판매 중,,100,987000295000,70,https://living.hyundailivart.co.kr/p/P200142373,https://static.hyundailivart.co.kr/upload_mall/goods/P200142373/GM42808929_img.jpg?RS=0X250&CS=250X250&AO=1,2026-08-02T22:30:00+09:00,https://living.hyundailivart.co.kr/p/P200142373
365,식탁,,가구 > 식탁,P200142371,리바트,테르소 트라이포드 모어매트식탁 1500 라운드,판매 중,,100,987000295000,70,https://living.hyundailivart.co.kr/p/P200142371,https://static.hyundailivart.co.kr/upload_mall/goods/P200142371/GM42808939_img.jpg?RS=0X250&CS=250X250&AO=1,2026-08-02T22:30:00+09:00,https://living.hyundailivart.co.kr/p/P200142371
366,식탁,,가구 > 식탁,P100030358,리바트,[클리어런스] 토핑 4인 가죽 식탁벤치의자,판매 중,클리어런스,100,124000111100,10,https://living.hyundailivart.co.kr/p/P100030358,,2026-08-02T22:30:00+09:00,https://living.hyundailivart.co.kr/p/P100030358
367,식탁,,가구 > 식탁,P200191955,리바트,알베로 1400 원목 식탁벤치의자,판매 중,,,287000,,https://living.hyundailivart.co.kr/p/P200191955,https://static.hyundailivart.co.kr/upload_mall/goods/P200191955/GM43741726_img.jpg?RS=0X250&CS=250X250&AO=1,2026-08-02T22:30:00+09:00,https://living.hyundailivart.co.kr/p/P200191955
368,식탁,,가구 > 식탁,P200188039,리바트,보스코 패브릭 식탁의자,판매 중,,100,13300091200,31,https://living.hyundailivart.co.kr/p/P200188039,https://static.hyundailivart.co.kr/upload_mall/goods/P200188039/GM43657953_img.jpg?RS=0X250&CS=250X250&AO=1,2026-08-02T22:30:00+09:00,https://living.hyundailivart.co.kr/p/P200188039
369,식탁,,가구 > 식탁,P200184501,리바트,앙비 식탁의자,판매 중,,,178000,,https://living.hyundailivart.co.kr/p/P200184501,https://static.hyundailivart.co.kr/upload_mall/goods/P200184501/GM43605757_img.jpg?RS=0X250&CS=250X250&AO=1,2026-08-02T22:30:00+09:00,https://living.hyundailivart.co.kr/p/P200184501
370,식탁,,가구 > 식탁,P100023032,리바트,[클리어런스] 뉴시나몬 원목식탁벤치의자,판매 중,클리어런스,100,14000099700,29,https://living.hyundailivart.co.kr/p/P100023032,https://static.hyundailivart.co.kr/upload_mall/goods/P100023032/GM43937444_img.jpg?RS=0X250&CS=250X250&AO=1,2026-08-02T22:30:00+09:00,https://living.hyundailivart.co.kr/p/P100023032
371,식탁,,가구 > 식탁,P100024163,리바트,[클리어런스] 뉴시나몬 원목스툴의자,판매 중,클리어런스,100,8500068400,20,https://living.hyundailivart.co.kr/p/P100024163,https://static.hyundailivart.co.kr/upload_mall/goods/P100024163/GM43937068_img.jpg?RS=0X250&CS=250X250&AO=1,2026-08-02T22:30:00+09:00,https://living.hyundailivart.co.kr/p/P100024163
372,식탁,,가구 > 식탁,P200110350,리바트,[Global Design Partners] 에포크 의자 2색(티엘 / 스위스),판매 중,Global Design Partners,,503000,,https://living.hyundailivart.co.kr/p/P200110350,https://static.hyundailivart.co.kr/upload_mall/goods/P200110350/GM42218121_img.jpg?RS=0X250&CS=250X250&AO=1,2026-08-02T22:30:00+09:00,https://living.hyundailivart.co.kr/p/P200110350
373,식탁,,가구 > 식탁,P100029399,리바트,[클리어런스] 로티르 원형 4인 식탁세트 의자형 (4개),판매 중,클리어런스,100,633000506000,20,https://living.hyundailivart.co.kr/p/P100029399,https://static.hyundailivart.co.kr/upload_mall/goods/P100029399/C100009708_OPT1.jpg?RS=0X22&CS=22X22&AO=1,2026-08-02T22:30:00+09:00,https://living.hyundailivart.co.kr/p/P100029399
374,화장대/거울/스툴,,가구 > 화장대/거울/스툴,P200172877,리바트,[클리어런스] 아로 원목 부클레 스툴,판매 중,클리어런스,100,12000093100,22,https://living.hyundailivart.co.kr/p/P200172877,https://static.hyundailivart.co.kr/upload_mall/goods/P200172877/GM43365768_img.jpg?RS=0X250&CS=250X250&AO=1,2026-08-02T22:30:00+09:00,https://living.hyundailivart.co.kr/p/P200172877
375,식탁,,가구 > 식탁,P200191957,리바트,페탈로 원목 식탁의자,판매 중,,,204000,,https://living.hyundailivart.co.kr/p/P200191957,https://static.hyundailivart.co.kr/upload_mall/goods/P200191957/GM43742471_img.jpg?RS=0X250&CS=250X250&AO=1,2026-08-02T22:30:00+09:00,https://living.hyundailivart.co.kr/p/P200191957
376,식탁,,가구 > 식탁,P200198629,리바트,아르떼 라운드 와이드 4인(1600) 씨마운트그레이 상판 리주 다릿발 블랙(배면판 블랙),판매 중,,100,1066000630000,41,https://living.hyundailivart.co.kr/p/P200198629,https://static.hyundailivart.co.kr/upload_mall/goods/P200198629/GM43959849_img.jpg?RS=0X250&CS=250X250&AO=1,2026-08-02T22:30:00+09:00,https://living.hyundailivart.co.kr/p/P200198629
377,식탁,,가구 > 식탁,P200085751,리바트,[클리어런스] 리네트 사각 6인 식탁 1600,판매 중,클리어런스,100,564000469300,17,https://living.hyundailivart.co.kr/p/P200085751,https://static.hyundailivart.co.kr/upload_mall/goods/P200085751/GM41730186_img.jpg?RS=0X250&CS=250X250&AO=1,2026-08-02T22:30:00+09:00,https://living.hyundailivart.co.kr/p/P200085751
378,식탁,,가구 > 식탁,P200189256,리바트 세계가구,[클리어런스] 바오밥 원형 원목식탁,판매 중,클리어런스,100,595000434100,27,https://living.hyundailivart.co.kr/p/P200189256,https://static.hyundailivart.co.kr/upload_mall/goods/P200189256/GM43761149_img.jpg?RS=0X250&CS=250X250&AO=1,2026-08-02T22:30:00+09:00,https://living.hyundailivart.co.kr/p/P200189256
379,식탁,,가구 > 식탁,P100034832,리바트,[클리어런스] 베이킹 원목 홈바의자 2개세트,판매 중,클리어런스,100,176000127300,28,https://living.hyundailivart.co.kr/p/P100034832,,2026-08-02T22:30:00+09:00,https://living.hyundailivart.co.kr/p/P100034832
380,식탁,,가구 > 식탁,P100031480,리바트,[클리어런스] 로티르 마블패턴 원형 4인 식탁세트 의자형 (2개),판매 중,클리어런스,100,469000376200,20,https://living.hyundailivart.co.kr/p/P100031480,https://static.hyundailivart.co.kr/upload_mall/goods/P100031480/C100011002_OPT1.jpg?RS=0X22&CS=22X22&AO=1,2026-08-02T22:30:00+09:00,https://living.hyundailivart.co.kr/p/P100031480
381,식탁,,가구 > 식탁,P200142374,리바트,테르소 트라이포드 모어매트식탁 1800 일반형,판매 중,,100,1296000351000,73,https://living.hyundailivart.co.kr/p/P200142374,https://static.hyundailivart.co.kr/upload_mall/goods/P200142374/GM42808686_img.jpg?RS=0X250&CS=250X250&AO=1,2026-08-02T22:30:00+09:00,https://living.hyundailivart.co.kr/p/P200142374
382,식탁,,가구 > 식탁,P100023048,리바트,[클리어런스] 뉴시나몬 윈저 원목식탁의자,판매 중,클리어런스,100,137000106400,22,https://living.hyundailivart.co.kr/p/P100023048,https://static.hyundailivart.co.kr/upload_mall/goods/P100023048/GM43937095_img.jpg?RS=0X250&CS=250X250&AO=1,2026-08-02T22:30:00+09:00,https://living.hyundailivart.co.kr/p/P100023048
383,식탁,,가구 > 식탁,P200187701,리바트 세계가구,[클리어런스] 라클레 스키니 4인 유리식탁 1400,판매 중,클리어런스,100,501000318200,36,https://living.hyundailivart.co.kr/p/P200187701,https://static.hyundailivart.co.kr/upload_mall/goods/P200187701/GM43616547_img.jpg?RS=0X250&CS=250X250&AO=1,2026-08-02T22:30:00+09:00,https://living.hyundailivart.co.kr/p/P200187701
384,식탁,,가구 > 식탁,P100026233,리바트,드레싱 6인 유리식탁 1600,판매 중,,100,751000301000,60,https://living.hyundailivart.co.kr/p/P100026233,,2026-08-02T22:30:00+09:00,https://living.hyundailivart.co.kr/p/P100026233
385,식탁,,가구 > 식탁,P100023059,리바트,[클리어런스] 뉴시나몬 2인 원목식탁세트 토핑의자형,판매 중,클리어런스,100,375000287000,23,https://living.hyundailivart.co.kr/p/P100023059,https://static.hyundailivart.co.kr/upload_mall/goods/P100023059/GM43937376_img.jpg?RS=0X250&CS=250X250&AO=1,2026-08-02T22:30:00+09:00,https://living.hyundailivart.co.kr/p/P100023059
386,식탁,,가구 > 식탁,P200191453,리바트 세계가구,[클리어런스] 페낭 원목식탁,판매 중,클리어런스,100,424000317000,25,https://living.hyundailivart.co.kr/p/P200191453,https://static.hyundailivart.co.kr/upload_mall/goods/P200191453/GM43722781_img.jpg?RS=0X250&CS=250X250&AO=1,2026-08-02T22:30:00+09:00,https://living.hyundailivart.co.kr/p/P200191453
387,식탁,,가구 > 식탁,P100029383,리바트,[클리어런스] 로티르 B형 식탁의자,판매 중,클리어런스,100,8200066500,19,https://living.hyundailivart.co.kr/p/P100029383,,2026-08-02T22:30:00+09:00,https://living.hyundailivart.co.kr/p/P100029383
388,식탁,,가구 > 식탁,P100029366,리바트,[클리어런스] 로티르 4인 원형식탁,판매 중,클리어런스,100,305000265000,13,https://living.hyundailivart.co.kr/p/P100029366,https://static.hyundailivart.co.kr/upload_mall/goods/P100029366/C100009688_OPT1.jpg?RS=0X22&CS=22X22&AO=1,2026-08-02T22:30:00+09:00,https://living.hyundailivart.co.kr/p/P100029366
389,식탁,,가구 > 식탁,P100023042,리바트,[클리어런스] 뉴시나몬 원목식탁의자,판매 중,클리어런스,100,9800083000,15,https://living.hyundailivart.co.kr/p/P100023042,https://static.hyundailivart.co.kr/upload_mall/goods/P100023042/GM43937481_img.jpg?RS=0X250&CS=250X250&AO=1,2026-08-02T22:30:00+09:00,https://living.hyundailivart.co.kr/p/P100023042
390,식탁,,가구 > 식탁,P100031477,리바트,[클리어런스] 로티르 마블패턴 원형 4인 식탁,판매 중,클리어런스,100,305000280200,8,https://living.hyundailivart.co.kr/p/P100031477,,2026-08-02T22:30:00+09:00,https://living.hyundailivart.co.kr/p/P100031477
391,식탁,,가구 > 식탁,P200146221,리바트 세계가구,[클리어런스] 말라카 오크 유선형 식탁 오크,판매 중,클리어런스,100,218000143400,34,https://living.hyundailivart.co.kr/p/P200146221,https://static.hyundailivart.co.kr/upload_mall/goods/P200146221/1.jpg?RS=0X250&CS=250X250&AO=1,2026-08-02T22:30:00+09:00,https://living.hyundailivart.co.kr/p/P200146221
392,식탁,,가구 > 식탁,P200191189,리바트 세계가구,[클리어런스] 불란파루 라운드 원목 식탁,판매 중,클리어런스,100,338000262000,22,https://living.hyundailivart.co.kr/p/P200191189,https://static.hyundailivart.co.kr/upload_mall/goods/P200191189/GM43778508_img.jpg?RS=0X250&CS=250X250&AO=1,2026-08-02T22:30:00+09:00,https://living.hyundailivart.co.kr/p/P200191189
393,식탁,,가구 > 식탁,P100031887,리바트,에디스 원목 6인 식탁 1700,판매 중,,100,636000255000,60,https://living.hyundailivart.co.kr/p/P100031887,,2026-08-02T22:30:00+09:00,https://living.hyundailivart.co.kr/p/P100031887
394,식탁,,가구 > 식탁,P200191954,리바트,알베로 1000 원목 식탁벤치의자,판매 중,,,255000,,https://living.hyundailivart.co.kr/p/P200191954,https://static.hyundailivart.co.kr/upload_mall/goods/P200191954/GM43741728_img.jpg?RS=0X250&CS=250X250&AO=1,2026-08-02T22:30:00+09:00,https://living.hyundailivart.co.kr/p/P200191954
395,식탁,,가구 > 식탁,P200105224,리바트,오브라 식탁의자 가죽 암리스형,판매 중,,,234000,,https://living.hyundailivart.co.kr/p/P200105224,https://static.hyundailivart.co.kr/upload_mall/goods/P200105224/GM43417454_img.jpg?RS=0X250&CS=250X250&AO=1,2026-08-02T22:30:00+09:00,https://living.hyundailivart.co.kr/p/P200105224
396,식탁,,가구 > 식탁,P200041441,리바트,[클리어런스] 뉴윈저 로우백 원목식탁의자,판매 중,클리어런스,100,138000112000,19,https://living.hyundailivart.co.kr/p/P200041441,https://static.hyundailivart.co.kr/upload_mall/goods/P200041441/GM40695071_img.jpg?RS=0X250&CS=250X250&AO=1,2026-08-02T22:30:00+09:00,https://living.hyundailivart.co.kr/p/P200041441
397,식탁,,가구 > 식탁,P200092487,리바트,쿠르바 식탁의자 커빙체어형,판매 중,,,230000,,https://living.hyundailivart.co.kr/p/P200092487,https://static.hyundailivart.co.kr/upload_mall/goods/P200092487/GM41864798_img.jpg?RS=0X250&CS=250X250&AO=1,2026-08-02T22:30:00+09:00,https://living.hyundailivart.co.kr/p/P200092487
398,식탁,,가구 > 식탁,P200066652,리바트,[클리어런스] 뉴윈저 로우백 원목 식탁의자 2개세트,판매 중,클리어런스,100,276000224000,19,https://living.hyundailivart.co.kr/p/P200066652,https://static.hyundailivart.co.kr/upload_mall/goods/P200066652/GM41280997_img.jpg?RS=0X250&CS=250X250&AO=1,2026-08-02T22:30:00+09:00,https://living.hyundailivart.co.kr/p/P200066652
399,식탁,,가구 > 식탁,P200021386,리바트,뉴세레나 벨벳 식탁의자 블루그레이,판매 중,,,216000,,https://living.hyundailivart.co.kr/p/P200021386,https://static.hyundailivart.co.kr/upload_mall/goods/P200021382/GM40182144_img.jpg?RS=0X250&CS=250X250&AO=1,2026-08-02T22:30:00+09:00,https://living.hyundailivart.co.kr/p/P200021386
400,식탁,,가구 > 식탁,P100034796,리바트,[클리어런스] 뉴시나몬 윈저A 원목식탁의자 2개세트,판매 중,클리어런스,100,274000212800,22,https://living.hyundailivart.co.kr/p/P100034796,https://static.hyundailivart.co.kr/upload_mall/goods/P100034796/GM43937942_img.jpg?RS=0X250&CS=250X250&AO=1,2026-08-02T22:30:00+09:00,https://living.hyundailivart.co.kr/p/P100034796
401,식탁,,가구 > 식탁,P100031078,리바트,스너그 식탁의자,판매 중,,,235000,,https://living.hyundailivart.co.kr/p/P100031078,https://static.hyundailivart.co.kr/upload_mall/goods/P100031078/GM40145687_img.jpg?RS=0X250&CS=250X250&AO=1,2026-08-02T22:30:00+09:00,https://living.hyundailivart.co.kr/p/P100031078
402,식탁,,가구 > 식탁,P200191481,리바트 세계가구,콘샤 패브릭 식탁의자,판매 중,,100,8500066000,22,https://living.hyundailivart.co.kr/p/P200191481,https://static.hyundailivart.co.kr/upload_mall/goods/P200191481/GM43730213_img.jpg?RS=0X250&CS=250X250&AO=1,2026-08-02T22:30:00+09:00,https://living.hyundailivart.co.kr/p/P200191481
403,식탁,,가구 > 식탁,P200093606,리바트,드레싱 6인 가죽 식탁벤치의자,판매 중,,,172000,,https://living.hyundailivart.co.kr/p/P200093606,,2026-08-02T22:30:00+09:00,https://living.hyundailivart.co.kr/p/P200093606
404,식탁,,가구 > 식탁,P100034800,리바트,[클리어런스] 뉴시나몬 원목스툴의자 2개세트,판매 중,클리어런스,100,170000136800,20,https://living.hyundailivart.co.kr/p/P100034800,https://static.hyundailivart.co.kr/upload_mall/goods/P100034800/GM43937085_img.jpg?RS=0X250&CS=250X250&AO=1,2026-08-02T22:30:00+09:00,https://living.hyundailivart.co.kr/p/P100034800
405,식탁,,가구 > 식탁,P100034818,리바트,[클리어런스] 로티르 B형 식탁의자 2개세트,판매 중,클리어런스,100,164000120600,26,https://living.hyundailivart.co.kr/p/P100034818,,2026-08-02T22:30:00+09:00,https://living.hyundailivart.co.kr/p/P100034818
406,식탁,,가구 > 식탁,P200189662,리바트 세계가구,[클리어런스] 에포 원목 원형 테이블,판매 중,클리어런스,100,170000128200,25,https://living.hyundailivart.co.kr/p/P200189662,https://static.hyundailivart.co.kr/upload_mall/goods/P200189662/GM43716768_img.jpg?RS=0X250&CS=250X250&AO=1,2026-08-02T22:30:00+09:00,https://living.hyundailivart.co.kr/p/P200189662
407,식탁,,가구 > 식탁,P200196393,리바트 세계가구,에클레르 식탁의자,판매 중,,100,11400099000,13,https://living.hyundailivart.co.kr/p/P200196393,https://static.hyundailivart.co.kr/upload_mall/goods/P200196393/GM43881500_img.jpg?RS=0X250&CS=250X250&AO=1,2026-08-02T22:30:00+09:00,https://living.hyundailivart.co.kr/p/P200196393
408,식탁,,가구 > 식탁,P200191190,리바트 세계가구,[클리어런스] 코티지 원목 스툴,판매 중,클리어런스,100,10500070300,33,https://living.hyundailivart.co.kr/p/P200191190,https://static.hyundailivart.co.kr/upload_mall/goods/P200191190/GM43714235_img.jpg?RS=0X250&CS=250X250&AO=1,2026-08-02T22:30:00+09:00,https://living.hyundailivart.co.kr/p/P200191190
409,식탁,,가구 > 식탁,P200203592,리바트,[4+2]니도 패브릭 식탁의자(회전기능),판매 중,4+2,,916000,,https://living.hyundailivart.co.kr/p/P200203592,https://static.hyundailivart.co.kr/upload_mall/goods/P200203592/GM44092978_img.jpg?RS=0X250&CS=250X250&AO=1,2026-08-02T22:30:00+09:00,https://living.hyundailivart.co.kr/p/P200203592
410,식탁,,가구 > 식탁,P200203524,리바트,[4+2] 모비아 식탁의자 회전형 (암리스),판매 중,4+2,,996000,,https://living.hyundailivart.co.kr/p/P200203524,https://static.hyundailivart.co.kr/upload_mall/goods/P200203524/GM44091488_img.jpg?RS=0X250&CS=250X250&AO=1,2026-08-02T22:30:00+09:00,https://living.hyundailivart.co.kr/p/P200203524
411,식탁,,가구 > 식탁,P200203523,리바트,[3+1] 모비아 식탁의자 회전형 (암리스),판매 중,3+1,,747000,,https://living.hyundailivart.co.kr/p/P200203523,https://static.hyundailivart.co.kr/upload_mall/goods/P200203523/GM44091470_img.jpg?RS=0X250&CS=250X250&AO=1,2026-08-02T22:30:00+09:00,https://living.hyundailivart.co.kr/p/P200203523
412,식탁,,가구 > 식탁,P200203204,리바트,[행사] 이니스 세라믹 4인 식탁 1600 (스틸다리) + 이니스 식탁의자4+2,판매 중,행사,,3034000,,https://living.hyundailivart.co.kr/p/P200203204,https://static.hyundailivart.co.kr/upload_mall/goods/P200203204/GM44081920_img.jpg?RS=0X250&CS=250X250&AO=1,2026-08-02T22:30:00+09:00,https://living.hyundailivart.co.kr/p/P200203204
413,식탁,,가구 > 식탁,P200203203,리바트,[행사] 이니스 세라믹 4인 식탁 1600 (스틸다리) + 이니스 식탁의자3+1,판매 중,행사,,2478000,,https://living.hyundailivart.co.kr/p/P200203203,https://static.hyundailivart.co.kr/upload_mall/goods/P200203203/GM44082038_img.jpg?RS=0X250&CS=250X250&AO=1,2026-08-02T22:30:00+09:00,https://living.hyundailivart.co.kr/p/P200203203
414,식탁,,가구 > 식탁,P200203202,리바트,[행사] 이니스 세라믹 4인 식탁 1600 + 이니스 식탁의자4+2,판매 중,행사,,2756000,,https://living.hyundailivart.co.kr/p/P200203202,https://static.hyundailivart.co.kr/upload_mall/goods/P200203202/GM44082063_img.jpg?RS=0X250&CS=250X250&AO=1,2026-08-02T22:30:00+09:00,https://living.hyundailivart.co.kr/p/P200203202
415,식탁,,가구 > 식탁,P200203201,리바트,[행사] 이니스 세라믹 4인 식탁 1600 + 이니스 식탁의자3+1,판매 중,행사,,2200000,,https://living.hyundailivart.co.kr/p/P200203201,https://static.hyundailivart.co.kr/upload_mall/goods/P200203201/GM44082056_img.jpg?RS=0X250&CS=250X250&AO=1,2026-08-02T22:30:00+09:00,https://living.hyundailivart.co.kr/p/P200203201
416,식탁,,가구 > 식탁,P200203200,리바트,[행사] 이니스 세라믹 6인 식탁 1800 + 이니스 식탁의자4+2,판매 중,행사,,2926000,,https://living.hyundailivart.co.kr/p/P200203200,https://static.hyundailivart.co.kr/upload_mall/goods/P200203200/GM44082052_img.jpg?RS=0X250&CS=250X250&AO=1,2026-08-02T22:30:00+09:00,https://living.hyundailivart.co.kr/p/P200203200
417,식탁,,가구 > 식탁,P200203199,리바트,[행사] 이니스 세라믹 6인 식탁 1800 + 이니스 식탁의자3+1,판매 중,행사,,2370000,,https://living.hyundailivart.co.kr/p/P200203199,https://static.hyundailivart.co.kr/upload_mall/goods/P200203199/GM44082045_img.jpg?RS=0X250&CS=250X250&AO=1,2026-08-02T22:30:00+09:00,https://living.hyundailivart.co.kr/p/P200203199
418,식탁,,가구 > 식탁,P200203198,리바트,[행사] 이니스 무늬목 4인 식탁 1600 + 이니스 식탁의자4+2,판매 중,행사,100,25480002311000,9,https://living.hyundailivart.co.kr/p/P200203198,https://static.hyundailivart.co.kr/upload_mall/goods/P200203198/GM44081894_img.jpg?RS=0X250&CS=250X250&AO=1,2026-08-02T22:30:00+09:00,https://living.hyundailivart.co.kr/p/P200203198
419,식탁,,가구 > 식탁,P200203197,리바트,[행사] 이니스 무늬목 4인 식탁 1600 + 이니스 식탁의자3+1,판매 중,행사,100,19920001755000,12,https://living.hyundailivart.co.kr/p/P200203197,https://static.hyundailivart.co.kr/upload_mall/goods/P200203197/GM44081901_img.jpg?RS=0X250&CS=250X250&AO=1,2026-08-02T22:30:00+09:00,https://living.hyundailivart.co.kr/p/P200203197
420,식탁,,가구 > 식탁,P200203196,리바트,[행사] 이니스 무늬목 6인 식탁 1800 + 이니스 식탁의자4+2,판매 중,행사,100,26680002167000,19,https://living.hyundailivart.co.kr/p/P200203196,https://static.hyundailivart.co.kr/upload_mall/goods/P200203196/GM44081906_img.jpg?RS=0X250&CS=250X250&AO=1,2026-08-02T22:30:00+09:00,https://living.hyundailivart.co.kr/p/P200203196
421,식탁,,가구 > 식탁,P200203195,리바트,[행사] 이니스 무늬목 6인 식탁 1800 + 이니스 식탁의자3+1,판매 중,행사,100,21120001611000,24,https://living.hyundailivart.co.kr/p/P200203195,https://static.hyundailivart.co.kr/upload_mall/goods/P200203195/GM44081911_img.jpg?RS=0X250&CS=250X250&AO=1,2026-08-02T22:30:00+09:00,https://living.hyundailivart.co.kr/p/P200203195
422,식탁,,가구 > 식탁,P200198741,리바트,오트밀 원목 6인 식탁 1800,판매 중,,100,17460001571000,10,https://living.hyundailivart.co.kr/p/P200198741,https://static.hyundailivart.co.kr/upload_mall/goods/P200198741/GM43979548_img.jpg?RS=0X250&CS=250X250&AO=1,2026-08-02T22:30:00+09:00,https://living.hyundailivart.co.kr/p/P200198741
423,식탁,,가구 > 식탁,P200198740,리바트,오트밀 원목 4인 식탁 1500,판매 중,,100,15760001418000,10,https://living.hyundailivart.co.kr/p/P200198740,https://static.hyundailivart.co.kr/upload_mall/goods/P200198740/GM43979568_img.jpg?RS=0X250&CS=250X250&AO=1,2026-08-02T22:30:00+09:00,https://living.hyundailivart.co.kr/p/P200198740
424,식탁,,가구 > 식탁,P200198738,리바트,모비아 식탁의자 회전형 (암리스),판매 중,,,249000,,https://living.hyundailivart.co.kr/p/P200198738,https://static.hyundailivart.co.kr/upload_mall/goods/P200198738/GM43973501_img.jpg?RS=0X250&CS=250X250&AO=1,2026-08-02T22:30:00+09:00,https://living.hyundailivart.co.kr/p/P200198738
425,식탁,,가구 > 식탁,P200198737,리바트,모비아 식탁의자 회전형,판매 중,,,268000,,https://living.hyundailivart.co.kr/p/P200198737,https://static.hyundailivart.co.kr/upload_mall/goods/P200198737/GM43969040_img.jpg?RS=0X250&CS=250X250&AO=1,2026-08-02T22:30:00+09:00,https://living.hyundailivart.co.kr/p/P200198737
426,책상/책장,,가구 > 책상/책장,P200198683,리바트,[천연가죽 데스크패드 증정] 위무브 1800 전동 높이조절 세라믹 패밀리 테이블 (2색),판매 중,천연가죽 데스크패드 증정,,1998000,,https://living.hyundailivart.co.kr/p/P200198683,https://static.hyundailivart.co.kr/upload_mall/goods/P200198683/GM43962989_img.jpg?RS=0X250&CS=250X250&AO=1,2026-08-02T22:30:00+09:00,https://living.hyundailivart.co.kr/p/P200198683
427,책상/책장,,가구 > 책상/책장,P200198681,리바트,[천연가죽 데스크패드 증정] 위무브 1800 전동 높이조절 패밀리 테이블 (2색),판매 중,천연가죽 데스크패드 증정,,1487000,,https://living.hyundailivart.co.kr/p/P200198681,https://static.hyundailivart.co.kr/upload_mall/goods/P200198681/GM43963047_img.jpg?RS=0X250&CS=250X250&AO=1,2026-08-02T22:30:00+09:00,https://living.hyundailivart.co.kr/p/P200198681
428,책상/책장,,가구 > 책상/책장,P200198680,리바트,[천연가죽 데스크패드 증정] 위무브 1600 전동 높이조절 패밀리 테이블 (2색),판매 중,천연가죽 데스크패드 증정,,1398000,,https://living.hyundailivart.co.kr/p/P200198680,https://static.hyundailivart.co.kr/upload_mall/goods/P200198680/GM43963125_img.jpg?RS=0X250&CS=250X250&AO=1,2026-08-02T22:30:00+09:00,https://living.hyundailivart.co.kr/p/P200198680
429,식탁,,가구 > 식탁,P200198631,리바트,아르떼 사각 6인(1800) 씨마운트그레이 상판 리주 다릿발 화이트(배면판 블랙),판매 중,,100,1089000644000,41,https://living.hyundailivart.co.kr/p/P200198631,https://static.hyundailivart.co.kr/upload_mall/goods/P200198631/GM43959859_img.jpg?RS=0X250&CS=250X250&AO=1,2026-08-02T22:30:00+09:00,https://living.hyundailivart.co.kr/p/P200198631
430,식탁,,가구 > 식탁,P200198630,리바트,아르떼 사각 6인(1800) 씨마운트그레이 상판 스와레 다릿발 골드(배면판 블랙),판매 중,,100,1138000678000,40,https://living.hyundailivart.co.kr/p/P200198630,https://static.hyundailivart.co.kr/upload_mall/goods/P200198630/GM43959833_img.jpg?RS=0X250&CS=250X250&AO=1,2026-08-02T22:30:00+09:00,https://living.hyundailivart.co.kr/p/P200198630
431,식탁,,가구 > 식탁,P200198621,리바트,아르떼 사각 와이드 4인(1600) 피코크 상판 레도바 다릿발 블랙,판매 중,,100,1028000609000,41,https://living.hyundailivart.co.kr/p/P200198621,https://static.hyundailivart.co.kr/upload_mall/goods/P200198621/GM44105381_img.png?RS=0X250&CS=250X250&AO=1,2026-08-02T22:30:00+09:00,https://living.hyundailivart.co.kr/p/P200198621
432,식탁,,가구 > 식탁,P200198617,리바트,아르떼 라운드 6인(1800) 다크그레이 상판 리주 다릿발 블랙,판매 중,,100,1150000674000,41,https://living.hyundailivart.co.kr/p/P200198617,https://static.hyundailivart.co.kr/upload_mall/goods/P200198617/GM44105396_img.png?RS=0X250&CS=250X250&AO=1,2026-08-02T22:30:00+09:00,https://living.hyundailivart.co.kr/p/P200198617
433,식탁,,가구 > 식탁,P200197275,리바트,일레어 세라믹 4인 식탁 1600,판매 중,,,1413000,,https://living.hyundailivart.co.kr/p/P200197275,https://static.hyundailivart.co.kr/upload_mall/goods/P200197275/GM43906579_img.jpg?RS=0X250&CS=250X250&AO=1,2026-08-02T22:30:00+09:00,https://living.hyundailivart.co.kr/p/P200197275
434,식탁,,가구 > 식탁,P200195354,리바트 세계가구,[클리어런스] 라데츠 세라믹 6인 식탁 1800,판매 중,클리어런스,,716000,,https://living.hyundailivart.co.kr/p/P200195354,https://static.hyundailivart.co.kr/upload_mall/goods/P200195354/GM43838300_img.jpg?RS=0X250&CS=250X250&AO=1,2026-08-02T22:30:00+09:00,https://living.hyundailivart.co.kr/p/P200195354
435,식탁,,가구 > 식탁,P200194529,리바트,앙비 미니 식탁의자,판매 중,,,178000,,https://living.hyundailivart.co.kr/p/P200194529,https://static.hyundailivart.co.kr/upload_mall/goods/P200194529/GM43799744_img.jpg?RS=0X250&CS=250X250&AO=1,2026-08-02T22:30:00+09:00,https://living.hyundailivart.co.kr/p/P200194529
436,식탁,,가구 > 식탁,P200193722,리바트,아르떼 리주 와이드 사각 세라믹 4인 식탁 1600,판매 중,,100,1035000890000,14,https://living.hyundailivart.co.kr/p/P200193722,https://static.hyundailivart.co.kr/upload_mall/goods/P200193722/GM43773165_img.jpg?RS=0X250&CS=250X250&AO=1,2026-08-02T22:30:00+09:00,https://living.hyundailivart.co.kr/p/P200193722
437,식탁,,가구 > 식탁,P200193612,리바트,이니스 무늬목 4인 식탁 1600,판매 중,,100,880000643000,27,https://living.hyundailivart.co.kr/p/P200193612,https://static.hyundailivart.co.kr/upload_mall/goods/P200193612/GM43768067_img.jpg?RS=0X250&CS=250X250&AO=1,2026-08-02T22:30:00+09:00,https://living.hyundailivart.co.kr/p/P200193612
438,식탁,,가구 > 식탁,P200191956,리바트,알베로 원목 식탁의자,판매 중,,,185000,,https://living.hyundailivart.co.kr/p/P200191956,https://static.hyundailivart.co.kr/upload_mall/goods/P200191956/GM43740681_img.jpg?RS=0X250&CS=250X250&AO=1,2026-08-02T22:30:00+09:00,https://living.hyundailivart.co.kr/p/P200191956
439,식탁,,가구 > 식탁,P200191953,리바트,니도 패브릭 식탁의자(회전기능),판매 중,,,229000,,https://living.hyundailivart.co.kr/p/P200191953,https://static.hyundailivart.co.kr/upload_mall/goods/P200191953/GM43740084_img.jpg?RS=0X250&CS=250X250&AO=1,2026-08-02T22:30:00+09:00,https://living.hyundailivart.co.kr/p/P200191953
440,식탁,,가구 > 식탁,P200191782,리바트,로톤도 화이트마블 세라믹 6인 식탁 1900,판매 중,,,2493000,,https://living.hyundailivart.co.kr/p/P200191782,https://static.hyundailivart.co.kr/upload_mall/goods/P200191782/GM43734847_img.jpg?RS=0X250&CS=250X250&AO=1,2026-08-02T22:30:00+09:00,https://living.hyundailivart.co.kr/p/P200191782
441,식탁,,가구 > 식탁,P200189273,리바트 세계가구,[클리어런스] 바인 원형 원목식탁,판매 중,클리어런스,100,343000228900,33,https://living.hyundailivart.co.kr/p/P200189273,https://static.hyundailivart.co.kr/upload_mall/goods/P200189273/GM43793576_img.jpg?RS=0X250&CS=250X250&AO=1,2026-08-02T22:30:00+09:00,https://living.hyundailivart.co.kr/p/P200189273
442,식탁,,가구 > 식탁,P200188997,리바트,레티 6인 식탁벤치의자,판매 중,,,292000,,https://living.hyundailivart.co.kr/p/P200188997,https://static.hyundailivart.co.kr/upload_mall/goods/P200188997/GM43657594_img.jpg?RS=0X250&CS=250X250&AO=1,2026-08-02T22:30:00+09:00,https://living.hyundailivart.co.kr/p/P200188997
443,식탁,,가구 > 식탁,P200187822,리바트 세계가구,[클리어런스] 말라카 월넛 페데스탈 식탁,판매 중,클리어런스,100,428000266900,38,https://living.hyundailivart.co.kr/p/P200187822,https://static.hyundailivart.co.kr/upload_mall/goods/P200187822/GM43611930_img.jpg?RS=0X250&CS=250X250&AO=1,2026-08-02T22:30:00+09:00,https://living.hyundailivart.co.kr/p/P200187822
444,식탁,,가구 > 식탁,P200187777,리바트,뉴세레나 코듀로이 식탁 의자,판매 중,,,216000,,https://living.hyundailivart.co.kr/p/P200187777,https://static.hyundailivart.co.kr/upload_mall/goods/P200187777/GM43610733_img.jpg?RS=0X250&CS=250X250&AO=1,2026-08-02T22:30:00+09:00,https://living.hyundailivart.co.kr/p/P200187777
445,식탁,,가구 > 식탁,P200187700,리바트 세계가구,[클리어런스] 라클레 와이드 스키니 2인 유리식탁 1200,판매 중,클리어런스,100,429000274500,36,https://living.hyundailivart.co.kr/p/P200187700,https://static.hyundailivart.co.kr/upload_mall/goods/P200187700/GM43616527_img.jpg?RS=0X250&CS=250X250&AO=1,2026-08-02T22:30:00+09:00,https://living.hyundailivart.co.kr/p/P200187700
446,식탁,,가구 > 식탁,P200187552,리바트,아르떼 딜리스 사각 세라믹 6인 식탁 1800,판매 중,,100,15520001255000,19,https://living.hyundailivart.co.kr/p/P200187552,https://static.hyundailivart.co.kr/upload_mall/goods/P200187552/GM43601497_img.jpg?RS=0X250&CS=250X250&AO=1,2026-08-02T22:30:00+09:00,https://living.hyundailivart.co.kr/p/P200187552
447,식탁,,가구 > 식탁,P200187550,리바트,아르떼 딜리스 사각 세라믹 4인 식탁 1600,판매 중,,100,14270001172000,18,https://living.hyundailivart.co.kr/p/P200187550,https://static.hyundailivart.co.kr/upload_mall/goods/P200187550/GM43601670_img.jpg?RS=0X250&CS=250X250&AO=1,2026-08-02T22:30:00+09:00,https://living.hyundailivart.co.kr/p/P200187550
448,식탁,,가구 > 식탁,P200187232,리바트,[클리어런스] 아르떼 레도바 사각 세라믹 6인 식탁세트 1800 토핑의자형 (4개),판매 중,클리어런스,100,14530001349000,7,https://living.hyundailivart.co.kr/p/P200187232,https://static.hyundailivart.co.kr/upload_mall/goods/P200187232/GM43597662_img.jpg?RS=0X250&CS=250X250&AO=1,2026-08-02T22:30:00+09:00,https://living.hyundailivart.co.kr/p/P200187232
449,식탁,,가구 > 식탁,P200187231,리바트,[클리어런스] 아르떼 레도바 라운드 세라믹 6인 식탁세트 1800 토핑의자형 (4개),판매 중,클리어런스,100,14750001400000,5,https://living.hyundailivart.co.kr/p/P200187231,https://static.hyundailivart.co.kr/upload_mall/goods/P200187231/GM43597488_img.jpg?RS=0X250&CS=250X250&AO=1,2026-08-02T22:30:00+09:00,https://living.hyundailivart.co.kr/p/P200187231
450,식탁,,가구 > 식탁,P200187228,리바트,[클리어런스] 아르떼 레도바 사각 세라믹 6인 식탁세트 1800 토핑벤치형,판매 중,클리어런스,100,15130001407000,7,https://living.hyundailivart.co.kr/p/P200187228,https://static.hyundailivart.co.kr/upload_mall/goods/P200187228/GM43597959_img.jpg?RS=0X250&CS=250X250&AO=1,2026-08-02T22:30:00+09:00,https://living.hyundailivart.co.kr/p/P200187228
451,식탁,,가구 > 식탁,P200187227,리바트,[클리어런스] 아르떼 레도바 라운드 세라믹 6인 식탁세트 1800 토핑벤치형,판매 중,클리어런스,100,15350001458000,5,https://living.hyundailivart.co.kr/p/P200187227,https://static.hyundailivart.co.kr/upload_mall/goods/P200187227/GM43597941_img.jpg?RS=0X250&CS=250X250&AO=1,2026-08-02T22:30:00+09:00,https://living.hyundailivart.co.kr/p/P200187227
452,식탁,,가구 > 식탁,P200187226,리바트,[클리어런스] 아르떼 레도바 사각 세라믹 4인 식탁세트 1400 토핑벤치형,판매 중,클리어런스,100,12640001210000,4,https://living.hyundailivart.co.kr/p/P200187226,https://static.hyundailivart.co.kr/upload_mall/goods/P200187226/GM43597843_img.jpg?RS=0X250&CS=250X250&AO=1,2026-08-02T22:30:00+09:00,https://living.hyundailivart.co.kr/p/P200187226
453,식탁,,가구 > 식탁,P200187225,리바트,[클리어런스] 아르떼 레도바 라운드 세라믹 4인 식탁세트 1600 토핑벤치형,판매 중,클리어런스,100,13320001299000,2,https://living.hyundailivart.co.kr/p/P200187225,https://static.hyundailivart.co.kr/upload_mall/goods/P200187225/GM43597755_img.jpg?RS=0X250&CS=250X250&AO=1,2026-08-02T22:30:00+09:00,https://living.hyundailivart.co.kr/p/P200187225
454,식탁,,가구 > 식탁,P200186036,리바트,아르떼 리주 사각 세라믹 6인 식탁 1800,판매 중,,100,1089000941000,14,https://living.hyundailivart.co.kr/p/P200186036,https://static.hyundailivart.co.kr/upload_mall/goods/P200186036/GM43591846_img.jpg?RS=0X250&CS=250X250&AO=1,2026-08-02T22:30:00+09:00,https://living.hyundailivart.co.kr/p/P200186036
455,식탁,,가구 > 식탁,P200186035,리바트,아르떼 리주 라운드 세라믹 6인 식탁 1800,판매 중,,100,11500001002000,13,https://living.hyundailivart.co.kr/p/P200186035,https://static.hyundailivart.co.kr/upload_mall/goods/P200186035/GM43591888_img.jpg?RS=0X250&CS=250X250&AO=1,2026-08-02T22:30:00+09:00,https://living.hyundailivart.co.kr/p/P200186035
456,식탁,,가구 > 식탁,P200186033,리바트,아르떼 리주 라운드 세라믹 4인 식탁 1600,판매 중,,100,1066000921000,14,https://living.hyundailivart.co.kr/p/P200186033,https://static.hyundailivart.co.kr/upload_mall/goods/P200186033/GM43591825_img.jpg?RS=0X250&CS=250X250&AO=1,2026-08-02T22:30:00+09:00,https://living.hyundailivart.co.kr/p/P200186033
457,식탁,,가구 > 식탁,P200185983,리바트,아르떼 레도바 라운드 세라믹 6인 식탁 1800,판매 중,,100,1131000988000,13,https://living.hyundailivart.co.kr/p/P200185983,https://static.hyundailivart.co.kr/upload_mall/goods/P200185983/GM43581857_img.jpg?RS=0X250&CS=250X250&AO=1,2026-08-02T22:30:00+09:00,https://living.hyundailivart.co.kr/p/P200185983
458,식탁,,가구 > 식탁,P200185982,리바트,아르떼 레도바 사각 세라믹 6인 식탁 1800,판매 중,,100,1109000954000,14,https://living.hyundailivart.co.kr/p/P200185982,https://static.hyundailivart.co.kr/upload_mall/goods/P200185982/GM43581852_img.jpg?RS=0X250&CS=250X250&AO=1,2026-08-02T22:30:00+09:00,https://living.hyundailivart.co.kr/p/P200185982
459,식탁,,가구 > 식탁,P200185981,리바트,아르떼 레도바 사각 세라믹 4인 식탁 1400,판매 중,,100,968000830000,14,https://living.hyundailivart.co.kr/p/P200185981,https://static.hyundailivart.co.kr/upload_mall/goods/P200185981/GM43581832_img.jpg?RS=0X250&CS=250X250&AO=1,2026-08-02T22:30:00+09:00,https://living.hyundailivart.co.kr/p/P200185981
460,식탁,,가구 > 식탁,P200185979,리바트,아르떼 레도바 라운드 세라믹 4인 식탁 1600,판매 중,,100,1036000900000,13,https://living.hyundailivart.co.kr/p/P200185979,https://static.hyundailivart.co.kr/upload_mall/goods/P200185979/GM43591514_img.jpg?RS=0X250&CS=250X250&AO=1,2026-08-02T22:30:00+09:00,https://living.hyundailivart.co.kr/p/P200185979
461,식탁,,가구 > 식탁,P200181038,리바트,[클리어런스] 보스코 세라믹 트랜디 6인 식탁 1600,판매 중,클리어런스,100,783000580400,26,https://living.hyundailivart.co.kr/p/P200181038,https://static.hyundailivart.co.kr/upload_mall/goods/P200181038/GM43864275_img.jpg?RS=0X250&CS=250X250&AO=1,2026-08-02T22:30:00+09:00,https://living.hyundailivart.co.kr/p/P200181038
462,식탁,,가구 > 식탁,P200181029,리바트,[클리어런스] 보스코 세라믹 클래식 6인 식탁 1600,판매 중,클리어런스,100,761000580400,24,https://living.hyundailivart.co.kr/p/P200181029,https://static.hyundailivart.co.kr/upload_mall/goods/P200181029/GM43864316_img.jpg?RS=0X250&CS=250X250&AO=1,2026-08-02T22:30:00+09:00,https://living.hyundailivart.co.kr/p/P200181029
463,화장대/거울/스툴,,가구 > 화장대/거울/스툴,P200172870,리바트,[클리어런스] 아로 부클레 라운드 스툴 라지,판매 중,클리어런스,100,9300072200,22,https://living.hyundailivart.co.kr/p/P200172870,https://static.hyundailivart.co.kr/upload_mall/goods/P200172870/GM43367372_img.jpg?RS=0X250&CS=250X250&AO=1,2026-08-02T22:30:00+09:00,https://living.hyundailivart.co.kr/p/P200172870
464,식탁,,가구 > 식탁,P100034525,리바트,의자 다릿발 보호캡,판매 중,,,4000,,https://living.hyundailivart.co.kr/p/P100034525,,2026-08-02T22:30:00+09:00,https://living.hyundailivart.co.kr/p/P100034525
465,식탁,,가구 > 식탁,P200142372,리바트,테르소 트라이포드 모어매트식탁 1800 라운드,판매 중,,100,1296000351000,73,https://living.hyundailivart.co.kr/p/P200142372,https://static.hyundailivart.co.kr/upload_mall/goods/P200142372/GM42808874_img.jpg?RS=0X250&CS=250X250&AO=1,2026-08-02T22:30:00+09:00,https://living.hyundailivart.co.kr/p/P200142372
466,식탁,,가구 > 식탁,P200135074,리바트,루시안 체어,판매 중,,,195000,,https://living.hyundailivart.co.kr/p/P200135074,https://static.hyundailivart.co.kr/upload_mall/goods/P200135074/GM42676638_img.jpg?RS=0X250&CS=250X250&AO=1,2026-08-02T22:30:00+09:00,https://living.hyundailivart.co.kr/p/P200135074
467,식탁,,가구 > 식탁,P200125920,Magis,원 식탁의자,판매 중,,100,826000462200,44,https://living.hyundailivart.co.kr/p/P200125920,https://static.hyundailivart.co.kr/upload_mall/goods/P200125920/3.jpg?RS=0X250&CS=250X250&AO=1,2026-08-02T22:30:00+09:00,https://living.hyundailivart.co.kr/p/P200125920
468,식탁,,가구 > 식탁,P200124498,리바트 세계가구,프리즘  블럭의자,판매 중,,100,245000127300,48,https://living.hyundailivart.co.kr/p/P200124498,https://static.hyundailivart.co.kr/upload_mall/goods/P200124498/GM42532935_img.jpg?RS=0X250&CS=250X250&AO=1,2026-08-02T22:30:00+09:00,https://living.hyundailivart.co.kr/p/P200124498
469,식탁,,가구 > 식탁,P200110384,리바트,[Global Design Partners] 태피 체어 3종 / 바스툴 3종(티엘 / 스위스),판매 중,Global Design Partners,,332000,,https://living.hyundailivart.co.kr/p/P200110384,https://static.hyundailivart.co.kr/upload_mall/goods/P200110384/GM42220463_img.jpg?RS=0X250&CS=250X250&AO=1,2026-08-02T22:30:00+09:00,https://living.hyundailivart.co.kr/p/P200110384
470,식탁,,가구 > 식탁,P200093605,리바트,드레싱 4인 가죽 식탁벤치의자,판매 중,,,141000,,https://living.hyundailivart.co.kr/p/P200093605,,2026-08-02T22:30:00+09:00,https://living.hyundailivart.co.kr/p/P200093605
471,식탁,,가구 > 식탁,P200092486,리바트,쿠르바 식탁의자 일반형,판매 중,,,211000,,https://living.hyundailivart.co.kr/p/P200092486,https://static.hyundailivart.co.kr/upload_mall/goods/P200092486/GM41862435_img.jpg?RS=0X250&CS=250X250&AO=1,2026-08-02T22:30:00+09:00,https://living.hyundailivart.co.kr/p/P200092486
472,식탁,,가구 > 식탁,P200086264,리바트,[클리어런스] 리네트  타원형 6인 식탁세트 1600 헤이베체어형 (4개),판매 중,클리어런스,100,1074000882500,18,https://living.hyundailivart.co.kr/p/P200086264,https://static.hyundailivart.co.kr/upload_mall/goods/P200086264/GM41770287_img.jpg?RS=0X250&CS=250X250&AO=1,2026-08-02T22:30:00+09:00,https://living.hyundailivart.co.kr/p/P200086264
473,식탁,,가구 > 식탁,P200074061,리바트,뉴 폴렌타 암체어,판매 중,,,238000,,https://living.hyundailivart.co.kr/p/P200074061,,2026-08-02T22:30:00+09:00,https://living.hyundailivart.co.kr/p/P200074061
474,식탁,,가구 > 식탁,P200074040,리바트,뉴 폴렌타 암리스체어,판매 중,,,224000,,https://living.hyundailivart.co.kr/p/P200074040,,2026-08-02T22:30:00+09:00,https://living.hyundailivart.co.kr/p/P200074040
475,식탁,,가구 > 식탁,P200055271,리바트,딜리스 라이트 4인/6인 유리식탁 그린,판매 중,,100,1616000505000,69,https://living.hyundailivart.co.kr/p/P200055271,https://static.hyundailivart.co.kr/upload_mall/goods/P200055271/GM41030639_img.jpg?RS=0X250&CS=250X250&AO=1,2026-08-02T22:30:00+09:00,https://living.hyundailivart.co.kr/p/P200055271
476,식탁,,가구 > 식탁,P200055268,리바트,딜리스 라이트 4인/6인 유리식탁 레드,판매 중,,100,1366000547000,60,https://living.hyundailivart.co.kr/p/P200055268,https://static.hyundailivart.co.kr/upload_mall/goods/P200055268/GM41030592_img.jpg?RS=0X250&CS=250X250&AO=1,2026-08-02T22:30:00+09:00,https://living.hyundailivart.co.kr/p/P200055268
477,식탁,,가구 > 식탁,P200028467,리바트,"코너캡 (좌,우 각 1EA)",판매 중,,,4000,,https://living.hyundailivart.co.kr/p/P200028467,https://static.hyundailivart.co.kr/upload_mall/goods/P200028467/GM40428196_img.jpg?RS=0X250&CS=250X250&AO=1,2026-08-02T22:30:00+09:00,https://living.hyundailivart.co.kr/p/P200028467
478,식탁,,가구 > 식탁,P200021385,리바트,뉴세레나 벨벳 식탁의자 웜그레이,판매 중,,,216000,,https://living.hyundailivart.co.kr/p/P200021385,https://static.hyundailivart.co.kr/upload_mall/goods/P200021385/GM40182374_img.jpg?RS=0X250&CS=250X250&AO=1,2026-08-02T22:30:00+09:00,https://living.hyundailivart.co.kr/p/P200021385
479,식탁,,가구 > 식탁,P200021384,리바트,뉴세레나 벨벳 식탁의자 스카이,판매 중,,,216000,,https://living.hyundailivart.co.kr/p/P200021384,https://static.hyundailivart.co.kr/upload_mall/goods/P200021382/GM40182143_img.jpg?RS=0X250&CS=250X250&AO=1,2026-08-02T22:30:00+09:00,https://living.hyundailivart.co.kr/p/P200021384
480,식탁,,가구 > 식탁,P200021382,리바트,뉴세레나 벨벳 식탁의자 핑크,판매 중,,,216000,,https://living.hyundailivart.co.kr/p/P200021382,https://static.hyundailivart.co.kr/upload_mall/goods/P200021382/GM40182142_img.jpg?RS=0X250&CS=250X250&AO=1,2026-08-02T22:30:00+09:00,https://living.hyundailivart.co.kr/p/P200021382
481,식탁,,가구 > 식탁,P200018947,리바트,[클리어런스] 토르텔 6인 대리석식탁,판매 중,클리어런스,100,699000426500,39,https://living.hyundailivart.co.kr/p/P200018947,https://static.hyundailivart.co.kr/upload_mall/goods/P200018947/GM40128789_img.jpg?RS=0X250&CS=250X250&AO=1,2026-08-02T22:30:00+09:00,https://living.hyundailivart.co.kr/p/P200018947
482,식탁,,가구 > 식탁,P200018631,리바트,[클리어런스] 뉴시나몬 다용도 원목식탁,판매 중,클리어런스,100,225000160500,29,https://living.hyundailivart.co.kr/p/P200018631,https://static.hyundailivart.co.kr/upload_mall/goods/P200018631/GM43937924_img.jpg?RS=0X250&CS=250X250&AO=1,2026-08-02T22:30:00+09:00,https://living.hyundailivart.co.kr/p/P200018631
483,식탁,,가구 > 식탁,P200017761,리바트,엔틱세레나 패브릭 식탁의자,판매 중,,,216000,,https://living.hyundailivart.co.kr/p/P200017761,https://static.hyundailivart.co.kr/upload_mall/goods/P200017761/GM40116038_img.jpg?RS=0X250&CS=250X250&AO=1,2026-08-02T22:30:00+09:00,https://living.hyundailivart.co.kr/p/P200017761
484,식탁,,가구 > 식탁,P100034799,리바트,[클리어런스] 뉴시나몬 원목식탁벤치의자 2개세트,판매 중,클리어런스,100,280000199500,29,https://living.hyundailivart.co.kr/p/P100034799,https://static.hyundailivart.co.kr/upload_mall/goods/P100034799/GM43938013_img.jpg?RS=0X250&CS=250X250&AO=1,2026-08-02T22:30:00+09:00,https://living.hyundailivart.co.kr/p/P100034799
485,식탁,,가구 > 식탁,P100034138,리바트,아마레 식탁의자,판매 중,,,219000,,https://living.hyundailivart.co.kr/p/P100034138,,2026-08-02T22:30:00+09:00,https://living.hyundailivart.co.kr/p/P100034138
486,식탁,,가구 > 식탁,P100032640,리바트,플라토 원목 4인 식탁 1600,판매 중,,100,1307000653000,50,https://living.hyundailivart.co.kr/p/P100032640,,2026-08-02T22:30:00+09:00,https://living.hyundailivart.co.kr/p/P100032640
487,식탁,,가구 > 식탁,P100031590,리바트,스키니 6인 가죽 식탁벤치의자,판매 중,,,447000,,https://living.hyundailivart.co.kr/p/P100031590,,2026-08-02T22:30:00+09:00,https://living.hyundailivart.co.kr/p/P100031590
488,식탁,,가구 > 식탁,P100031527,리바트,[클리어런스] 로티르 마블패턴 타원형 6인 식탁 1800,판매 중,클리어런스,100,399000365700,8,https://living.hyundailivart.co.kr/p/P100031527,,2026-08-02T22:30:00+09:00,https://living.hyundailivart.co.kr/p/P100031527
489,식탁,,가구 > 식탁,P100031488,리바트,[클리어런스] 로티르 마블패턴 원형 4인 식탁세트 의자형 (4개),판매 중,클리어런스,100,633000490200,23,https://living.hyundailivart.co.kr/p/P100031488,https://static.hyundailivart.co.kr/upload_mall/goods/P100031488/C100011009_OPT1.jpg?RS=0X22&CS=22X22&AO=1,2026-08-02T22:30:00+09:00,https://living.hyundailivart.co.kr/p/P100031488
490,식탁,,가구 > 식탁,P100029414,리바트,[클리어런스] 로티르 타원형 6인 식탁세트 1800 의자형 (4개),판매 중,클리어런스,100,727000565000,22,https://living.hyundailivart.co.kr/p/P100029414,https://static.hyundailivart.co.kr/upload_mall/goods/P100029414/C100009715_OPT1.jpg?RS=0X22&CS=22X22&AO=1,2026-08-02T22:30:00+09:00,https://living.hyundailivart.co.kr/p/P100029414
491,식탁,,가구 > 식탁,P100029429,리바트,[클리어런스] 로티르 타원형 6인 식탁세트 1800 벤치형,판매 중,클리어런스,100,683000528000,23,https://living.hyundailivart.co.kr/p/P100029429,,2026-08-02T22:30:00+09:00,https://living.hyundailivart.co.kr/p/P100029429
492,식탁,,가구 > 식탁,P100029373,리바트,[클리어런스] 로티르 6인 타원형 식탁 1800,판매 중,클리어런스,100,399000355300,11,https://living.hyundailivart.co.kr/p/P100029373,,2026-08-02T22:30:00+09:00,https://living.hyundailivart.co.kr/p/P100029373
493,식탁,,가구 > 식탁,P100026252,리바트,드레싱 가죽 식탁벤치의자,판매 중,,,141000,,https://living.hyundailivart.co.kr/p/P100026252,,2026-08-02T22:30:00+09:00,https://living.hyundailivart.co.kr/p/P100026252
494,식탁,,가구 > 식탁,P100026224,리바트,드레싱 4인 유리식탁 1200,판매 중,,,598000,,https://living.hyundailivart.co.kr/p/P100026224,,2026-08-02T22:30:00+09:00,https://living.hyundailivart.co.kr/p/P100026224
495,식탁,,가구 > 식탁,P100026215,리바트,드레싱 2인 유리식탁,판매 중,,,453000,,https://living.hyundailivart.co.kr/p/P100026215,,2026-08-02T22:30:00+09:00,https://living.hyundailivart.co.kr/p/P100026215
496,식탁,,가구 > 식탁,P100025779,리바트,[클리어런스] 베이킹 원목 홈바의자,판매 중,클리어런스,100,8800074100,16,https://living.hyundailivart.co.kr/p/P100025779,,2026-08-02T22:30:00+09:00,https://living.hyundailivart.co.kr/p/P100025779
497,식탁,,가구 > 식탁,P100020088,리바트,반다이크 6인 식탁 1800,판매 중,,100,2285000914000,60,https://living.hyundailivart.co.kr/p/P100020088,,2026-08-02T22:30:00+09:00,https://living.hyundailivart.co.kr/p/P100020088
498,마이스터 컬렉션,,가구 > 마이스터 컬렉션,P200163974,리바트 마이스터 컬렉션,그란데 패브릭 원목 라지킹 침대 프레임,판매 중,,,3089000,,https://living.hyundailivart.co.kr/p/P200163974,https://static.hyundailivart.co.kr/upload_mall/goods/P200163974/GM43214498_img.jpg?RS=0X250&CS=250X250&AO=1,2026-08-02T22:30:00+09:00,https://living.hyundailivart.co.kr/p/P200163974
499,마이스터 컬렉션,,가구 > 마이스터 컬렉션,P200161213,리바트 마이스터 컬렉션,노체 가죽 원목 라지킹 침대 프레임 평상형,판매 중,,,4121000,,https://living.hyundailivart.co.kr/p/P200161213,https://static.hyundailivart.co.kr/upload_mall/goods/P200161213/GM43141867_img.jpg?RS=0X250&CS=250X250&AO=1,2026-08-02T22:30:00+09:00,https://living.hyundailivart.co.kr/p/P200161213
500,마이스터 컬렉션,,가구 > 마이스터 컬렉션,P200161212,리바트 마이스터 컬렉션,플로랄 원목 침대 사이드 협탁,판매 중,,,398000,,https://living.hyundailivart.co.kr/p/P200161212,https://static.hyundailivart.co.kr/upload_mall/goods/P200161212/GM43130412_img.jpg?RS=0X250&CS=250X250&AO=1,2026-08-02T22:30:00+09:00,https://living.hyundailivart.co.kr/p/P200161212
501,마이스터 컬렉션,,가구 > 마이스터 컬렉션,P200161208,리바트 마이스터 컬렉션,플로랄 패브릭 원목 라지킹 침대 프레임 평상형,판매 중,,,2477000,,https://living.hyundailivart.co.kr/p/P200161208,https://static.hyundailivart.co.kr/upload_mall/goods/P200161208/GM43130402_img.jpg?RS=0X250&CS=250X250&AO=1,2026-08-02T22:30:00+09:00,https://living.hyundailivart.co.kr/p/P200161208
502,마이스터 컬렉션,,가구 > 마이스터 컬렉션,P200202907,리바트 마이스터 컬렉션,"버드 원목 침대 프레임 (Q, LK)",판매 중,,,2780000,,https://living.hyundailivart.co.kr/p/P200202907,https://static.hyundailivart.co.kr/upload_mall/goods/P200202907/GM44076669_img.jpg?RS=0X250&CS=250X250&AO=1,2026-08-02T22:30:00+09:00,https://living.hyundailivart.co.kr/p/P200202907
503,마이스터 컬렉션,,가구 > 마이스터 컬렉션,P200189227,리바트 마이스터 컬렉션,버밀리온 패브릭 라지킹 침대 프레임,판매 중,,,3190000,,https://living.hyundailivart.co.kr/p/P200189227,https://static.hyundailivart.co.kr/upload_mall/goods/P200189227/GM43674088_img.jpg?RS=0X250&CS=250X250&AO=1,2026-08-02T22:30:00+09:00,https://living.hyundailivart.co.kr/p/P200189227
504,마이스터 컬렉션,,가구 > 마이스터 컬렉션,P200189226,리바트 마이스터 컬렉션,버밀리온 패브릭 슈퍼싱글 트윈 침대 프레임,판매 중,,,3631000,,https://living.hyundailivart.co.kr/p/P200189226,https://static.hyundailivart.co.kr/upload_mall/goods/P200189226/GM43674128_img.jpg?RS=0X250&CS=250X250&AO=1,2026-08-02T22:30:00+09:00,https://living.hyundailivart.co.kr/p/P200189226
505,마이스터 컬렉션,,가구 > 마이스터 컬렉션,P200186289,리바트 마이스터 컬렉션,버드 원목 침대 사이드 협탁,판매 중,,,594000,,https://living.hyundailivart.co.kr/p/P200186289,https://static.hyundailivart.co.kr/upload_mall/goods/P200186289/GM43578169_img.jpg?RS=0X250&CS=250X250&AO=1,2026-08-02T22:30:00+09:00,https://living.hyundailivart.co.kr/p/P200186289
506,침대/매트리스,,가구 > 침대/매트리스,P200093497,리바트,[클리어런스] 피아프 슈퍼싱글 호텔형 침대 프레임 수납형 (조명포함),판매 중,클리어런스,100,765000448400,41,https://living.hyundailivart.co.kr/p/P200093497,https://static.hyundailivart.co.kr/upload_mall/goods/P200093497/GM42491273_img.jpg?RS=0X250&CS=250X250&AO=1,2026-08-02T22:30:00+09:00,https://living.hyundailivart.co.kr/p/P200093497
507,침대/매트리스,,가구 > 침대/매트리스,P200134163,리바트,[클리어런스] 엔슬립 에펙토 슈퍼싱글 매트리스,판매 중,클리어런스,100,265000178600,33,https://living.hyundailivart.co.kr/p/P200134163,https://static.hyundailivart.co.kr/upload_mall/goods/P200134163/GM42675097_img.png?RS=0X250&CS=250X250&AO=1,2026-08-02T22:30:00+09:00,https://living.hyundailivart.co.kr/p/P200134163
508,침대/매트리스,,가구 > 침대/매트리스,P100025857,리바트,[클리어런스] 필로시 슈퍼싱글 침대 프레임 수납형 (1단 서랍 3칸),판매 중,클리어런스,100,581000457900,21,https://living.hyundailivart.co.kr/p/P100025857,https://static.hyundailivart.co.kr/upload_mall/goods/P100025857/GM40711335_img.jpg?RS=0X250&CS=250X250&AO=1,2026-08-02T22:30:00+09:00,https://living.hyundailivart.co.kr/p/P100025857
509,침대/매트리스,,가구 > 침대/매트리스,P200134177,리바트,[클리어런스] 엔슬립 호텔형 슈퍼싱글 매트리스,판매 중,클리어런스,100,704000465000,34,https://living.hyundailivart.co.kr/p/P200134177,https://static.hyundailivart.co.kr/upload_mall/goods/P200134177/GM42675199_img.png?RS=0X250&CS=250X250&AO=1,2026-08-02T22:30:00+09:00,https://living.hyundailivart.co.kr/p/P200134177
510,침대/매트리스,,가구 > 침대/매트리스,P200093495,리바트,[클리어런스] 피아프 퀸 호텔형 침대 프레임 수납형 (조명포함),판매 중,클리어런스,100,946000559500,41,https://living.hyundailivart.co.kr/p/P200093495,https://static.hyundailivart.co.kr/upload_mall/goods/P200093495/GM41880501_img.jpg?RS=0X250&CS=250X250&AO=1,2026-08-02T22:30:00+09:00,https://living.hyundailivart.co.kr/p/P200093495
511,침대/매트리스,,가구 > 침대/매트리스,P200134212,리바트,[클리어런스] 엔슬립 호텔형 퀸 매트리스,판매 중,클리어런스,100,856000565000,34,https://living.hyundailivart.co.kr/p/P200134212,https://static.hyundailivart.co.kr/upload_mall/goods/P200134212/GM43869831_img.png?RS=0X250&CS=250X250&AO=1,2026-08-02T22:30:00+09:00,https://living.hyundailivart.co.kr/p/P200134212
512,침대/매트리스,,가구 > 침대/매트리스,P200134167,리바트,[클리어런스] 엔슬립 파밀리아 슈퍼싱글 매트리스,판매 중,클리어런스,100,472000324900,31,https://living.hyundailivart.co.kr/p/P200134167,https://static.hyundailivart.co.kr/upload_mall/goods/P200134167/GM42675119_img.png?RS=0X250&CS=250X250&AO=1,2026-08-02T22:30:00+09:00,https://living.hyundailivart.co.kr/p/P200134167
513,침대/매트리스,,가구 > 침대/매트리스,P200100765,리바트,에스테틱 호텔형 침대 프레임 SS/Q/LK/KK,판매 중,,,961000,,https://living.hyundailivart.co.kr/p/P200100765,https://static.hyundailivart.co.kr/upload_mall/goods/P200100765/GM43872357_img.jpg?RS=0X250&CS=250X250&AO=1,2026-08-02T22:30:00+09:00,https://living.hyundailivart.co.kr/p/P200100765
514,침대/매트리스,,가구 > 침대/매트리스,P200134164,리바트,[클리어런스] 엔슬립 에펙토 퀸 매트리스,판매 중,클리어런스,100,337000227000,33,https://living.hyundailivart.co.kr/p/P200134164,https://static.hyundailivart.co.kr/upload_mall/goods/P200134164/GM43869838_img.png?RS=0X250&CS=250X250&AO=1,2026-08-02T22:30:00+09:00,https://living.hyundailivart.co.kr/p/P200134164
515,침대/매트리스,,가구 > 침대/매트리스,P200134221,리바트,[클리어런스] 엔슬립 프리마 퀸 매트리스,판매 중,클리어런스,100,1097000708700,35,https://living.hyundailivart.co.kr/p/P200134221,https://static.hyundailivart.co.kr/upload_mall/goods/P200134221/GM43869827_img.png?RS=0X250&CS=250X250&AO=1,2026-08-02T22:30:00+09:00,https://living.hyundailivart.co.kr/p/P200134221
516,침대/매트리스,,가구 > 침대/매트리스,P200088974,리바트,"엔슬립 시그니처 매트리스 (SS,Q,LK,KK)",판매 중,,,1144000,,https://living.hyundailivart.co.kr/p/P200088974,https://static.hyundailivart.co.kr/upload_mall/goods/P200088974/GM41810215_img.png?RS=0X250&CS=250X250&AO=1,2026-08-02T22:30:00+09:00,https://living.hyundailivart.co.kr/p/P200088974
517,침대/매트리스,,가구 > 침대/매트리스,P200082611,리바트,[클리어런스] 토스트 퀸 침대 프레임,판매 중,클리어런스,100,620000483500,22,https://living.hyundailivart.co.kr/p/P200082611,https://static.hyundailivart.co.kr/upload_mall/goods/P200082611/GM41660765_img.jpg?RS=0X250&CS=250X250&AO=1,2026-08-02T22:30:00+09:00,https://living.hyundailivart.co.kr/p/P200082611
518,침대/매트리스,,가구 > 침대/매트리스,P200169250,리바트,[클리어런스] 피아프 퀸 호텔형 침대 프레임 일반형 (조명포함),판매 중,클리어런스,100,815000500600,39,https://living.hyundailivart.co.kr/p/P200169250,https://static.hyundailivart.co.kr/upload_mall/goods/P200169250/GM43306893_img.jpg?RS=0X250&CS=250X250&AO=1,2026-08-02T22:30:00+09:00,https://living.hyundailivart.co.kr/p/P200169250
519,침대/매트리스,,가구 > 침대/매트리스,P200100791,리바트,에스테틱 침대 확장 패널,판매 중,,100,5600039200,30,https://living.hyundailivart.co.kr/p/P200100791,https://static.hyundailivart.co.kr/upload_mall/goods/P200100791/GM43832562_img.jpg?RS=0X250&CS=250X250&AO=1,2026-08-02T22:30:00+09:00,https://living.hyundailivart.co.kr/p/P200100791
520,침대/매트리스,,가구 > 침대/매트리스,P200173927,리바트,에스테틱 더 블렌딩 침대 프레임 SS/Q/LK/KK,판매 중,,,961000,,https://living.hyundailivart.co.kr/p/P200173927,https://static.hyundailivart.co.kr/upload_mall/goods/P200173927/GM43832472_img.jpg?RS=0X250&CS=250X250&AO=1,2026-08-02T22:30:00+09:00,https://living.hyundailivart.co.kr/p/P200173927
521,침대/매트리스,,가구 > 침대/매트리스,P100040006,리바트,소비아 침대 프레임 SS/Q/LK/KK,판매 중,,,756000,,https://living.hyundailivart.co.kr/p/P100040006,,2026-08-02T22:30:00+09:00,https://living.hyundailivart.co.kr/p/P100040006
522,침대/매트리스,,가구 > 침대/매트리스,P200088878,리바트,"엔슬립 포멀 매트리스 (SS,Q,LK)",판매 중,,,697000,,https://living.hyundailivart.co.kr/p/P200088878,https://static.hyundailivart.co.kr/upload_mall/goods/P200088878/GM41805991_img.png?RS=0X250&CS=250X250&AO=1,2026-08-02T22:30:00+09:00,https://living.hyundailivart.co.kr/p/P200088878
523,침대/매트리스,,가구 > 침대/매트리스,P100025886,리바트,[클리어런스] 필로시 슈퍼싱글 침대 프레임 멀티수납형 (1단 서랍 3칸),판매 중,클리어런스,100,610000511100,16,https://living.hyundailivart.co.kr/p/P100025886,https://static.hyundailivart.co.kr/upload_mall/goods/P100025886/GM40711358_img.jpg?RS=0X250&CS=250X250&AO=1,2026-08-02T22:30:00+09:00,https://living.hyundailivart.co.kr/p/P100025886
524,침대/매트리스,,가구 > 침대/매트리스,P200169254,리바트,[클리어런스] 피아프 슈퍼싱글 호텔형 침대 프레임 일반형 (조명포함),판매 중,클리어런스,100,586000400900,32,https://living.hyundailivart.co.kr/p/P200169254,https://static.hyundailivart.co.kr/upload_mall/goods/P200169254/GM43306904_img.jpg?RS=0X250&CS=250X250&AO=1,2026-08-02T22:30:00+09:00,https://living.hyundailivart.co.kr/p/P200169254
525,침대/매트리스,,가구 > 침대/매트리스,P100009520,리바트,[클리어런스] 토스트 네츄럴 슈퍼싱글 침대 프레임,판매 중,클리어런스,100,479000390400,18,https://living.hyundailivart.co.kr/p/P100009520,,2026-08-02T22:30:00+09:00,https://living.hyundailivart.co.kr/p/P100009520
526,침대/매트리스,,가구 > 침대/매트리스,P200091692,리바트,[클리어런스] 코코니 수납침대 슈퍼싱글 프레임,판매 중,클리어런스,100,628000386600,38,https://living.hyundailivart.co.kr/p/P200091692,https://static.hyundailivart.co.kr/upload_mall/goods/P200091692/GM41857645_img.jpg?RS=0X250&CS=250X250&AO=1,2026-08-02T22:30:00+09:00,https://living.hyundailivart.co.kr/p/P200091692
527,침대/매트리스,,가구 > 침대/매트리스,P200186504,리바트,"엔슬립 에스텔스타 매트리스 (SS,Q,LK,KK)",판매 중,,,2303000,,https://living.hyundailivart.co.kr/p/P200186504,https://static.hyundailivart.co.kr/upload_mall/goods/P200186504/GM43582492_img.png?RS=0X250&CS=250X250&AO=1,2026-08-02T22:30:00+09:00,https://living.hyundailivart.co.kr/p/P200186504
528,침대/매트리스,,가구 > 침대/매트리스,P100025936,리바트,[클리어런스] 필로시 슈퍼싱글 침대 프레임 멀티수납형 (2단 서랍 4칸),판매 중,클리어런스,100,789000561400,29,https://living.hyundailivart.co.kr/p/P100025936,https://static.hyundailivart.co.kr/upload_mall/goods/P100025936/GM40711798_img.jpg?RS=0X250&CS=250X250&AO=1,2026-08-02T22:30:00+09:00,https://living.hyundailivart.co.kr/p/P100025936
529,침대/매트리스,,가구 > 침대/매트리스,P200134218,리바트,[클리어런스] 엔슬립 프리마 슈퍼싱글 매트리스,판매 중,클리어런스,100,923000621300,33,https://living.hyundailivart.co.kr/p/P200134218,https://static.hyundailivart.co.kr/upload_mall/goods/P200134218/GM42675291_img.png?RS=0X250&CS=250X250&AO=1,2026-08-02T22:30:00+09:00,https://living.hyundailivart.co.kr/p/P200134218
530,침대/매트리스,,가구 > 침대/매트리스,P200134224,리바트,[클리어런스] 엔슬립 프리마 라지킹 매트리스,판매 중,클리어런스,100,1242000800800,36,https://living.hyundailivart.co.kr/p/P200134224,https://static.hyundailivart.co.kr/upload_mall/goods/P200134224/GM43869829_img.png?RS=0X250&CS=250X250&AO=1,2026-08-02T22:30:00+09:00,https://living.hyundailivart.co.kr/p/P200134224
531,침대/매트리스,,가구 > 침대/매트리스,P200134170,리바트,[클리어런스] 엔슬립 파밀리아 퀸 매트리스,판매 중,클리어런스,100,598000412300,31,https://living.hyundailivart.co.kr/p/P200134170,https://static.hyundailivart.co.kr/upload_mall/goods/P200134170/GM43869836_img.png?RS=0X250&CS=250X250&AO=1,2026-08-02T22:30:00+09:00,https://living.hyundailivart.co.kr/p/P200134170
532,침대/매트리스,,가구 > 침대/매트리스,P100025897,리바트,[클리어런스] 필로시 퀸 침대 프레임 멀티수납형 (2단 서랍 4칸),판매 중,클리어런스,100,948000676400,29,https://living.hyundailivart.co.kr/p/P100025897,https://static.hyundailivart.co.kr/upload_mall/goods/P100025897/GM40711808_img.jpg?RS=0X250&CS=250X250&AO=1,2026-08-02T22:30:00+09:00,https://living.hyundailivart.co.kr/p/P100025897
533,침대/매트리스,,가구 > 침대/매트리스,P100025846,리바트,[클리어런스] 필로시 퀸 침대 프레임 수납형 (1단 서랍 3칸),판매 중,클리어런스,100,735000572800,22,https://living.hyundailivart.co.kr/p/P100025846,https://static.hyundailivart.co.kr/upload_mall/goods/P100025846/GM40711342_img.jpg?RS=0X250&CS=250X250&AO=1,2026-08-02T22:30:00+09:00,https://living.hyundailivart.co.kr/p/P100025846
534,키즈/주니어,,가구 > 키즈/주니어,P200196690,리바트집테리어,THE ROOM 더룸 초등 벙커침대,판매 중,,100,25355002093900,17,https://living.hyundailivart.co.kr/p/P200196690,https://static.hyundailivart.co.kr/upload_mall/goods/P200196690/GM43873276_img.jpg?RS=0X250&CS=250X250&AO=1,2026-08-02T22:30:00+09:00,https://living.hyundailivart.co.kr/p/P200196690
535,침대/매트리스,,가구 > 침대/매트리스,P200193625,리바트,필로시 침대 조명 터치형,판매 중,,,48000,,https://living.hyundailivart.co.kr/p/P200193625,,2026-08-02T22:30:00+09:00,https://living.hyundailivart.co.kr/p/P200193625
536,침대/매트리스,,가구 > 침대/매트리스,P100024471,리바트,[클리어런스] 뉴트 리클라이닝 퀸 침대 프레임,판매 중,클리어런스,100,1088000626000,42,https://living.hyundailivart.co.kr/p/P100024471,,2026-08-02T22:30:00+09:00,https://living.hyundailivart.co.kr/p/P100024471
537,침대/매트리스,,가구 > 침대/매트리스,P200082560,리바트,[클리어런스] 토스트 슈퍼싱글 침대 프레임,판매 중,클리어런스,100,485000435100,10,https://living.hyundailivart.co.kr/p/P200082560,https://static.hyundailivart.co.kr/upload_mall/goods/P200082560/GM41660591_img.jpg?RS=0X250&CS=250X250&AO=1,2026-08-02T22:30:00+09:00,https://living.hyundailivart.co.kr/p/P200082560
538,키즈/주니어,,가구 > 키즈/주니어,P100022802,리바트,[클리어런스] 로넌 수납 슈퍼싱글 침대 프레임,판매 중,클리어런스,100,523000430300,18,https://living.hyundailivart.co.kr/p/P100022802,,2026-08-02T22:30:00+09:00,https://living.hyundailivart.co.kr/p/P100022802
539,침대/매트리스,,가구 > 침대/매트리스,P200088872,리바트,"엔슬립 패밀리 매트리스 (SS,Q)",판매 중,,,441000,,https://living.hyundailivart.co.kr/p/P200088872,https://static.hyundailivart.co.kr/upload_mall/goods/P200088872/GM41805828_img.png?RS=0X250&CS=250X250&AO=1,2026-08-02T22:30:00+09:00,https://living.hyundailivart.co.kr/p/P200088872
540,침대/매트리스,,가구 > 침대/매트리스,P200199500,리바트,스와니에 퀸 침대 프레임 (일반/평상/서랍형),판매 중,,,1026000,,https://living.hyundailivart.co.kr/p/P200199500,https://static.hyundailivart.co.kr/upload_mall/goods/P200198533/GM43960169_img.jpg?RS=0X250&CS=250X250&AO=1,2026-08-02T22:30:00+09:00,https://living.hyundailivart.co.kr/p/P200199500
541,침대/매트리스,,가구 > 침대/매트리스,P100024591,리바트,[클리어런스] 데이지 슈퍼싱글 침대 프레임,판매 중,클리어런스,100,427000384700,10,https://living.hyundailivart.co.kr/p/P100024591,,2026-08-02T22:30:00+09:00,https://living.hyundailivart.co.kr/p/P100024591
542,침대/매트리스,,가구 > 침대/매트리스,P100027045,리바트,[클리어런스] 필로시 퀸 침대 프레임 멀티수납형 (1단 서랍 3칸),판매 중,클리어런스,100,814000629800,23,https://living.hyundailivart.co.kr/p/P100027045,https://static.hyundailivart.co.kr/upload_mall/goods/P100027045/GM40711375_img.jpg?RS=0X250&CS=250X250&AO=1,2026-08-02T22:30:00+09:00,https://living.hyundailivart.co.kr/p/P100027045
543,침대/매트리스,,가구 > 침대/매트리스,P200173935,리바트,에스테틱 더 블렌딩 침대 확장 패널,판매 중,,100,5600039200,30,https://living.hyundailivart.co.kr/p/P200173935,https://static.hyundailivart.co.kr/upload_mall/goods/P200173935/GM43832536_img.jpg?RS=0X250&CS=250X250&AO=1,2026-08-02T22:30:00+09:00,https://living.hyundailivart.co.kr/p/P200173935
544,침대/매트리스,,가구 > 침대/매트리스,P200091691,리바트,[클리어런스] 피아프 호텔형 침대 기능성 확장 패널,판매 중,클리어런스,100,342000304000,11,https://living.hyundailivart.co.kr/p/P200091691,https://static.hyundailivart.co.kr/upload_mall/goods/P200091691/GM41872519_img.jpg?RS=0X250&CS=250X250&AO=1,2026-08-02T22:30:00+09:00,https://living.hyundailivart.co.kr/p/P200091691
545,침대/매트리스,,가구 > 침대/매트리스,P200199501,리바트,스와니에 라지킹 침대 프레임 (일반/평상/서랍형),판매 중,,,1125000,,https://living.hyundailivart.co.kr/p/P200199501,https://static.hyundailivart.co.kr/upload_mall/goods/P200199501/GM43989191_img.jpg?RS=0X250&CS=250X250&AO=1,2026-08-02T22:30:00+09:00,https://living.hyundailivart.co.kr/p/P200199501
546,키즈/주니어,,가구 > 키즈/주니어,P200191489,리바트,[클리어런스] 앤모어 슈퍼싱글 침대 프레임 오픈도어 가드형,판매 중,클리어런스,100,13540001081100,20,https://living.hyundailivart.co.kr/p/P200191489,https://static.hyundailivart.co.kr/upload_mall/goods/P200191489/GM43728170_img.jpg?RS=0X250&CS=250X250&AO=1,2026-08-02T22:30:00+09:00,https://living.hyundailivart.co.kr/p/P200191489
547,침대/매트리스,,가구 > 침대/매트리스,P200199572,리바트,레브 침대 프레임 화이트 SS/Q/LK (터치조명포함),판매 중,,,795000,,https://living.hyundailivart.co.kr/p/P200199572,https://static.hyundailivart.co.kr/upload_mall/goods/P200066407/GM41302480_img.jpg?RS=0X250&CS=250X250&AO=1,2026-08-02T22:30:00+09:00,https://living.hyundailivart.co.kr/p/P200199572
548,침대/매트리스,,가구 > 침대/매트리스,P100024588,리바트,[클리어런스] 데이지 퀸 침대 프레임,판매 중,클리어런스,100,554000485400,12,https://living.hyundailivart.co.kr/p/P100024588,,2026-08-02T22:30:00+09:00,https://living.hyundailivart.co.kr/p/P100024588
549,침대/매트리스,,가구 > 침대/매트리스,P100023648,리바트,[클리어런스] 뉴트 저상형 슈퍼싱글 침대 프레임 기본형,판매 중,클리어런스,100,261000143400,45,https://living.hyundailivart.co.kr/p/P100023648,,2026-08-02T22:30:00+09:00,https://living.hyundailivart.co.kr/p/P100023648
550,침대/매트리스,,가구 > 침대/매트리스,P200194480,리바트,[클리어런스] 프라하 패브릭 퀸 침대 프레임 기능형,판매 중,클리어런스,100,927000834100,10,https://living.hyundailivart.co.kr/p/P200194480,https://static.hyundailivart.co.kr/upload_mall/goods/P200194480/GM43836945_img.jpg?RS=0X250&CS=250X250&AO=1,2026-08-02T22:30:00+09:00,https://living.hyundailivart.co.kr/p/P200194480
551,침대/매트리스,,가구 > 침대/매트리스,P200194467,리바트,[클리어런스] 프라하 패브릭 라지킹 침대 프레임 무헤드형,판매 중,클리어런스,100,462000405600,12,https://living.hyundailivart.co.kr/p/P200194467,https://static.hyundailivart.co.kr/upload_mall/goods/P200194467/GM43836740_img.jpg?RS=0X250&CS=250X250&AO=1,2026-08-02T22:30:00+09:00,https://living.hyundailivart.co.kr/p/P200194467
552,침대/매트리스,,가구 > 침대/매트리스,P200091706,리바트,[클리어런스] 코코니 수납침대 슈퍼싱글 프레임 (가드+계단),판매 중,클리어런스,100,887000498700,44,https://living.hyundailivart.co.kr/p/P200091706,https://static.hyundailivart.co.kr/upload_mall/goods/P200091706/GM41857853_img.jpg?RS=0X250&CS=250X250&AO=1,2026-08-02T22:30:00+09:00,https://living.hyundailivart.co.kr/p/P200091706
553,키즈/주니어,,가구 > 키즈/주니어,P200128865,리바트,커먼베드 슬라이딩형 슈퍼싱글 침대 프레임,판매 중,,,687000,,https://living.hyundailivart.co.kr/p/P200128865,https://static.hyundailivart.co.kr/upload_mall/goods/P200128865/GM42613772_img.jpg?RS=0X250&CS=250X250&AO=1,2026-08-02T22:30:00+09:00,https://living.hyundailivart.co.kr/p/P200128865
554,침대/매트리스,,가구 > 침대/매트리스,P200191484,리바트,[클리어런스] 앤모어 퀸 침대 프레임 무헤드형,판매 중,클리어런스,100,354000281200,21,https://living.hyundailivart.co.kr/p/P200191484,https://static.hyundailivart.co.kr/upload_mall/goods/P200191484/GM43728195_img.jpg?RS=0X250&CS=250X250&AO=1,2026-08-02T22:30:00+09:00,https://living.hyundailivart.co.kr/p/P200191484
555,침대/매트리스,,가구 > 침대/매트리스,P200191485,리바트,[클리어런스] 앤모어 퀸 침대 프레임,판매 중,클리어런스,100,583000462600,21,https://living.hyundailivart.co.kr/p/P200191485,https://static.hyundailivart.co.kr/upload_mall/goods/P200191485/GM43728208_img.jpg?RS=0X250&CS=250X250&AO=1,2026-08-02T22:30:00+09:00,https://living.hyundailivart.co.kr/p/P200191485
556,키즈/주니어,,가구 > 키즈/주니어,P200129391,리바트,커먼베드 패브릭형 슈퍼싱글 침대 프레임,판매 중,,,547000,,https://living.hyundailivart.co.kr/p/P200129391,https://static.hyundailivart.co.kr/upload_mall/goods/P200129391/GM42555740_img.jpg?RS=0X250&CS=250X250&AO=1,2026-08-02T22:30:00+09:00,https://living.hyundailivart.co.kr/p/P200129391
557,침대/매트리스,,가구 > 침대/매트리스,P200194471,리바트,[클리어런스] 프라하 패브릭 슈퍼싱글 침대 프레임 기능형,판매 중,클리어런스,100,743000673500,9,https://living.hyundailivart.co.kr/p/P200194471,https://static.hyundailivart.co.kr/upload_mall/goods/P200194471/GM43836770_img.jpg?RS=0X250&CS=250X250&AO=1,2026-08-02T22:30:00+09:00,https://living.hyundailivart.co.kr/p/P200194471
558,침대/매트리스,,가구 > 침대/매트리스,P200134215,리바트,[클리어런스] 엔슬립 호텔형 라지킹 매트리스,판매 중,클리어런스,100,1012000668000,34,https://living.hyundailivart.co.kr/p/P200134215,https://static.hyundailivart.co.kr/upload_mall/goods/P200134215/GM43869834_img.png?RS=0X250&CS=250X250&AO=1,2026-08-02T22:30:00+09:00,https://living.hyundailivart.co.kr/p/P200134215
559,키즈/주니어,,가구 > 키즈/주니어,P100026903,리바트,[클리어런스] 꼼므 주니어 슈퍼싱글 고탄성폼 지퍼커버 매트리스,판매 중,클리어런스,100,208000193800,7,https://living.hyundailivart.co.kr/p/P100026903,https://static.hyundailivart.co.kr/upload_mall/goods/P100026903/GM10082638_img.png?RS=0X250&CS=250X250&AO=1,2026-08-02T22:30:00+09:00,https://living.hyundailivart.co.kr/p/P100026903
560,침대/매트리스,,가구 > 침대/매트리스,P100025835,리바트,[클리어런스] 필로시 슈퍼싱글 침대 프레임,판매 중,클리어런스,100,490000400900,18,https://living.hyundailivart.co.kr/p/P100025835,https://static.hyundailivart.co.kr/upload_mall/goods/P100025835/GM40711114_img.jpg?RS=0X250&CS=250X250&AO=1,2026-08-02T22:30:00+09:00,https://living.hyundailivart.co.kr/p/P100025835
561,침대/매트리스,,가구 > 침대/매트리스,P100024593,리바트,[클리어런스] 데이지 슈퍼싱글 침대 프레임 일면 패널형,판매 중,클리어런스,100,631000579500,8,https://living.hyundailivart.co.kr/p/P100024593,,2026-08-02T22:30:00+09:00,https://living.hyundailivart.co.kr/p/P100024593
562,키즈/주니어,,가구 > 키즈/주니어,P100022789,리바트,[클리어런스] 로넌 슈퍼싱글 침대 프레임,판매 중,클리어런스,100,338000277400,18,https://living.hyundailivart.co.kr/p/P100022789,https://static.hyundailivart.co.kr/upload_mall/goods/P100022789/C100006245_OPT1.jpg?RS=0X22&CS=22X22&AO=1,2026-08-02T22:30:00+09:00,https://living.hyundailivart.co.kr/p/P100022789
563,침대/매트리스,,가구 > 침대/매트리스,P200202818,리바트,"210 리버서블 매트리스 (SS,Q,LK)",판매 중,,,699000,,https://living.hyundailivart.co.kr/p/P200202818,https://static.hyundailivart.co.kr/upload_mall/goods/P200202818/GM44083719_img.jpg?RS=0X250&CS=250X250&AO=1,2026-08-02T22:30:00+09:00,https://living.hyundailivart.co.kr/p/P200202818
564,키즈/주니어,,가구 > 키즈/주니어,P200129392,리바트,커먼베드 심플형 슈퍼싱글 침대 프레임,판매 중,,,408000,,https://living.hyundailivart.co.kr/p/P200129392,https://static.hyundailivart.co.kr/upload_mall/goods/P200129392/GM42555772_img.jpg?RS=0X250&CS=250X250&AO=1,2026-08-02T22:30:00+09:00,https://living.hyundailivart.co.kr/p/P200129392
565,침대/매트리스,,가구 > 침대/매트리스,P200183680,리바트,리버서블 침대 풋보드,판매 중,,,230000,,https://living.hyundailivart.co.kr/p/P200183680,https://static.hyundailivart.co.kr/upload_mall/goods/P200183680/GM43531220_img.jpg?RS=0X250&CS=250X250&AO=1,2026-08-02T22:30:00+09:00,https://living.hyundailivart.co.kr/p/P200183680
566,침대/매트리스,,가구 > 침대/매트리스,P200169571,리바트,"엔슬립 플렉스 라이트 매트리스 (SS,Q,LK,KK)",판매 중,,,1027000,,https://living.hyundailivart.co.kr/p/P200169571,https://static.hyundailivart.co.kr/upload_mall/goods/P200169571/GM43303683_img.png?RS=0X250&CS=250X250&AO=1,2026-08-02T22:30:00+09:00,https://living.hyundailivart.co.kr/p/P200169571
567,키즈/주니어,,가구 > 키즈/주니어,P100025716,리바트,[클리어런스] 꼼므 길이조절 키즈침대 매트리스,판매 중,클리어런스,100,6200043700,30,https://living.hyundailivart.co.kr/p/P100025716,https://static.hyundailivart.co.kr/upload_mall/goods/P100025716/GM43895663_img.png?RS=0X250&CS=250X250&AO=1,2026-08-02T22:30:00+09:00,https://living.hyundailivart.co.kr/p/P100025716
568,침대/매트리스,,가구 > 침대/매트리스,P100032647,리바트,블랑쉬 패널형 침대 프레임 SS/Q/LK,판매 중,,,777000,,https://living.hyundailivart.co.kr/p/P100032647,,2026-08-02T22:30:00+09:00,https://living.hyundailivart.co.kr/p/P100032647
569,키즈/주니어,,가구 > 키즈/주니어,P100031423,리바트키즈,엔슬립 아토 슈퍼싱글 매트리스,판매 중,,,469000,,https://living.hyundailivart.co.kr/p/P100031423,https://static.hyundailivart.co.kr/upload_mall/goods/P100031423/GM43678594_img.png?RS=0X250&CS=250X250&AO=1,2026-08-02T22:30:00+09:00,https://living.hyundailivart.co.kr/p/P100031423
570,침대/매트리스,,가구 > 침대/매트리스,P100023602,리바트,[클리어런스] 뉴트 저상형 퀸 침대 프레임 수납형,판매 중,클리어런스,100,590000319200,46,https://living.hyundailivart.co.kr/p/P100023602,,2026-08-02T22:30:00+09:00,https://living.hyundailivart.co.kr/p/P100023602
571,침대/매트리스,,가구 > 침대/매트리스,P200194487,리바트,[클리어런스] 프라하 패브릭 라지킹 침대 프레임 기능형,판매 중,클리어런스,100,1057000948100,10,https://living.hyundailivart.co.kr/p/P200194487,https://static.hyundailivart.co.kr/upload_mall/goods/P200194487/GM43837191_img.jpg?RS=0X250&CS=250X250&AO=1,2026-08-02T22:30:00+09:00,https://living.hyundailivart.co.kr/p/P200194487
572,침대/매트리스,,가구 > 침대/매트리스,P200191486,리바트,[클리어런스] 앤모어 패밀리 침대 프레임 Q+SS,판매 중,클리어런스,100,1086000862600,21,https://living.hyundailivart.co.kr/p/P200191486,https://static.hyundailivart.co.kr/upload_mall/goods/P200191486/GM43728218_img.jpg?RS=0X250&CS=250X250&AO=1,2026-08-02T22:30:00+09:00,https://living.hyundailivart.co.kr/p/P200191486
573,침대/매트리스,,가구 > 침대/매트리스,P200198000,리바트,리버서블 가죽 침대 벽가드 2000,판매 중,,,281000,,https://living.hyundailivart.co.kr/p/P200198000,https://static.hyundailivart.co.kr/upload_mall/goods/P200198000/GM43932092_img.jpg?RS=0X250&CS=250X250&AO=1,2026-08-02T22:30:00+09:00,https://living.hyundailivart.co.kr/p/P200198000
574,침대/매트리스,,가구 > 침대/매트리스,P200091705,리바트,[클리어런스] 코코니 수납침대 슈퍼싱글 프레임 (가드형),판매 중,클리어런스,100,752000429400,43,https://living.hyundailivart.co.kr/p/P200091705,https://static.hyundailivart.co.kr/upload_mall/goods/P200091705/GM41857699_img.jpg?RS=0X250&CS=250X250&AO=1,2026-08-02T22:30:00+09:00,https://living.hyundailivart.co.kr/p/P200091705
575,침대/매트리스,,가구 > 침대/매트리스,P100040095,리바트,휴 모던 침대 프레임 SS/Q/LK/KK,판매 중,,,867000,,https://living.hyundailivart.co.kr/p/P100040095,,2026-08-02T22:30:00+09:00,https://living.hyundailivart.co.kr/p/P100040095
576,침대/매트리스,,가구 > 침대/매트리스,P200150545,리바트,지누스 데이드림 폼 매트리스,판매 중,,100,974000829000,15,https://living.hyundailivart.co.kr/p/P200150545,https://static.hyundailivart.co.kr/upload_mall/goods/P200150545/GM42944269_img.png?RS=0X250&CS=250X250&AO=1,2026-08-02T22:30:00+09:00,https://living.hyundailivart.co.kr/p/P200150545
577,침대/매트리스,,가구 > 침대/매트리스,P200191482,리바트,[클리어런스] 앤모어 슈퍼싱글 침대 프레임 무헤드형,판매 중,클리어런스,100,328000261200,20,https://living.hyundailivart.co.kr/p/P200191482,https://static.hyundailivart.co.kr/upload_mall/goods/P200191482/GM43726225_img.jpg?RS=0X250&CS=250X250&AO=1,2026-08-02T22:30:00+09:00,https://living.hyundailivart.co.kr/p/P200191482
578,침대/매트리스,,가구 > 침대/매트리스,P200021300,리바트,코펜하겐 협탁,판매 중,,100,26100071000,73,https://living.hyundailivart.co.kr/p/P200021300,https://static.hyundailivart.co.kr/upload_mall/goods/P200021300/GM40221073_img.jpg?RS=0X250&CS=250X250&AO=1,2026-08-02T22:30:00+09:00,https://living.hyundailivart.co.kr/p/P200021300
579,침대/매트리스,,가구 > 침대/매트리스,P100026116,리바트,[클리어런스] 필로시 모던 퀸 침대 프레임 멀티수납형 (2단 서랍 4칸),판매 중,클리어런스,100,971000687800,29,https://living.hyundailivart.co.kr/p/P100026116,https://static.hyundailivart.co.kr/upload_mall/goods/P100026116/GM40721461_img.jpg?RS=0X250&CS=250X250&AO=1,2026-08-02T22:30:00+09:00,https://living.hyundailivart.co.kr/p/P100026116
580,침대/매트리스,,가구 > 침대/매트리스,P200199499,리바트,스와니에 슈퍼싱글 침대 프레임 (일반/평상/서랍형),판매 중,,,845000,,https://living.hyundailivart.co.kr/p/P200199499,https://static.hyundailivart.co.kr/upload_mall/goods/P200198531/GM43960106_img.jpg?RS=0X250&CS=250X250&AO=1,2026-08-02T22:30:00+09:00,https://living.hyundailivart.co.kr/p/P200199499
581,침대/매트리스,,가구 > 침대/매트리스,P100023620,리바트,[클리어런스] 뉴트 저상형 퀸 침대 프레임 도어형,판매 중,클리어런스,100,631000340100,46,https://living.hyundailivart.co.kr/p/P100023620,,2026-08-02T22:30:00+09:00,https://living.hyundailivart.co.kr/p/P100023620
582,침대/매트리스,,가구 > 침대/매트리스,P100040010,리바트,소비아 침대 옵션(확장 패널/선반/협탁),판매 중,,,261000,,https://living.hyundailivart.co.kr/p/P100040010,https://static.hyundailivart.co.kr/upload_mall/goods/P100040010/GM43740644_img.jpg?RS=0X250&CS=250X250&AO=1,2026-08-02T22:30:00+09:00,https://living.hyundailivart.co.kr/p/P100040010
583,침대/매트리스,,가구 > 침대/매트리스,P200194477,리바트,[클리어런스] 프라하 패브릭 퀸 침대 프레임 일반형,판매 중,클리어런스,100,754000665000,12,https://living.hyundailivart.co.kr/p/P200194477,https://static.hyundailivart.co.kr/upload_mall/goods/P200194477/GM43836909_img.jpg?RS=0X250&CS=250X250&AO=1,2026-08-02T22:30:00+09:00,https://living.hyundailivart.co.kr/p/P200194477
584,침대/매트리스,,가구 > 침대/매트리스,P100024590,리바트,[클리어런스] 데이지 퀸 침대 프레임 일면 패널형,판매 중,클리어런스,100,758000677300,11,https://living.hyundailivart.co.kr/p/P100024590,,2026-08-02T22:30:00+09:00,https://living.hyundailivart.co.kr/p/P100024590
585,침대/매트리스,,가구 > 침대/매트리스,P100023629,리바트,[클리어런스] 뉴트 저상형 슈퍼싱글 침대 프레임 수납형,판매 중,클리어런스,100,409000214700,48,https://living.hyundailivart.co.kr/p/P100023629,,2026-08-02T22:30:00+09:00,https://living.hyundailivart.co.kr/p/P100023629
586,침대/매트리스,,가구 > 침대/매트리스,P100026125,리바트,[클리어런스] 필로시 모던 슈퍼싱글 침대 프레임 멀티수납형 (2단 서랍 4칸),판매 중,클리어런스,100,809000584200,28,https://living.hyundailivart.co.kr/p/P100026125,https://static.hyundailivart.co.kr/upload_mall/goods/P100026125/GM40721380_img.jpg?RS=0X250&CS=250X250&AO=1,2026-08-02T22:30:00+09:00,https://living.hyundailivart.co.kr/p/P100026125
587,침대/매트리스,,가구 > 침대/매트리스,P100026083,리바트,[클리어런스] 필로시 모던 퀸 침대 프레임 수납형 (1단 서랍 3칸),판매 중,클리어런스,100,757000584200,23,https://living.hyundailivart.co.kr/p/P100026083,https://static.hyundailivart.co.kr/upload_mall/goods/P100026083/GM40720948_img.jpg?RS=0X250&CS=250X250&AO=1,2026-08-02T22:30:00+09:00,https://living.hyundailivart.co.kr/p/P100026083
588,침대/매트리스,,가구 > 침대/매트리스,P100026022,리바트,[클리어런스] 필로시 모던 퀸 침대 프레임,판매 중,클리어런스,100,668000526300,21,https://living.hyundailivart.co.kr/p/P100026022,https://static.hyundailivart.co.kr/upload_mall/goods/P100026022/GM40720742_img.jpg?RS=0X250&CS=250X250&AO=1,2026-08-02T22:30:00+09:00,https://living.hyundailivart.co.kr/p/P100026022
589,침대/매트리스,,가구 > 침대/매트리스,P100026111,리바트,[클리어런스] 필로시 모던 슈퍼싱글 침대 프레임 멀티수납형 (1단 서랍 3칸),판매 중,클리어런스,100,630000521500,17,https://living.hyundailivart.co.kr/p/P100026111,https://static.hyundailivart.co.kr/upload_mall/goods/P100026111/GM40721198_img.jpg?RS=0X250&CS=250X250&AO=1,2026-08-02T22:30:00+09:00,https://living.hyundailivart.co.kr/p/P100026111
590,침대/매트리스,,가구 > 침대/매트리스,P100025824,리바트,[클리어런스] 필로시 퀸 침대 프레임,판매 중,클리어런스,100,646000515800,20,https://living.hyundailivart.co.kr/p/P100025824,https://static.hyundailivart.co.kr/upload_mall/goods/P100025824/GM40711310_img.jpg?RS=0X250&CS=250X250&AO=1,2026-08-02T22:30:00+09:00,https://living.hyundailivart.co.kr/p/P100025824
591,침대/매트리스,,가구 > 침대/매트리스,P200194468,리바트,[클리어런스] 프라하 패브릭 슈퍼싱글 침대 프레임 일반형,판매 중,클리어런스,100,570000503500,12,https://living.hyundailivart.co.kr/p/P200194468,https://static.hyundailivart.co.kr/upload_mall/goods/P200194468/GM43837557_img.jpg?RS=0X250&CS=250X250&AO=1,2026-08-02T22:30:00+09:00,https://living.hyundailivart.co.kr/p/P200194468
592,침대/매트리스,,가구 > 침대/매트리스,P100009515,리바트,[클리어런스] 토스트 네츄럴 퀸 침대 프레임,판매 중,클리어런스,100,602000488300,19,https://living.hyundailivart.co.kr/p/P100009515,,2026-08-02T22:30:00+09:00,https://living.hyundailivart.co.kr/p/P100009515
593,키즈/주니어,,가구 > 키즈/주니어,P100023821,리바트키즈,키즈 엔슬립 드림 매트리스,판매 중,,,428000,,https://living.hyundailivart.co.kr/p/P100023821,https://static.hyundailivart.co.kr/upload_mall/goods/P100023821/GM10069982_img.png?RS=0X250&CS=250X250&AO=1,2026-08-02T22:30:00+09:00,https://living.hyundailivart.co.kr/p/P100023821
594,침대/매트리스,,가구 > 침대/매트리스,P100026092,리바트,[클리어런스] 필로시 모던 슈퍼싱글 침대 프레임 수납형 (1단 서랍 3칸),판매 중,클리어런스,100,601000481600,20,https://living.hyundailivart.co.kr/p/P100026092,https://static.hyundailivart.co.kr/upload_mall/goods/P100026092/GM40720824_img.jpg?RS=0X250&CS=250X250&AO=1,2026-08-02T22:30:00+09:00,https://living.hyundailivart.co.kr/p/P100026092
595,침대/매트리스,,가구 > 침대/매트리스,P100023647,리바트,[클리어런스] 뉴트 저상형 퀸 침대 프레임 기본형,판매 중,클리어런스,100,397000217500,45,https://living.hyundailivart.co.kr/p/P100023647,,2026-08-02T22:30:00+09:00,https://living.hyundailivart.co.kr/p/P100023647
596,키즈/주니어,,가구 > 키즈/주니어,P100026884,리바트,"[클리어런스] 꼼므 주니어 수납 슈퍼싱글침대 (매트,가드 별도)",판매 중,클리어런스,100,510000465500,9,https://living.hyundailivart.co.kr/p/P100026884,https://static.hyundailivart.co.kr/upload_mall/goods/P100026884/GM42059352_img.jpg?RS=0X250&CS=250X250&AO=1,2026-08-02T22:30:00+09:00,https://living.hyundailivart.co.kr/p/P100026884
597,침대/매트리스,,가구 > 침대/매트리스,P200091699,리바트,[클리어런스] 코코니 수납침대 슈퍼싱글 프레임 (계단형),판매 중,클리어런스,100,763000451200,41,https://living.hyundailivart.co.kr/p/P200091699,https://static.hyundailivart.co.kr/upload_mall/goods/P200091699/GM41857767_img.jpg?RS=0X250&CS=250X250&AO=1,2026-08-02T22:30:00+09:00,https://living.hyundailivart.co.kr/p/P200091699
598,침대/매트리스,,가구 > 침대/매트리스,P200183699,리바트,리버서블 침대 높은 다릿발,판매 중,,,85000,,https://living.hyundailivart.co.kr/p/P200183699,https://static.hyundailivart.co.kr/upload_mall/goods/P200183699/GM43531183_img.jpg?RS=0X250&CS=250X250&AO=1,2026-08-02T22:30:00+09:00,https://living.hyundailivart.co.kr/p/P200183699
599,침대/매트리스,,가구 > 침대/매트리스,P200191483,리바트,[클리어런스] 앤모어 슈퍼싱글 침대 프레임,판매 중,클리어런스,100,503000400900,20,https://living.hyundailivart.co.kr/p/P200191483,https://static.hyundailivart.co.kr/upload_mall/goods/P200191483/GM43733452_img.jpg?RS=0X250&CS=250X250&AO=1,2026-08-02T22:30:00+09:00,https://living.hyundailivart.co.kr/p/P200191483
600,침대/매트리스,,가구 > 침대/매트리스,P200198708,리바트 세계가구,[클리어런스] 세이치즈 파마산 구스 토퍼,판매 중,클리어런스,100,206000140200,32,https://living.hyundailivart.co.kr/p/P200198708,https://static.hyundailivart.co.kr/upload_mall/goods/P200188590/GM43656799_img.png?RS=0X250&CS=250X250&AO=1,2026-08-02T22:30:00+09:00,https://living.hyundailivart.co.kr/p/P200198708
601,침대/매트리스,,가구 > 침대/매트리스,P200087318,리바트,멜레그 라지킹 침대 프레임,판매 중,,,938000,,https://living.hyundailivart.co.kr/p/P200087318,https://static.hyundailivart.co.kr/upload_mall/goods/P200087318/GM43947198_img.jpg?RS=0X250&CS=250X250&AO=1,2026-08-02T22:30:00+09:00,https://living.hyundailivart.co.kr/p/P200087318
602,침대/매트리스,,가구 > 침대/매트리스,P200194496,리바트,[클리어런스] 프라하 패브릭 침대 헤드보드 대형,판매 중,클리어런스,100,211000185200,12,https://living.hyundailivart.co.kr/p/P200194496,https://static.hyundailivart.co.kr/upload_mall/goods/P200194496/GM43837265_img.jpg?RS=0X250&CS=250X250&AO=1,2026-08-02T22:30:00+09:00,https://living.hyundailivart.co.kr/p/P200194496
603,침대/매트리스,,가구 > 침대/매트리스,P100023630,리바트,[클리어런스] 뉴트 저상형 패밀리침대 프레임 기본형Q+SS,판매 중,클리어런스,100,658000360000,45,https://living.hyundailivart.co.kr/p/P100023630,,2026-08-02T22:30:00+09:00,https://living.hyundailivart.co.kr/p/P100023630
604,침대/매트리스,,가구 > 침대/매트리스,P200194466,리바트,[클리어런스] 프라하 패브릭 퀸 침대 프레임 무헤드형,판매 중,클리어런스,100,412000362900,12,https://living.hyundailivart.co.kr/p/P200194466,https://static.hyundailivart.co.kr/upload_mall/goods/P200194466/GM43836719_img.jpg?RS=0X250&CS=250X250&AO=1,2026-08-02T22:30:00+09:00,https://living.hyundailivart.co.kr/p/P200194466
605,침대/매트리스,,가구 > 침대/매트리스,P200198545,리바트,스와니에 침대 사이드 수납 협탁,판매 중,,,342000,,https://living.hyundailivart.co.kr/p/P200198545,https://static.hyundailivart.co.kr/upload_mall/goods/P200198545/GM43961065_img.jpg?RS=0X250&CS=250X250&AO=1,2026-08-02T22:30:00+09:00,https://living.hyundailivart.co.kr/p/P200198545
606,침대/매트리스,,가구 > 침대/매트리스,P200188596,리바트 세계가구,[클리어런스] 세이치즈 방수 매트리스 커버,판매 중,클리어런스,100,3800031000,18,https://living.hyundailivart.co.kr/p/P200188596,https://static.hyundailivart.co.kr/upload_mall/goods/P200188596/GM43653191_img.png?RS=0X250&CS=250X250&AO=1,2026-08-02T22:30:00+09:00,https://living.hyundailivart.co.kr/p/P200188596
607,키즈/주니어,,가구 > 키즈/주니어,P100025721,리바트,[클리어런스] 꼼므 길이조절 키즈침대 매트리스커버,판매 중,클리어런스,100,4300028500,34,https://living.hyundailivart.co.kr/p/P100025721,https://static.hyundailivart.co.kr/upload_mall/goods/P100025721/GM10076742_img.png?RS=0X250&CS=250X250&AO=1,2026-08-02T22:30:00+09:00,https://living.hyundailivart.co.kr/p/P100025721
608,침대/매트리스,,가구 > 침대/매트리스,P200198542,리바트,스와니에 침대 확장 패널 350 기능형,판매 중,,100,426000298200,30,https://living.hyundailivart.co.kr/p/P200198542,https://static.hyundailivart.co.kr/upload_mall/goods/P200198542/GM43960895_img.jpg?RS=0X250&CS=250X250&AO=1,2026-08-02T22:30:00+09:00,https://living.hyundailivart.co.kr/p/P200198542
609,침대/매트리스,,가구 > 침대/매트리스,P200191631,리바트,리버서블 가죽 퀸 침대 슬림형 풋보드,판매 중,,,301000,,https://living.hyundailivart.co.kr/p/P200191631,https://static.hyundailivart.co.kr/upload_mall/goods/P200191631/GM43732105_img.jpg?RS=0X250&CS=250X250&AO=1,2026-08-02T22:30:00+09:00,https://living.hyundailivart.co.kr/p/P200191631
610,침대/매트리스,,가구 > 침대/매트리스,P200100798,리바트,에스테틱 침대 사이드 수납 협탁,판매 중,,,297000,,https://living.hyundailivart.co.kr/p/P200100798,https://static.hyundailivart.co.kr/upload_mall/goods/P200100798/GM43832504_img.jpg?RS=0X250&CS=250X250&AO=1,2026-08-02T22:30:00+09:00,https://living.hyundailivart.co.kr/p/P200100798
611,침대/매트리스,,가구 > 침대/매트리스,P200173936,리바트,에스테틱 더 블렌딩 침대 사이드 수납 협탁,판매 중,,,298000,,https://living.hyundailivart.co.kr/p/P200173936,https://static.hyundailivart.co.kr/upload_mall/goods/P200173936/GM43372042_img.jpg?RS=0X250&CS=250X250&AO=1,2026-08-02T22:30:00+09:00,https://living.hyundailivart.co.kr/p/P200173936
612,침대/매트리스,,가구 > 침대/매트리스,P200194465,리바트,[클리어런스] 프라하 패브릭 슈퍼싱글 침대 프레임 무헤드형,판매 중,클리어런스,100,308000271700,12,https://living.hyundailivart.co.kr/p/P200194465,https://static.hyundailivart.co.kr/upload_mall/goods/P200194465/GM43836651_img.jpg?RS=0X250&CS=250X250&AO=1,2026-08-02T22:30:00+09:00,https://living.hyundailivart.co.kr/p/P200194465
613,침대/매트리스,,가구 > 침대/매트리스,P100031953,리바트,블랑쉬 협탁,판매 중,,,269000,,https://living.hyundailivart.co.kr/p/P100031953,,2026-08-02T22:30:00+09:00,https://living.hyundailivart.co.kr/p/P100031953
614,침대/매트리스,,가구 > 침대/매트리스,P200188587,리바트 세계가구,[클리어런스] 세이치즈 에멘탈 메모리폼 토퍼,판매 중,클리어런스,100,206000140200,32,https://living.hyundailivart.co.kr/p/P200188587,https://static.hyundailivart.co.kr/upload_mall/goods/P200188587/GM43643392_img.png?RS=0X250&CS=250X250&AO=1,2026-08-02T22:30:00+09:00,https://living.hyundailivart.co.kr/p/P200188587
615,수납장/서랍장,,가구 > 수납장/서랍장,P100026139,리바트,[클리어런스] 플랜트 박스,판매 중,클리어런스,100,13100075000,43,https://living.hyundailivart.co.kr/p/P100026139,,2026-08-02T22:30:00+09:00,https://living.hyundailivart.co.kr/p/P100026139
616,침대/매트리스,,가구 > 침대/매트리스,P200100812,리바트,에스테틱 침대 사이드 원목 협탁,판매 중,,,154000,,https://living.hyundailivart.co.kr/p/P200100812,https://static.hyundailivart.co.kr/upload_mall/goods/P200100812/GM42044216_img.jpg?RS=0X250&CS=250X250&AO=1,2026-08-02T22:30:00+09:00,https://living.hyundailivart.co.kr/p/P200100812
617,침대/매트리스,,가구 > 침대/매트리스,P200091704,리바트,[클리어런스] 코코니 수납침대 안전가드,판매 중,클리어런스,100,12400065500,47,https://living.hyundailivart.co.kr/p/P200091704,https://static.hyundailivart.co.kr/upload_mall/goods/P200091704/GM41857656_img.jpg?RS=0X250&CS=250X250&AO=1,2026-08-02T22:30:00+09:00,https://living.hyundailivart.co.kr/p/P200091704
618,침대/매트리스,,가구 > 침대/매트리스,P200191623,리바트,리버서블 가죽 침대 측면가드 500,판매 중,,,130000,,https://living.hyundailivart.co.kr/p/P200191623,https://static.hyundailivart.co.kr/upload_mall/goods/P200191623/GM43732085_img.jpg?RS=0X250&CS=250X250&AO=1,2026-08-02T22:30:00+09:00,https://living.hyundailivart.co.kr/p/P200191623
619,침대/매트리스,,가구 > 침대/매트리스,P200198684,리바트 세계가구,[클리어런스] 세이치즈 리코타 양모 토퍼,판매 중,클리어런스,100,12200069700,43,https://living.hyundailivart.co.kr/p/P200198684,https://static.hyundailivart.co.kr/upload_mall/goods/P200198684/GM43962892_img.png?RS=0X250&CS=250X250&AO=1,2026-08-02T22:30:00+09:00,https://living.hyundailivart.co.kr/p/P200198684
620,침대/매트리스,,가구 > 침대/매트리스,P200091695,리바트,[클리어런스] 코코니 수납침대 수납 계단,판매 중,클리어런스,100,13500068400,49,https://living.hyundailivart.co.kr/p/P200091695,https://static.hyundailivart.co.kr/upload_mall/goods/P200091695/GM41857679_img.jpg?RS=0X250&CS=250X250&AO=1,2026-08-02T22:30:00+09:00,https://living.hyundailivart.co.kr/p/P200091695
621,키즈/주니어,,가구 > 키즈/주니어,P200191500,리바트,[클리어런스] 앤모어 침대 가드,판매 중,클리어런스,100,7700062700,19,https://living.hyundailivart.co.kr/p/P200191500,https://static.hyundailivart.co.kr/upload_mall/goods/P200191500/GM43740568_img.jpg?RS=0X250&CS=250X250&AO=1,2026-08-02T22:30:00+09:00,https://living.hyundailivart.co.kr/p/P200191500
622,침대/매트리스,,가구 > 침대/매트리스,P200203821,리바트,스와니에 침대 사이드 테이블 (350 패널용),판매 중,,,129000,,https://living.hyundailivart.co.kr/p/P200203821,https://static.hyundailivart.co.kr/upload_mall/goods/P200203821/GM44105152_img.jpg?RS=0X250&CS=250X250&AO=1,2026-08-02T22:30:00+09:00,https://living.hyundailivart.co.kr/p/P200203821
623,침대/매트리스,,가구 > 침대/매트리스,P200202824,리바트,"210 리버서블 매트리스 전용 패드 (SS,Q,LK)",판매 중,,,144000,,https://living.hyundailivart.co.kr/p/P200202824,https://static.hyundailivart.co.kr/upload_mall/goods/P200202824/GM44082729_img.jpg?RS=0X250&CS=250X250&AO=1,2026-08-02T22:30:00+09:00,https://living.hyundailivart.co.kr/p/P200202824
624,침대/매트리스,,가구 > 침대/매트리스,P200199571,리바트,레브 침대 프레임 오크 SS/Q/LK (터치조명포함),판매 중,,,795000,,https://living.hyundailivart.co.kr/p/P200199571,,2026-08-02T22:30:00+09:00,https://living.hyundailivart.co.kr/p/P200199571
625,침대/매트리스,,가구 > 침대/매트리스,P200199550,리바트,레브 침대 확장 패널 오크 (터치조명포함),판매 중,,,283000,,https://living.hyundailivart.co.kr/p/P200199550,https://static.hyundailivart.co.kr/upload_mall/goods/P200199550/GM43997375_img.jpg?RS=0X250&CS=250X250&AO=1,2026-08-02T22:30:00+09:00,https://living.hyundailivart.co.kr/p/P200199550
626,침대/매트리스,,가구 > 침대/매트리스,P200199549,리바트,레브 침대 확장 패널 화이트 (터치조명포함),판매 중,,,283000,,https://living.hyundailivart.co.kr/p/P200199549,https://static.hyundailivart.co.kr/upload_mall/goods/P200199549/GM43997385_img.jpg?RS=0X250&CS=250X250&AO=1,2026-08-02T22:30:00+09:00,https://living.hyundailivart.co.kr/p/P200199549
627,침대/매트리스,,가구 > 침대/매트리스,P200199502,리바트,스와니에 킹오브킹 침대 프레임 (일반/평상/서랍형),판매 중,,,1207000,,https://living.hyundailivart.co.kr/p/P200199502,https://static.hyundailivart.co.kr/upload_mall/goods/P200198539/GM43960321_img.jpg?RS=0X250&CS=250X250&AO=1,2026-08-02T22:30:00+09:00,https://living.hyundailivart.co.kr/p/P200199502
628,침대/매트리스,,가구 > 침대/매트리스,P200198892,리바트,휴 모던 침대용 확장형 패널 (선반 포함),판매 중,,,180000,,https://living.hyundailivart.co.kr/p/P200198892,https://static.hyundailivart.co.kr/upload_mall/goods/P200198892/GM43980006_img.jpg?RS=0X250&CS=250X250&AO=1,2026-08-02T22:30:00+09:00,https://living.hyundailivart.co.kr/p/P200198892
629,키즈/주니어,,가구 > 키즈/주니어,P200198660,리바트집테리어,THE ROOM 더룸 중고등 학습집중 슈퍼싱글 침대,판매 중,,100,618000534200,14,https://living.hyundailivart.co.kr/p/P200198660,https://static.hyundailivart.co.kr/upload_mall/goods/P200198660/GM43957459_img.jpg?RS=0X250&CS=250X250&AO=1,2026-08-02T22:30:00+09:00,https://living.hyundailivart.co.kr/p/P200198660
630,침대/매트리스,,가구 > 침대/매트리스,P200198544,리바트,스와니에 침대 확장 패널 500 기능형,판매 중,,100,455000318500,30,https://living.hyundailivart.co.kr/p/P200198544,https://static.hyundailivart.co.kr/upload_mall/goods/P200198544/GM43960915_img.jpg?RS=0X250&CS=250X250&AO=1,2026-08-02T22:30:00+09:00,https://living.hyundailivart.co.kr/p/P200198544
631,침대/매트리스,,가구 > 침대/매트리스,P200198543,리바트,스와니에 침대 확장 패널 500 일반형,판매 중,,100,277000193900,30,https://living.hyundailivart.co.kr/p/P200198543,https://static.hyundailivart.co.kr/upload_mall/goods/P200198543/GM43960905_img.jpg?RS=0X250&CS=250X250&AO=1,2026-08-02T22:30:00+09:00,https://living.hyundailivart.co.kr/p/P200198543
632,침대/매트리스,,가구 > 침대/매트리스,P200198541,리바트,스와니에 침대 확장 패널 350 일반형,판매 중,,100,247000172900,30,https://living.hyundailivart.co.kr/p/P200198541,https://static.hyundailivart.co.kr/upload_mall/goods/P200198541/GM43960885_img.jpg?RS=0X250&CS=250X250&AO=1,2026-08-02T22:30:00+09:00,https://living.hyundailivart.co.kr/p/P200198541
633,침대/매트리스,,가구 > 침대/매트리스,P200197217,리바트,"엔슬립 프라움 럭스 매트리스 (SS,Q,LK)",판매 중,,100,17610001497000,15,https://living.hyundailivart.co.kr/p/P200197217,https://static.hyundailivart.co.kr/upload_mall/goods/P200197217/GM43918874_img.jpg?RS=0X250&CS=250X250&AO=1,2026-08-02T22:30:00+09:00,https://living.hyundailivart.co.kr/p/P200197217
634,침대/매트리스,,가구 > 침대/매트리스,P200197204,리바트,"엔슬립 프라움 네오 매트리스 (SS,Q,LK)",판매 중,,100,1062000903000,15,https://living.hyundailivart.co.kr/p/P200197204,https://static.hyundailivart.co.kr/upload_mall/goods/P200197204/GM43899604_img.jpg?RS=0X250&CS=250X250&AO=1,2026-08-02T22:30:00+09:00,https://living.hyundailivart.co.kr/p/P200197204
635,침대/매트리스,,가구 > 침대/매트리스,P200196019,리바트,"엔슬립 리베르타 토퍼 (SS,Q,LK,KK)",판매 중,,,610000,,https://living.hyundailivart.co.kr/p/P200196019,https://static.hyundailivart.co.kr/upload_mall/goods/P200196019/GM43866659_img.png?RS=0X250&CS=250X250&AO=1,2026-08-02T22:30:00+09:00,https://living.hyundailivart.co.kr/p/P200196019
636,침대/매트리스,,가구 > 침대/매트리스,P200196014,리바트,"엔슬립 리베르타 매트리스 (SS,Q,LK,KK)",판매 중,,,3180000,,https://living.hyundailivart.co.kr/p/P200196014,https://static.hyundailivart.co.kr/upload_mall/goods/P200196014/GM43866687_img.png?RS=0X250&CS=250X250&AO=1,2026-08-02T22:30:00+09:00,https://living.hyundailivart.co.kr/p/P200196014
637,침대/매트리스,,가구 > 침대/매트리스,P200194557,리바트,에스테틱 더 블렌딩 침대 확장 패널 700,판매 중,,100,464000260000,44,https://living.hyundailivart.co.kr/p/P200194557,https://static.hyundailivart.co.kr/upload_mall/goods/P200194557/GM43800909_img.jpg?RS=0X250&CS=250X250&AO=1,2026-08-02T22:30:00+09:00,https://living.hyundailivart.co.kr/p/P200194557
638,침대/매트리스,,가구 > 침대/매트리스,P200194556,리바트,"에스테틱 침대 확장 패널 800, 1000",판매 중,,100,441000180000,59,https://living.hyundailivart.co.kr/p/P200194556,https://static.hyundailivart.co.kr/upload_mall/goods/P200194556/GM43800905_img.jpg?RS=0X250&CS=250X250&AO=1,2026-08-02T22:30:00+09:00,https://living.hyundailivart.co.kr/p/P200194556
639,침대/매트리스,,가구 > 침대/매트리스,P200194499,리바트,[클리어런스] 프라하 패브릭 침대 헤드보드 대형 기능형,판매 중,클리어런스,100,384000356200,7,https://living.hyundailivart.co.kr/p/P200194499,https://static.hyundailivart.co.kr/upload_mall/goods/P200194499/GM43837284_img.jpg?RS=0X250&CS=250X250&AO=1,2026-08-02T22:30:00+09:00,https://living.hyundailivart.co.kr/p/P200194499
640,침대/매트리스,,가구 > 침대/매트리스,P200194493,리바트,[클리어런스] 프라하 패브릭 침대 헤드보드 소형 기능형,판매 중,클리어런스,100,304000281200,7,https://living.hyundailivart.co.kr/p/P200194493,https://static.hyundailivart.co.kr/upload_mall/goods/P200194493/GM43837255_img.jpg?RS=0X250&CS=250X250&AO=1,2026-08-02T22:30:00+09:00,https://living.hyundailivart.co.kr/p/P200194493
641,침대/매트리스,,가구 > 침대/매트리스,P200194490,리바트,[클리어런스] 프라하 패브릭 침대 헤드보드 소형,판매 중,클리어런스,100,131000115900,12,https://living.hyundailivart.co.kr/p/P200194490,https://static.hyundailivart.co.kr/upload_mall/goods/P200194490/GM43837219_img.jpg?RS=0X250&CS=250X250&AO=1,2026-08-02T22:30:00+09:00,https://living.hyundailivart.co.kr/p/P200194490
642,침대/매트리스,,가구 > 침대/매트리스,P200194484,리바트,[클리어런스] 프라하 패브릭 라지킹 침대 프레임 일반형,판매 중,클리어런스,100,884000779000,12,https://living.hyundailivart.co.kr/p/P200194484,https://static.hyundailivart.co.kr/upload_mall/goods/P200194484/GM43837131_img.jpg?RS=0X250&CS=250X250&AO=1,2026-08-02T22:30:00+09:00,https://living.hyundailivart.co.kr/p/P200194484
643,침대/매트리스,,가구 > 침대/매트리스,P200194483,리바트,[클리어런스] 프라하 패브릭 퀸 침대 프레임 확장형,판매 중,클리어런스,100,1007000904400,10,https://living.hyundailivart.co.kr/p/P200194483,https://static.hyundailivart.co.kr/upload_mall/goods/P200194483/GM43837092_img.jpg?RS=0X250&CS=250X250&AO=1,2026-08-02T22:30:00+09:00,https://living.hyundailivart.co.kr/p/P200194483
644,침대/매트리스,,가구 > 침대/매트리스,P200194474,리바트,[클리어런스] 프라하 패브릭 슈퍼싱글 침대 프레임 확장형,판매 중,클리어런스,100,823000742900,10,https://living.hyundailivart.co.kr/p/P200194474,https://static.hyundailivart.co.kr/upload_mall/goods/P200194474/GM43836866_img.jpg?RS=0X250&CS=250X250&AO=1,2026-08-02T22:30:00+09:00,https://living.hyundailivart.co.kr/p/P200194474
645,침대/매트리스,,가구 > 침대/매트리스,P200191635,리바트,리버서블 가죽 라지킹 침대 슬림형 풋보드,판매 중,,,402000,,https://living.hyundailivart.co.kr/p/P200191635,https://static.hyundailivart.co.kr/upload_mall/goods/P200191635/GM43732115_img.jpg?RS=0X250&CS=250X250&AO=1,2026-08-02T22:30:00+09:00,https://living.hyundailivart.co.kr/p/P200191635
646,침대/매트리스,,가구 > 침대/매트리스,P200191627,리바트,리버서블 가죽 슈퍼싱글 침대 슬림형 풋보드,판매 중,,,200000,,https://living.hyundailivart.co.kr/p/P200191627,https://static.hyundailivart.co.kr/upload_mall/goods/P200191627/GM43732095_img.jpg?RS=0X250&CS=250X250&AO=1,2026-08-02T22:30:00+09:00,https://living.hyundailivart.co.kr/p/P200191627
647,침대/매트리스,,가구 > 침대/매트리스,P200191619,리바트,리버서블 가죽 침대 측면가드 2000,판매 중,,,312000,,https://living.hyundailivart.co.kr/p/P200191619,https://static.hyundailivart.co.kr/upload_mall/goods/P200191619/GM43732125_img.jpg?RS=0X250&CS=250X250&AO=1,2026-08-02T22:30:00+09:00,https://living.hyundailivart.co.kr/p/P200191619
648,침대/매트리스,,가구 > 침대/매트리스,P200191615,리바트,리버서블 가죽 패밀리 침대 프레임 슬림형 한쪽 가드Q+SS,판매 중,,,1668000,,https://living.hyundailivart.co.kr/p/P200191615,https://static.hyundailivart.co.kr/upload_mall/goods/P200191615/GM43732049_img.jpg?RS=0X250&CS=250X250&AO=1,2026-08-02T22:30:00+09:00,https://living.hyundailivart.co.kr/p/P200191615
649,침대/매트리스,,가구 > 침대/매트리스,P200191611,리바트,리버서블 가죽 패밀리 침대 프레임 슬림형 Q+SS,판매 중,,,1356000,,https://living.hyundailivart.co.kr/p/P200191611,https://static.hyundailivart.co.kr/upload_mall/goods/P200191611/GM44085173_img.jpg?RS=0X250&CS=250X250&AO=1,2026-08-02T22:30:00+09:00,https://living.hyundailivart.co.kr/p/P200191611
650,침대/매트리스,,가구 > 침대/매트리스,P200191607,리바트,리버서블 가죽 라지킹 침대 프레임 슬림형,판매 중,,,952000,,https://living.hyundailivart.co.kr/p/P200191607,https://static.hyundailivart.co.kr/upload_mall/goods/P200191607/GM43732022_img.jpg?RS=0X250&CS=250X250&AO=1,2026-08-02T22:30:00+09:00,https://living.hyundailivart.co.kr/p/P200191607
651,침대/매트리스,,가구 > 침대/매트리스,P200191603,리바트,리버서블 가죽 퀸 침대 프레임 슬림형,판매 중,,,769000,,https://living.hyundailivart.co.kr/p/P200191603,https://static.hyundailivart.co.kr/upload_mall/goods/P200191603/GM43732008_img.jpg?RS=0X250&CS=250X250&AO=1,2026-08-02T22:30:00+09:00,https://living.hyundailivart.co.kr/p/P200191603
652,침대/매트리스,,가구 > 침대/매트리스,P200191599,리바트,리버서블 가죽 슈퍼싱글 침대 프레임 슬림형,판매 중,,,587000,,https://living.hyundailivart.co.kr/p/P200191599,https://static.hyundailivart.co.kr/upload_mall/goods/P200191599/GM43730553_img.jpg?RS=0X250&CS=250X250&AO=1,2026-08-02T22:30:00+09:00,https://living.hyundailivart.co.kr/p/P200191599
653,키즈/주니어,,가구 > 키즈/주니어,P200191488,리바트,[클리어런스] 앤모어 슈퍼싱글 침대 프레임 전면가드형,판매 중,클리어런스,100,907000721000,21,https://living.hyundailivart.co.kr/p/P200191488,https://static.hyundailivart.co.kr/upload_mall/goods/P200191488/GM43729685_img.jpg?RS=0X250&CS=250X250&AO=1,2026-08-02T22:30:00+09:00,https://living.hyundailivart.co.kr/p/P200191488
654,키즈/주니어,,가구 > 키즈/주니어,P200191487,리바트,[클리어런스] 앤모어 슈퍼싱글 침대 프레임 데이베드형,판매 중,클리어런스,100,970000773300,20,https://living.hyundailivart.co.kr/p/P200191487,https://static.hyundailivart.co.kr/upload_mall/goods/P200191487/GM43733250_img.jpg?RS=0X250&CS=250X250&AO=1,2026-08-02T22:30:00+09:00,https://living.hyundailivart.co.kr/p/P200191487
655,침대/매트리스,,가구 > 침대/매트리스,P200191177,리바트,레지던스 가죽 침대 프레임 슬림형,판매 중,,,1452000,,https://living.hyundailivart.co.kr/p/P200191177,https://static.hyundailivart.co.kr/upload_mall/goods/P200191177/GM43711650_img.jpg?RS=0X250&CS=250X250&AO=1,2026-08-02T22:30:00+09:00,https://living.hyundailivart.co.kr/p/P200191177
656,침대/매트리스,,가구 > 침대/매트리스,P200183735,리바트,리버서블 침대 협탁,판매 중,,,158000,,https://living.hyundailivart.co.kr/p/P200183735,https://static.hyundailivart.co.kr/upload_mall/goods/P200183735/GM43531158_img.jpg?RS=0X250&CS=250X250&AO=1,2026-08-02T22:30:00+09:00,https://living.hyundailivart.co.kr/p/P200183735
657,침대/매트리스,,가구 > 침대/매트리스,P200183724,리바트,리버서블 침대 충전식 조명,판매 중,,,99000,,https://living.hyundailivart.co.kr/p/P200183724,https://static.hyundailivart.co.kr/upload_mall/goods/P200183724/GM43531173_img.jpg?RS=0X250&CS=250X250&AO=1,2026-08-02T22:30:00+09:00,https://living.hyundailivart.co.kr/p/P200183724
658,침대/매트리스,,가구 > 침대/매트리스,P200183653,리바트,리버서블 침대 측면가드,판매 중,,,382000,,https://living.hyundailivart.co.kr/p/P200183653,https://static.hyundailivart.co.kr/upload_mall/goods/P200183653/GM43531230_img.jpg?RS=0X250&CS=250X250&AO=1,2026-08-02T22:30:00+09:00,https://living.hyundailivart.co.kr/p/P200183653
659,침대/매트리스,,가구 > 침대/매트리스,P200183634,리바트,리버서블 패밀리 침대 프레임 쿠션형 한쪽 가드Q+SS,판매 중,,,2020000,,https://living.hyundailivart.co.kr/p/P200183634,https://static.hyundailivart.co.kr/upload_mall/goods/P200183634/GM43531438_img.jpg?RS=0X250&CS=250X250&AO=1,2026-08-02T22:30:00+09:00,https://living.hyundailivart.co.kr/p/P200183634
660,침대/매트리스,,가구 > 침대/매트리스,P200183626,리바트,리버서블 패밀리 침대 프레임 슬림형 한쪽 가드Q+SS,판매 중,,,1798000,,https://living.hyundailivart.co.kr/p/P200183626,https://static.hyundailivart.co.kr/upload_mall/goods/P200183626/GM43531353_img.jpg?RS=0X250&CS=250X250&AO=1,2026-08-02T22:30:00+09:00,https://living.hyundailivart.co.kr/p/P200183626
661,침대/매트리스,,가구 > 침대/매트리스,P200183604,리바트,리버서블 패밀리 침대 프레임 쿠션형 Q+SS,판매 중,,,1638000,,https://living.hyundailivart.co.kr/p/P200183604,https://static.hyundailivart.co.kr/upload_mall/goods/P200183604/GM43531428_img.jpg?RS=0X250&CS=250X250&AO=1,2026-08-02T22:30:00+09:00,https://living.hyundailivart.co.kr/p/P200183604
662,침대/매트리스,,가구 > 침대/매트리스,P200183600,리바트,리버서블 패밀리 침대 프레임 슬림형 Q+SS,판매 중,,,1416000,,https://living.hyundailivart.co.kr/p/P200183600,https://static.hyundailivart.co.kr/upload_mall/goods/P200183600/GM43531343_img.jpg?RS=0X250&CS=250X250&AO=1,2026-08-02T22:30:00+09:00,https://living.hyundailivart.co.kr/p/P200183600
663,침대/매트리스,,가구 > 침대/매트리스,P200183596,리바트,리버서블 라지킹 침대 프레임 쿠션형,판매 중,,,1094000,,https://living.hyundailivart.co.kr/p/P200183596,https://static.hyundailivart.co.kr/upload_mall/goods/P200183596/GM43531400_img.jpg?RS=0X250&CS=250X250&AO=1,2026-08-02T22:30:00+09:00,https://living.hyundailivart.co.kr/p/P200183596
664,침대/매트리스,,가구 > 침대/매트리스,P200183592,리바트,리버서블 라지킹 침대 프레임 슬림형,판매 중,,,982000,,https://living.hyundailivart.co.kr/p/P200183592,https://static.hyundailivart.co.kr/upload_mall/goods/P200183592/GM43531333_img.jpg?RS=0X250&CS=250X250&AO=1,2026-08-02T22:30:00+09:00,https://living.hyundailivart.co.kr/p/P200183592
665,침대/매트리스,,가구 > 침대/매트리스,P200183588,리바트,리버서블 퀸 침대 프레임 쿠션형,판매 중,,,910000,,https://living.hyundailivart.co.kr/p/P200183588,https://static.hyundailivart.co.kr/upload_mall/goods/P200183588/GM43531378_img.jpg?RS=0X250&CS=250X250&AO=1,2026-08-02T22:30:00+09:00,https://living.hyundailivart.co.kr/p/P200183588
666,침대/매트리스,,가구 > 침대/매트리스,P200183584,리바트,리버서블 퀸 침대 프레임 슬림형,판매 중,,,799000,,https://living.hyundailivart.co.kr/p/P200183584,https://static.hyundailivart.co.kr/upload_mall/goods/P200183584/GM43531314_img.jpg?RS=0X250&CS=250X250&AO=1,2026-08-02T22:30:00+09:00,https://living.hyundailivart.co.kr/p/P200183584
667,침대/매트리스,,가구 > 침대/매트리스,P200183580,리바트,리버서블 슈퍼싱글 침대 프레임 쿠션형,판매 중,,,728000,,https://living.hyundailivart.co.kr/p/P200183580,https://static.hyundailivart.co.kr/upload_mall/goods/P200183580/GM43531368_img.jpg?RS=0X250&CS=250X250&AO=1,2026-08-02T22:30:00+09:00,https://living.hyundailivart.co.kr/p/P200183580
668,침대/매트리스,,가구 > 침대/매트리스,P200183576,리바트,리버서블 슈퍼싱글 침대 프레임 슬림형,판매 중,,,617000,,https://living.hyundailivart.co.kr/p/P200183576,https://static.hyundailivart.co.kr/upload_mall/goods/P200183576/GM43531258_img.jpg?RS=0X250&CS=250X250&AO=1,2026-08-02T22:30:00+09:00,https://living.hyundailivart.co.kr/p/P200183576
669,침대/매트리스,,가구 > 침대/매트리스,P200183572,리바트,지누스 포레스트워크S 하이브리드 매트리스 유로박스탑,판매 중,,100,12490001062000,15,https://living.hyundailivart.co.kr/p/P200183572,https://static.hyundailivart.co.kr/upload_mall/goods/P200183572/GM43535635_img.png?RS=0X250&CS=250X250&AO=1,2026-08-02T22:30:00+09:00,https://living.hyundailivart.co.kr/p/P200183572
670,침대/매트리스,,가구 > 침대/매트리스,P200183569,리바트,지누스 포레스트워크S 하이브리드 매트리스 타이트탑,판매 중,,100,1060000902000,15,https://living.hyundailivart.co.kr/p/P200183569,https://static.hyundailivart.co.kr/upload_mall/goods/P200183569/GM43535609_img.png?RS=0X250&CS=250X250&AO=1,2026-08-02T22:30:00+09:00,https://living.hyundailivart.co.kr/p/P200183569
671,키즈/주니어,,가구 > 키즈/주니어,P200176343,리바트,코이 클라우드 침대 가드,판매 중,,100,10300069000,33,https://living.hyundailivart.co.kr/p/P200176343,https://static.hyundailivart.co.kr/upload_mall/goods/P200176343/GM43419311_img.jpg?RS=0X250&CS=250X250&AO=1,2026-08-02T22:30:00+09:00,https://living.hyundailivart.co.kr/p/P200176343
672,침대/매트리스,,가구 > 침대/매트리스,P200170107,리바트,지누스 포레스트워크S 폼 매트리스,판매 중,,100,12800001089000,15,https://living.hyundailivart.co.kr/p/P200170107,https://static.hyundailivart.co.kr/upload_mall/goods/P200170107/GM43317812_img.png?RS=0X250&CS=250X250&AO=1,2026-08-02T22:30:00+09:00,https://living.hyundailivart.co.kr/p/P200170107
673,침대/매트리스,,가구 > 침대/매트리스,P200169710,리바트,레지던스 가죽 침대 프레임,판매 중,,,2051000,,https://living.hyundailivart.co.kr/p/P200169710,https://static.hyundailivart.co.kr/upload_mall/goods/P200169710/GM43340742_img.jpg?RS=0X250&CS=250X250&AO=1,2026-08-02T22:30:00+09:00,https://living.hyundailivart.co.kr/p/P200169710
674,키즈/주니어,,가구 > 키즈/주니어,P200157276,리바트,커먼베드 패널 일반형 슈퍼싱글 침대 프레임,판매 중,,,635000,,https://living.hyundailivart.co.kr/p/P200157276,https://static.hyundailivart.co.kr/upload_mall/goods/P200129389/GM42555614_img.jpg?RS=0X250&CS=250X250&AO=1,2026-08-02T22:30:00+09:00,https://living.hyundailivart.co.kr/p/P200157276
675,침대/매트리스,,가구 > 침대/매트리스,P200134174,리바트,[클리어런스] 엔슬립 파밀리아 라지킹 매트리스,판매 중,클리어런스,100,688000475000,31,https://living.hyundailivart.co.kr/p/P200134174,https://static.hyundailivart.co.kr/upload_mall/goods/P200134174/GM43869837_img.png?RS=0X250&CS=250X250&AO=1,2026-08-02T22:30:00+09:00,https://living.hyundailivart.co.kr/p/P200134174
676,침대/매트리스,,가구 > 침대/매트리스,P200134159,리바트,[클리어런스] 엔슬립 웰니스 퀸 폼 매트리스,판매 중,클리어런스,100,882000610000,31,https://living.hyundailivart.co.kr/p/P200134159,https://static.hyundailivart.co.kr/upload_mall/goods/P200134159/GM43869843_img.png?RS=0X250&CS=250X250&AO=1,2026-08-02T22:30:00+09:00,https://living.hyundailivart.co.kr/p/P200134159
677,키즈/주니어,,가구 > 키즈/주니어,P200129389,리바트,커먼베드 패널형 슈퍼싱글 침대 프레임,판매 중,,,635000,,https://living.hyundailivart.co.kr/p/P200129389,https://static.hyundailivart.co.kr/upload_mall/goods/P200129389/GM42555614_img.jpg?RS=0X250&CS=250X250&AO=1,2026-08-02T22:30:00+09:00,https://living.hyundailivart.co.kr/p/P200129389
678,침대/매트리스,,가구 > 침대/매트리스,P200103593,리바트,코펜하겐 킹오브킹 침대 프레임 미드브라운,판매 중,,,1330000,,https://living.hyundailivart.co.kr/p/P200103593,https://static.hyundailivart.co.kr/upload_mall/goods/P200103593/GM42065797_img.jpg?RS=0X250&CS=250X250&AO=1,2026-08-02T22:30:00+09:00,https://living.hyundailivart.co.kr/p/P200103593
679,침대/매트리스,,가구 > 침대/매트리스,P200100808,리바트,에스테틱 침대 사이드 스틸 협탁,판매 중,,,194000,,https://living.hyundailivart.co.kr/p/P200100808,https://static.hyundailivart.co.kr/upload_mall/goods/P200100808/GM43832529_img.jpg?RS=0X250&CS=250X250&AO=1,2026-08-02T22:30:00+09:00,https://living.hyundailivart.co.kr/p/P200100808
680,침대/매트리스,,가구 > 침대/매트리스,P200040833,리바트,휴 모던 협탁,판매 중,,,279000,,https://living.hyundailivart.co.kr/p/P200040833,,2026-08-02T22:30:00+09:00,https://living.hyundailivart.co.kr/p/P200040833
681,키즈/주니어,,가구 > 키즈/주니어,P200024882,리바트키즈,소근소근책방 침대(가드별도),판매 중,,,739000,,https://living.hyundailivart.co.kr/p/P200024882,https://static.hyundailivart.co.kr/upload_mall/goods/P200024882/GM40324484_img.jpg?RS=0X250&CS=250X250&AO=1,2026-08-02T22:30:00+09:00,https://living.hyundailivart.co.kr/p/P200024882
682,키즈/주니어,,가구 > 키즈/주니어,P200024857,리바트키즈,블루라벨 스쿨톡톡 1단 싱글침대 프레임,판매 중,,,637000,,https://living.hyundailivart.co.kr/p/P200024857,https://static.hyundailivart.co.kr/upload_mall/goods/P200024857/GM40298549_img.jpg?RS=0X250&CS=250X250&AO=1,2026-08-02T22:30:00+09:00,https://living.hyundailivart.co.kr/p/P200024857
683,침대/매트리스,,가구 > 침대/매트리스,P200021798,리바트,베네른 패밀리 원목침대 체결용 브라켓 (2EA),판매 중,,100,200006000,70,https://living.hyundailivart.co.kr/p/P200021798,https://static.hyundailivart.co.kr/upload_mall/goods/P200021798/GM40197797_img.jpg?RS=0X250&CS=250X250&AO=1,2026-08-02T22:30:00+09:00,https://living.hyundailivart.co.kr/p/P200021798
684,침대/매트리스,,가구 > 침대/매트리스,P200021101,리바트,블랑쉬 침대 500 확장 패널 기능형,판매 중,,,323000,,https://living.hyundailivart.co.kr/p/P200021101,https://static.hyundailivart.co.kr/upload_mall/goods/P200021101/GM40198107_img.jpg?RS=0X250&CS=250X250&AO=1,2026-08-02T22:30:00+09:00,https://living.hyundailivart.co.kr/p/P200021101
685,침대/매트리스,,가구 > 침대/매트리스,P200018242,리바트,코펜하겐 침대 확장 패널,판매 중,,,115000,,https://living.hyundailivart.co.kr/p/P200018242,https://static.hyundailivart.co.kr/upload_mall/goods/P200018242/GM40221052_img.jpg?RS=0X250&CS=250X250&AO=1,2026-08-02T22:30:00+09:00,https://living.hyundailivart.co.kr/p/P200018242
686,침대/매트리스,,가구 > 침대/매트리스,P100032300,리바트,베네른 침대 가드,판매 중,,100,13400040000,70,https://living.hyundailivart.co.kr/p/P100032300,,2026-08-02T22:30:00+09:00,https://living.hyundailivart.co.kr/p/P100032300
687,침대/매트리스,,가구 > 침대/매트리스,P100029719,리바트,[클리어런스] 헤닝 호텔형 침대 사이드 확장 패널,판매 중,클리어런스,100,13300085000,36,https://living.hyundailivart.co.kr/p/P100029719,https://static.hyundailivart.co.kr/upload_mall/goods/P100029719/C200036405_OPT1.jpg?RS=0X22&CS=22X22&AO=1,2026-08-02T22:30:00+09:00,https://living.hyundailivart.co.kr/p/P100029719
688,침대/매트리스,,가구 > 침대/매트리스,P100028069,리바트,코펜하겐 슈퍼싱글 침대 프레임,판매 중,,,751000,,https://living.hyundailivart.co.kr/p/P100028069,https://static.hyundailivart.co.kr/upload_mall/goods/P100028069/GM42065726_img.jpg?RS=0X250&CS=250X250&AO=1,2026-08-02T22:30:00+09:00,https://living.hyundailivart.co.kr/p/P100028069
689,침대/매트리스,,가구 > 침대/매트리스,P100028052,리바트,코펜하겐 라지킹 침대 프레임,판매 중,,,1141000,,https://living.hyundailivart.co.kr/p/P100028052,,2026-08-02T22:30:00+09:00,https://living.hyundailivart.co.kr/p/P100028052
690,침대/매트리스,,가구 > 침대/매트리스,P100027720,리바트,코펜하겐 퀸 침대 프레임,판매 중,,,955000,,https://living.hyundailivart.co.kr/p/P100027720,,2026-08-02T22:30:00+09:00,https://living.hyundailivart.co.kr/p/P100027720
691,키즈/주니어,,가구 > 키즈/주니어,P100026904,리바트,[클리어런스] 꼼므 주니어 싱글 고탄성폼 지퍼커버 매트리스,판매 중,클리어런스,100,191000177600,7,https://living.hyundailivart.co.kr/p/P100026904,https://static.hyundailivart.co.kr/upload_mall/goods/P100026904/GM10082644_img.png?RS=0X250&CS=250X250&AO=1,2026-08-02T22:30:00+09:00,https://living.hyundailivart.co.kr/p/P100026904
692,키즈/주니어,,가구 > 키즈/주니어,P100026892,리바트,"[클리어런스] 꼼므 주니어 2단 슬라이딩 수납 침대 (매트,가드 별도)",판매 중,클리어런스,100,910000771400,15,https://living.hyundailivart.co.kr/p/P100026892,https://static.hyundailivart.co.kr/upload_mall/goods/P100026892/GM10082636_img.jpg?RS=0X250&CS=250X250&AO=1,2026-08-02T22:30:00+09:00,https://living.hyundailivart.co.kr/p/P100026892
693,침대/매트리스,,가구 > 침대/매트리스,P100026101,리바트,[클리어런스] 필로시 모던 퀸 침대 프레임 멀티수납형 (1단 서랍 3칸),판매 중,클리어런스,100,836000641200,23,https://living.hyundailivart.co.kr/p/P100026101,https://static.hyundailivart.co.kr/upload_mall/goods/P100026101/GM40721287_img.jpg?RS=0X250&CS=250X250&AO=1,2026-08-02T22:30:00+09:00,https://living.hyundailivart.co.kr/p/P100026101
694,침대/매트리스,,가구 > 침대/매트리스,P100026031,리바트,[클리어런스] 필로시 모던 슈퍼싱글 침대 프레임,판매 중,클리어런스,100,510000416100,18,https://living.hyundailivart.co.kr/p/P100026031,https://static.hyundailivart.co.kr/upload_mall/goods/P100026031/GM40720650_img.jpg?RS=0X250&CS=250X250&AO=1,2026-08-02T22:30:00+09:00,https://living.hyundailivart.co.kr/p/P100026031
695,침대/매트리스,,가구 > 침대/매트리스,P100025405,리바트,[클리어런스] 데이지 침대 사이드 확장 패널,판매 중,클리어런스,100,204000186200,9,https://living.hyundailivart.co.kr/p/P100025405,https://static.hyundailivart.co.kr/upload_mall/goods/P100025405/GM40116522_img.jpg?RS=0X250&CS=250X250&AO=1,2026-08-02T22:30:00+09:00,https://living.hyundailivart.co.kr/p/P100025405
696,침대/매트리스,,가구 > 침대/매트리스,P100024592,리바트,[클리어런스] 데이지 슈퍼싱글 침대 프레임 양면 패널형,판매 중,클리어런스,100,835000772300,8,https://living.hyundailivart.co.kr/p/P100024592,,2026-08-02T22:30:00+09:00,https://living.hyundailivart.co.kr/p/P100024592
697,침대/매트리스,,가구 > 침대/매트리스,P100024589,리바트,[클리어런스] 데이지 퀸 침대 프레임 양면 패널형,판매 중,클리어런스,100,962000869200,10,https://living.hyundailivart.co.kr/p/P100024589,,2026-08-02T22:30:00+09:00,https://living.hyundailivart.co.kr/p/P100024589
698,침대/매트리스,,가구 > 침대/매트리스,P100023603,리바트,[클리어런스] 뉴트 저상형 패밀리침대 프레임 도어형Q+SS,판매 중,클리어런스,100,1040000556700,46,https://living.hyundailivart.co.kr/p/P100023603,,2026-08-02T22:30:00+09:00,https://living.hyundailivart.co.kr/p/P100023603
699,침대/매트리스,,가구 > 침대/매트리스,P100023585,리바트,[클리어런스] 뉴트 저상형 패밀리침대 프레임 수납형Q+SS,판매 중,클리어런스,100,999000535800,46,https://living.hyundailivart.co.kr/p/P100023585,,2026-08-02T22:30:00+09:00,https://living.hyundailivart.co.kr/p/P100023585
700,키즈/주니어,,가구 > 키즈/주니어,P100016115,리바트키즈,오두막 침대 전용 접이식 슈퍼싱글 매트리스,판매 중,,,272000,,https://living.hyundailivart.co.kr/p/P100016115,,2026-08-02T22:30:00+09:00,https://living.hyundailivart.co.kr/p/P100016115
701,옷장/드레스룸,,가구 > 옷장/드레스룸,P200185415,리바트 마이스터 컬렉션,FIT 315 드레스룸 8000 SET (ㄷ자형),판매 중,,,14556000,,https://living.hyundailivart.co.kr/p/P200185415,https://static.hyundailivart.co.kr/upload_mall/goods/P200185415/GM43571088_img.jpg?RS=0X250&CS=250X250&AO=1,2026-08-02T22:30:00+09:00,https://living.hyundailivart.co.kr/p/P200185415
702,옷장/드레스룸,,가구 > 옷장/드레스룸,P200185414,리바트 마이스터 컬렉션,FIT 315 드레스룸 4400 SET (ㄱ자형),판매 중,,,8130000,,https://living.hyundailivart.co.kr/p/P200185414,https://static.hyundailivart.co.kr/upload_mall/goods/P200185414/GM43571078_img.jpg?RS=0X250&CS=250X250&AO=1,2026-08-02T22:30:00+09:00,https://living.hyundailivart.co.kr/p/P200185414
703,옷장/드레스룸,,가구 > 옷장/드레스룸,P200185413,리바트 마이스터 컬렉션,FIT 315 드레스룸 4800 SET (ㄱ자형),판매 중,,,8684000,,https://living.hyundailivart.co.kr/p/P200185413,https://static.hyundailivart.co.kr/upload_mall/goods/P200185413/GM43571068_img.jpg?RS=0X250&CS=250X250&AO=1,2026-08-02T22:30:00+09:00,https://living.hyundailivart.co.kr/p/P200185413
704,옷장/드레스룸,,가구 > 옷장/드레스룸,P200185412,리바트 마이스터 컬렉션,FIT 315 드레스룸 단독형 모듈,판매 중,,,1384000,,https://living.hyundailivart.co.kr/p/P200185412,https://static.hyundailivart.co.kr/upload_mall/goods/P200185412/GM43571058_img.jpg?RS=0X250&CS=250X250&AO=1,2026-08-02T22:30:00+09:00,https://living.hyundailivart.co.kr/p/P200185412
705,옷장/드레스룸,,가구 > 옷장/드레스룸,P200131699,리바트,[클리어런스] 퓨리타 1000 키큰옷장 일반도어 화이트,판매 중,클리어런스,100,399000262200,34,https://living.hyundailivart.co.kr/p/P200131699,https://static.hyundailivart.co.kr/upload_mall/goods/P200131699/GM42712379_img.jpg?RS=0X250&CS=250X250&AO=1,2026-08-02T22:30:00+09:00,https://living.hyundailivart.co.kr/p/P200131699
706,옷장/드레스룸,,가구 > 옷장/드레스룸,P100033661,리바트,[클리어런스] 퓨리타 800 키큰옷장 일반도어 화이트,판매 중,클리어런스,100,359000234600,35,https://living.hyundailivart.co.kr/p/P100033661,https://static.hyundailivart.co.kr/upload_mall/goods/P100033661/GM42708700_img.jpg?RS=0X250&CS=250X250&AO=1,2026-08-02T22:30:00+09:00,https://living.hyundailivart.co.kr/p/P100033661
707,옷장/드레스룸,,가구 > 옷장/드레스룸,P200131727,리바트,[클리어런스] 퓨리타 2000 키큰옷장 일반도어 화이트,판매 중,클리어런스,100,809000532000,34,https://living.hyundailivart.co.kr/p/P200131727,https://static.hyundailivart.co.kr/upload_mall/goods/P200131727/GM42712708_img.jpg?RS=0X250&CS=250X250&AO=1,2026-08-02T22:30:00+09:00,https://living.hyundailivart.co.kr/p/P200131727
708,옷장/드레스룸,,가구 > 옷장/드레스룸,P200124759,리바트,[클리어런스] 아일 드레스룸 800 단독형,판매 중,클리어런스,100,269000174800,35,https://living.hyundailivart.co.kr/p/P200124759,https://static.hyundailivart.co.kr/upload_mall/goods/P200124759/GM42491777_img.jpg?RS=0X250&CS=250X250&AO=1,2026-08-02T22:30:00+09:00,https://living.hyundailivart.co.kr/p/P200124759
709,옷장/드레스룸,,가구 > 옷장/드레스룸,P200130611,리바트,[클리어런스] 브리사 3000 키큰옷장,판매 중,클리어런스,100,17840001207400,32,https://living.hyundailivart.co.kr/p/P200130611,https://static.hyundailivart.co.kr/upload_mall/goods/P200130611/GM42610090_img.jpg?RS=0X250&CS=250X250&AO=1,2026-08-02T22:30:00+09:00,https://living.hyundailivart.co.kr/p/P200130611
710,옷장/드레스룸,,가구 > 옷장/드레스룸,P100026374,리바트,[클리어런스] 엘리아 800 키큰옷장,판매 중,클리어런스,100,378000190900,49,https://living.hyundailivart.co.kr/p/P100026374,https://static.hyundailivart.co.kr/upload_mall/goods/P100026374/GM42778793_img.jpg?RS=0X250&CS=250X250&AO=1,2026-08-02T22:30:00+09:00,https://living.hyundailivart.co.kr/p/P100026374
711,옷장/드레스룸,,가구 > 옷장/드레스룸,P200136471,리바트,[클리어런스] 엘리아 1000 키큰옷장,판매 중,클리어런스,100,393000210900,46,https://living.hyundailivart.co.kr/p/P200136471,https://static.hyundailivart.co.kr/upload_mall/goods/P200136471/GM42778803_img.jpg?RS=0X250&CS=250X250&AO=1,2026-08-02T22:30:00+09:00,https://living.hyundailivart.co.kr/p/P200136471
712,옷장/드레스룸,,가구 > 옷장/드레스룸,P100031728,리바트,[클리어런스] 엘리아 플러스 붙박이장,판매 중,클리어런스,100,1421000705000,50,https://living.hyundailivart.co.kr/p/P100031728,https://static.hyundailivart.co.kr/upload_mall/goods/P100031728/GM42778869_img.jpg?RS=0X250&CS=250X250&AO=1,2026-08-02T22:30:00+09:00,https://living.hyundailivart.co.kr/p/P100031728
713,옷장/드레스룸,,가구 > 옷장/드레스룸,P100026384,리바트,[클리어런스] 엘리아 1600 키큰옷장,판매 중,클리어런스,100,776000390400,50,https://living.hyundailivart.co.kr/p/P100026384,https://static.hyundailivart.co.kr/upload_mall/goods/P100026384/GM42778833_img.jpg?RS=0X250&CS=250X250&AO=1,2026-08-02T22:30:00+09:00,https://living.hyundailivart.co.kr/p/P100026384
714,옷장/드레스룸,,가구 > 옷장/드레스룸,P100026725,리바트,[클리어런스] 모뜨 2400 옷장 긴옷장,판매 중,클리어런스,100,1337000771400,42,https://living.hyundailivart.co.kr/p/P100026725,,2026-08-02T22:30:00+09:00,https://living.hyundailivart.co.kr/p/P100026725
715,옷장/드레스룸,,가구 > 옷장/드레스룸,P100031719,리바트,[클리어런스] 엘리아 베이직 붙박이장,판매 중,클리어런스,100,1392000686000,51,https://living.hyundailivart.co.kr/p/P100031719,https://static.hyundailivart.co.kr/upload_mall/goods/P100031719/GM42778859_img.jpg?RS=0X250&CS=250X250&AO=1,2026-08-02T22:30:00+09:00,https://living.hyundailivart.co.kr/p/P100031719
716,옷장/드레스룸,,가구 > 옷장/드레스룸,P200124760,리바트,[클리어런스] 아일 드레스룸 600 연결형,판매 중,클리어런스,100,13400088300,34,https://living.hyundailivart.co.kr/p/P200124760,https://static.hyundailivart.co.kr/upload_mall/goods/P200124760/GM42491789_img.jpg?RS=0X250&CS=250X250&AO=1,2026-08-02T22:30:00+09:00,https://living.hyundailivart.co.kr/p/P200124760
717,옷장/드레스룸,,가구 > 옷장/드레스룸,P100033985,리바트,[클리어런스] 퓨리타 붙박이장 일반도어 화이트,판매 중,클리어런스,100,1339000886300,34,https://living.hyundailivart.co.kr/p/P100033985,https://static.hyundailivart.co.kr/upload_mall/goods/P100033985/GM42709093_img.jpg?RS=0X250&CS=250X250&AO=1,2026-08-02T22:30:00+09:00,https://living.hyundailivart.co.kr/p/P100033985
718,옷장/드레스룸,,가구 > 옷장/드레스룸,P100032026,리바트,[클리어런스] 토피 슬라이딩 1200 서랍옷장,판매 중,클리어런스,100,749000598500,20,https://living.hyundailivart.co.kr/p/P100032026,,2026-08-02T22:30:00+09:00,https://living.hyundailivart.co.kr/p/P100032026
719,옷장/드레스룸,,가구 > 옷장/드레스룸,P100032107,리바트,[클리어런스] 토피 1600 거울도어 서랍옷장,판매 중,클리어런스,100,1016000831000,18,https://living.hyundailivart.co.kr/p/P100032107,,2026-08-02T22:30:00+09:00,https://living.hyundailivart.co.kr/p/P100032107
720,옷장/드레스룸,,가구 > 옷장/드레스룸,P100032078,리바트,[클리어런스] 토피 1200 일반도어 서랍옷장,판매 중,클리어런스,100,735000611000,17,https://living.hyundailivart.co.kr/p/P100032078,,2026-08-02T22:30:00+09:00,https://living.hyundailivart.co.kr/p/P100032078
721,옷장/드레스룸,,가구 > 옷장/드레스룸,P200124761,리바트,[클리어런스] 아일 드레스룸 800 연결형,판매 중,클리어런스,100,14500094000,35,https://living.hyundailivart.co.kr/p/P200124761,https://static.hyundailivart.co.kr/upload_mall/goods/P200124761/GM42491802_img.jpg?RS=0X250&CS=250X250&AO=1,2026-08-02T22:30:00+09:00,https://living.hyundailivart.co.kr/p/P200124761
722,옷장/드레스룸,,가구 > 옷장/드레스룸,P100033828,리바트,[클리어런스] 퓨리타 1600 키큰옷장 일반도어 화이트,판매 중,클리어런스,100,738000484500,34,https://living.hyundailivart.co.kr/p/P100033828,https://static.hyundailivart.co.kr/upload_mall/goods/P100033828/GM42709006_img.jpg?RS=0X250&CS=250X250&AO=1,2026-08-02T22:30:00+09:00,https://living.hyundailivart.co.kr/p/P100033828
723,옷장/드레스룸,,가구 > 옷장/드레스룸,P200136472,리바트,[클리어런스] 엘리아 2000 키큰옷장,판매 중,클리어런스,100,797000425600,47,https://living.hyundailivart.co.kr/p/P200136472,https://static.hyundailivart.co.kr/upload_mall/goods/P200136472/GM42778843_img.jpg?RS=0X250&CS=250X250&AO=1,2026-08-02T22:30:00+09:00,https://living.hyundailivart.co.kr/p/P200136472
724,옷장/드레스룸,,가구 > 옷장/드레스룸,P100026380,리바트,[클리어런스] 엘리아 980 3단서랍옷장,판매 중,클리어런스,100,691000384700,44,https://living.hyundailivart.co.kr/p/P100026380,https://static.hyundailivart.co.kr/upload_mall/goods/P100026380/GM42778823_img.jpg?RS=0X250&CS=250X250&AO=1,2026-08-02T22:30:00+09:00,https://living.hyundailivart.co.kr/p/P100026380
725,옷장/드레스룸,,가구 > 옷장/드레스룸,P100032116,리바트,[클리어런스] 토피 1600 일반도어 서랍옷장,판매 중,클리어런스,100,853000701000,18,https://living.hyundailivart.co.kr/p/P100032116,,2026-08-02T22:30:00+09:00,https://living.hyundailivart.co.kr/p/P100032116
726,옷장/드레스룸,,가구 > 옷장/드레스룸,P100032062,리바트,[클리어런스] 토피 800 일반도어 서랍옷장,판매 중,클리어런스,100,487000411000,16,https://living.hyundailivart.co.kr/p/P100032062,,2026-08-02T22:30:00+09:00,https://living.hyundailivart.co.kr/p/P100032062
727,옷장/드레스룸,,가구 > 옷장/드레스룸,P200198879,리바트,에딧 붙박이장,판매 중,,,1252000,,https://living.hyundailivart.co.kr/p/P200198879,https://static.hyundailivart.co.kr/upload_mall/goods/P200198879/GM43989448_img.jpg?RS=0X250&CS=250X250&AO=1,2026-08-02T22:30:00+09:00,https://living.hyundailivart.co.kr/p/P200198879
728,옷장/드레스룸,,가구 > 옷장/드레스룸,P100032005,리바트,[클리어런스] 토피 슬라이딩 1200 옷장 행거형,판매 중,클리어런스,100,618000461700,25,https://living.hyundailivart.co.kr/p/P100032005,,2026-08-02T22:30:00+09:00,https://living.hyundailivart.co.kr/p/P100032005
729,옷장/드레스룸,,가구 > 옷장/드레스룸,P200199490,리바트,어셈블 1200 슬라이딩 옷장,판매 중,,,598000,,https://living.hyundailivart.co.kr/p/P200199490,https://static.hyundailivart.co.kr/upload_mall/goods/P200199490/GM43989631_img.jpg?RS=0X250&CS=250X250&AO=1,2026-08-02T22:30:00+09:00,https://living.hyundailivart.co.kr/p/P200199490
730,옷장/드레스룸,,가구 > 옷장/드레스룸,P100032012,리바트,[클리어런스] 토피 슬라이딩 1200 옷장 긴옷장,판매 중,클리어런스,100,608000454100,25,https://living.hyundailivart.co.kr/p/P100032012,,2026-08-02T22:30:00+09:00,https://living.hyundailivart.co.kr/p/P100032012
731,옷장/드레스룸,,가구 > 옷장/드레스룸,P100032070,리바트,[클리어런스] 토피 1200 거울도어 서랍옷장,판매 중,클리어런스,100,865000729000,16,https://living.hyundailivart.co.kr/p/P100032070,,2026-08-02T22:30:00+09:00,https://living.hyundailivart.co.kr/p/P100032070
732,옷장/드레스룸,,가구 > 옷장/드레스룸,P200124765,리바트,[클리어런스] 아일 드레스룸 2000 A형,판매 중,클리어런스,100,641000414200,35,https://living.hyundailivart.co.kr/p/P200124765,https://static.hyundailivart.co.kr/upload_mall/goods/P200124765/GM42491878_img.jpg?RS=0X250&CS=250X250&AO=1,2026-08-02T22:30:00+09:00,https://living.hyundailivart.co.kr/p/P200124765
733,옷장/드레스룸,,가구 > 옷장/드레스룸,P100027615,리바트,[클리어런스] 뉴트 2400 옷장세트,판매 중,클리어런스,100,14120001080000,24,https://living.hyundailivart.co.kr/p/P100027615,,2026-08-02T22:30:00+09:00,https://living.hyundailivart.co.kr/p/P100027615
734,옷장/드레스룸,,가구 > 옷장/드레스룸,P100033818,리바트,[클리어런스] 퓨리타 800 키큰옷장 거울도어 화이트,판매 중,클리어런스,100,523000342900,34,https://living.hyundailivart.co.kr/p/P100033818,https://static.hyundailivart.co.kr/upload_mall/goods/P100033818/GM42708710_img.jpg?RS=0X250&CS=250X250&AO=1,2026-08-02T22:30:00+09:00,https://living.hyundailivart.co.kr/p/P100033818
735,옷장/드레스룸,,가구 > 옷장/드레스룸,P100032083,리바트,[클리어런스] 토피 1600 옷장 일반도어,판매 중,클리어런스,100,753000603000,20,https://living.hyundailivart.co.kr/p/P100032083,,2026-08-02T22:30:00+09:00,https://living.hyundailivart.co.kr/p/P100032083
736,옷장/드레스룸,,가구 > 옷장/드레스룸,P200131708,리바트,[클리어런스] 퓨리타 1000 키큰옷장 거울도어 화이트,판매 중,클리어런스,100,607000399900,34,https://living.hyundailivart.co.kr/p/P200131708,https://static.hyundailivart.co.kr/upload_mall/goods/P200131708/GM42712572_img.jpg?RS=0X250&CS=250X250&AO=1,2026-08-02T22:30:00+09:00,https://living.hyundailivart.co.kr/p/P200131708
737,옷장/드레스룸,,가구 > 옷장/드레스룸,P200189118,리바트,네르하 3000 슬라이딩 옷장,판매 중,,,2110000,,https://living.hyundailivart.co.kr/p/P200189118,https://static.hyundailivart.co.kr/upload_mall/goods/P200189118/GM43668162_img.jpg?RS=0X250&CS=250X250&AO=1,2026-08-02T22:30:00+09:00,https://living.hyundailivart.co.kr/p/P200189118
738,옷장/드레스룸,,가구 > 옷장/드레스룸,P200184180,리바트,알레 3000 옷장 (10.5자),판매 중,,,1631000,,https://living.hyundailivart.co.kr/p/P200184180,https://static.hyundailivart.co.kr/upload_mall/goods/P200184180/GM43536193_img.jpg?RS=0X250&CS=250X250&AO=1,2026-08-02T22:30:00+09:00,https://living.hyundailivart.co.kr/p/P200184180
739,옷장/드레스룸,,가구 > 옷장/드레스룸,P100027624,리바트,[클리어런스] 뉴트 3350 옷장세트,판매 중,클리어런스,100,19840001597000,20,https://living.hyundailivart.co.kr/p/P100027624,,2026-08-02T22:30:00+09:00,https://living.hyundailivart.co.kr/p/P100027624
740,옷장/드레스룸,,가구 > 옷장/드레스룸,P100032088,리바트,[클리어런스] 토피 1600 옷장 거울도어,판매 중,클리어런스,100,916000732000,20,https://living.hyundailivart.co.kr/p/P100032088,,2026-08-02T22:30:00+09:00,https://living.hyundailivart.co.kr/p/P100032088
741,옷장/드레스룸,,가구 > 옷장/드레스룸,P200124758,리바트,[클리어런스] 아일 드레스룸 600 단독형,판매 중,클리어런스,100,204000133000,35,https://living.hyundailivart.co.kr/p/P200124758,https://static.hyundailivart.co.kr/upload_mall/goods/P200124758/GM42491757_img.jpg?RS=0X250&CS=250X250&AO=1,2026-08-02T22:30:00+09:00,https://living.hyundailivart.co.kr/p/P200124758
742,옷장/드레스룸,,가구 > 옷장/드레스룸,P100034037,리바트,[클리어런스] 퓨리타 엔드판넬 화이트,판매 중,클리어런스,100,8000055100,31,https://living.hyundailivart.co.kr/p/P100034037,,2026-08-02T22:30:00+09:00,https://living.hyundailivart.co.kr/p/P100034037
743,옷장/드레스룸,,가구 > 옷장/드레스룸,P100032067,리바트,[클리어런스] 토피 1200 거울도어 옷장,판매 중,클리어런스,100,765000629000,18,https://living.hyundailivart.co.kr/p/P100032067,,2026-08-02T22:30:00+09:00,https://living.hyundailivart.co.kr/p/P100032067
744,옷장/드레스룸,,가구 > 옷장/드레스룸,P200124768,리바트,[클리어런스] 아일 드레스룸 2000 D형,판매 중,클리어런스,100,905000588000,35,https://living.hyundailivart.co.kr/p/P200124768,https://static.hyundailivart.co.kr/upload_mall/goods/P200124768/GM42491914_img.jpg?RS=0X250&CS=250X250&AO=1,2026-08-02T22:30:00+09:00,https://living.hyundailivart.co.kr/p/P200124768
745,옷장/드레스룸,,가구 > 옷장/드레스룸,P100033836,리바트,[클리어런스] 퓨리타 1600 키큰옷장 거울도어 화이트,판매 중,클리어런스,100,902000592800,34,https://living.hyundailivart.co.kr/p/P100033836,https://static.hyundailivart.co.kr/upload_mall/goods/P100033836/GM42709048_img.jpg?RS=0X250&CS=250X250&AO=1,2026-08-02T22:30:00+09:00,https://living.hyundailivart.co.kr/p/P100033836
746,옷장/드레스룸,,가구 > 옷장/드레스룸,P200131713,리바트,[클리어런스] 퓨리타 1000 키큰옷장 일반도어 그레이,판매 중,클리어런스,100,399000262200,34,https://living.hyundailivart.co.kr/p/P200131713,https://static.hyundailivart.co.kr/upload_mall/goods/P200131713/GM42709128_img.jpg?RS=0X250&CS=250X250&AO=1,2026-08-02T22:30:00+09:00,https://living.hyundailivart.co.kr/p/P200131713
747,옷장/드레스룸,,가구 > 옷장/드레스룸,P100033909,리바트,[클리어런스] 퓨리타 1600 키큰옷장 일반도어 그레이,판매 중,클리어런스,100,738000484500,34,https://living.hyundailivart.co.kr/p/P100033909,https://static.hyundailivart.co.kr/upload_mall/goods/P100033909/GM42730091_img.jpg?RS=0X250&CS=250X250&AO=1,2026-08-02T22:30:00+09:00,https://living.hyundailivart.co.kr/p/P100033909
748,옷장/드레스룸,,가구 > 옷장/드레스룸,P100023928,리바트,[클리어런스] 뉴트 980 중앙서랍옷장 누디베이지,판매 중,클리어런스,100,572000470000,18,https://living.hyundailivart.co.kr/p/P100023928,,2026-08-02T22:30:00+09:00,https://living.hyundailivart.co.kr/p/P100023928
749,옷장/드레스룸,,가구 > 옷장/드레스룸,P200124771,리바트,[클리어런스] 아일 드레스룸 2400 A형,판매 중,클리어런스,100,675000431300,36,https://living.hyundailivart.co.kr/p/P200124771,https://static.hyundailivart.co.kr/upload_mall/goods/P200124771/GM42493567_img.jpg?RS=0X250&CS=250X250&AO=1,2026-08-02T22:30:00+09:00,https://living.hyundailivart.co.kr/p/P200124771
750,옷장/드레스룸,,가구 > 옷장/드레스룸,P200152097,리바트,애니트 드레스룸 1600 B형,판매 중,,,839000,,https://living.hyundailivart.co.kr/p/P200152097,https://static.hyundailivart.co.kr/upload_mall/goods/P200152097/GM42975372_img.jpg?RS=0X250&CS=250X250&AO=1,2026-08-02T22:30:00+09:00,https://living.hyundailivart.co.kr/p/P200152097
751,옷장/드레스룸,,가구 > 옷장/드레스룸,P100033892,리바트,[클리어런스] 퓨리타 800 키큰옷장 일반도어 그레이,판매 중,클리어런스,100,359000234600,35,https://living.hyundailivart.co.kr/p/P100033892,https://static.hyundailivart.co.kr/upload_mall/goods/P100033892/GM42708672_img.jpg?RS=0X250&CS=250X250&AO=1,2026-08-02T22:30:00+09:00,https://living.hyundailivart.co.kr/p/P100033892
752,옷장/드레스룸,,가구 > 옷장/드레스룸,P200131735,리바트,[클리어런스] 퓨리타 2000 키큰옷장 거울도어 화이트,판매 중,클리어런스,100,1017000805600,21,https://living.hyundailivart.co.kr/p/P200131735,https://static.hyundailivart.co.kr/upload_mall/goods/P200131735/GM42712754_img.jpg?RS=0X250&CS=250X250&AO=1,2026-08-02T22:30:00+09:00,https://living.hyundailivart.co.kr/p/P200131735
753,옷장/드레스룸,,가구 > 옷장/드레스룸,P200198878,리바트,에딧 3단 서랍옷장,판매 중,,,736000,,https://living.hyundailivart.co.kr/p/P200198878,https://static.hyundailivart.co.kr/upload_mall/goods/P200198878/GM44090620_img.jpg?RS=0X250&CS=250X250&AO=1,2026-08-02T22:30:00+09:00,https://living.hyundailivart.co.kr/p/P200198878
754,옷장/드레스룸,,가구 > 옷장/드레스룸,P100026438,리바트,[클리어런스] 모뜨 1200 옷장 오픈형 T긴옷장,판매 중,클리어런스,100,588000335300,43,https://living.hyundailivart.co.kr/p/P100026438,,2026-08-02T22:30:00+09:00,https://living.hyundailivart.co.kr/p/P100026438
755,옷장/드레스룸,,가구 > 옷장/드레스룸,P100032100,리바트,[클리어런스] 토피 1600 옷장 일반도어 선반장,판매 중,클리어런스,100,824000659000,20,https://living.hyundailivart.co.kr/p/P100032100,,2026-08-02T22:30:00+09:00,https://living.hyundailivart.co.kr/p/P100032100
756,옷장/드레스룸,,가구 > 옷장/드레스룸,P100032042,리바트,[클리어런스] 토피 800 옷장 일반도어,판매 중,클리어런스,100,404000315000,22,https://living.hyundailivart.co.kr/p/P100032042,,2026-08-02T22:30:00+09:00,https://living.hyundailivart.co.kr/p/P100032042
757,옷장/드레스룸,,가구 > 옷장/드레스룸,P200124769,리바트,[클리어런스] 아일 드레스룸 2000 E형,판매 중,클리어런스,100,1010000654500,35,https://living.hyundailivart.co.kr/p/P200124769,https://static.hyundailivart.co.kr/upload_mall/goods/P200124769/GM42491930_img.jpg?RS=0X250&CS=250X250&AO=1,2026-08-02T22:30:00+09:00,https://living.hyundailivart.co.kr/p/P200124769
758,수납장/서랍장,,가구 > 수납장/서랍장,P200196330,리바트,커스터마이징 자녀방 어셈블,판매 중,,,387000,,https://living.hyundailivart.co.kr/p/P200196330,https://static.hyundailivart.co.kr/upload_mall/goods/P200196330/GM43868026_img.jpg?RS=0X250&CS=250X250&AO=1,2026-08-02T22:30:00+09:00,https://living.hyundailivart.co.kr/p/P200196330
759,옷장/드레스룸,,가구 > 옷장/드레스룸,P200124767,리바트,[클리어런스] 아일 드레스룸 2000 C형,판매 중,클리어런스,100,978000634600,35,https://living.hyundailivart.co.kr/p/P200124767,https://static.hyundailivart.co.kr/upload_mall/goods/P200124767/GM42491906_img.jpg?RS=0X250&CS=250X250&AO=1,2026-08-02T22:30:00+09:00,https://living.hyundailivart.co.kr/p/P200124767
760,옷장/드레스룸,,가구 > 옷장/드레스룸,P200199489,리바트,어셈블 800 서랍형 옷장,판매 중,,,599000,,https://living.hyundailivart.co.kr/p/P200199489,https://static.hyundailivart.co.kr/upload_mall/goods/P200199489/GM43989621_img.jpg?RS=0X250&CS=250X250&AO=1,2026-08-02T22:30:00+09:00,https://living.hyundailivart.co.kr/p/P200199489
761,옷장/드레스룸,,가구 > 옷장/드레스룸,P200198877,리바트,에딧 파우더장,판매 중,,,589000,,https://living.hyundailivart.co.kr/p/P200198877,https://static.hyundailivart.co.kr/upload_mall/goods/P200198877/GM43982833_img.jpg?RS=0X250&CS=250X250&AO=1,2026-08-02T22:30:00+09:00,https://living.hyundailivart.co.kr/p/P200198877
762,옷장/드레스룸,,가구 > 옷장/드레스룸,P100026444,리바트,[클리어런스] 모뜨 800 옷장(긴옷장),판매 중,클리어런스,100,463000278300,40,https://living.hyundailivart.co.kr/p/P100026444,,2026-08-02T22:30:00+09:00,https://living.hyundailivart.co.kr/p/P100026444
763,옷장/드레스룸,,가구 > 옷장/드레스룸,P100032075,리바트,[클리어런스] 토피 1200 일반도어 옷장,판매 중,클리어런스,100,635000518000,18,https://living.hyundailivart.co.kr/p/P100032075,,2026-08-02T22:30:00+09:00,https://living.hyundailivart.co.kr/p/P100032075
764,옷장/드레스룸,,가구 > 옷장/드레스룸,P100034505,리바트,[클리어런스] 엘리아 엔드판넬 화이트,판매 중,클리어런스,100,8700056000,36,https://living.hyundailivart.co.kr/p/P100034505,,2026-08-02T22:30:00+09:00,https://living.hyundailivart.co.kr/p/P100034505
765,옷장/드레스룸,,가구 > 옷장/드레스룸,P100026678,리바트,[클리어런스] 모뜨 1600 옷장 긴옷장,판매 중,클리어런스,100,900000518700,42,https://living.hyundailivart.co.kr/p/P100026678,,2026-08-02T22:30:00+09:00,https://living.hyundailivart.co.kr/p/P100026678
766,옷장/드레스룸,,가구 > 옷장/드레스룸,P200124763,리바트,[클리어런스] 아일 드레스룸 1600 B형,판매 중,클리어런스,100,751000485400,35,https://living.hyundailivart.co.kr/p/P200124763,https://static.hyundailivart.co.kr/upload_mall/goods/P200124763/GM42491852_img.jpg?RS=0X250&CS=250X250&AO=1,2026-08-02T22:30:00+09:00,https://living.hyundailivart.co.kr/p/P200124763
767,옷장/드레스룸,,가구 > 옷장/드레스룸,P200084853,리바트,[클리어런스] 브릭 440 이동형행거 수납장,판매 중,클리어런스,100,12200057900,53,https://living.hyundailivart.co.kr/p/P200084853,https://static.hyundailivart.co.kr/upload_mall/goods/P200084853/GM41702504_img.jpg?RS=0X250&CS=250X250&AO=1,2026-08-02T22:30:00+09:00,https://living.hyundailivart.co.kr/p/P200084853
768,키즈/주니어,,가구 > 키즈/주니어,P100030839,리바트,[클리어런스] 프레일 슬라이딩 1200 옷장,판매 중,클리어런스,100,685000410400,40,https://living.hyundailivart.co.kr/p/P100030839,,2026-08-02T22:30:00+09:00,https://living.hyundailivart.co.kr/p/P100030839
769,옷장/드레스룸,,가구 > 옷장/드레스룸,P200152119,리바트,애니트 드레스룸 아일랜드장,판매 중,,,421000,,https://living.hyundailivart.co.kr/p/P200152119,https://static.hyundailivart.co.kr/upload_mall/goods/P200152119/GM42975472_img.jpg?RS=0X250&CS=250X250&AO=1,2026-08-02T22:30:00+09:00,https://living.hyundailivart.co.kr/p/P200152119
770,옷장/드레스룸,,가구 > 옷장/드레스룸,P200130609,리바트,[클리어런스] 브리사 1000 키큰옷장,판매 중,클리어런스,100,591000399900,32,https://living.hyundailivart.co.kr/p/P200130609,https://static.hyundailivart.co.kr/upload_mall/goods/P200130609/GM42610043_img.jpg?RS=0X250&CS=250X250&AO=1,2026-08-02T22:30:00+09:00,https://living.hyundailivart.co.kr/p/P200130609
771,옷장/드레스룸,,가구 > 옷장/드레스룸,P100032052,리바트,[클리어런스] 토피 800 옷장 일반도어 선반장,판매 중,클리어런스,100,458000373000,19,https://living.hyundailivart.co.kr/p/P100032052,,2026-08-02T22:30:00+09:00,https://living.hyundailivart.co.kr/p/P100032052
772,옷장/드레스룸,,가구 > 옷장/드레스룸,P100026440,리바트,[클리어런스] 모뜨 1200 옷장 오픈형 선반장,판매 중,클리어런스,100,619000364800,41,https://living.hyundailivart.co.kr/p/P100026440,,2026-08-02T22:30:00+09:00,https://living.hyundailivart.co.kr/p/P100026440
773,옷장/드레스룸,,가구 > 옷장/드레스룸,P100033898,리바트,[클리어런스] 퓨리타 800 키큰옷장 거울도어 그레이,판매 중,클리어런스,100,523000342900,34,https://living.hyundailivart.co.kr/p/P100033898,https://static.hyundailivart.co.kr/upload_mall/goods/P100033898/GM42737355_img.jpg?RS=0X250&CS=250X250&AO=1,2026-08-02T22:30:00+09:00,https://living.hyundailivart.co.kr/p/P100033898
774,옷장/드레스룸,,가구 > 옷장/드레스룸,P200124762,리바트,[클리어런스] 아일 드레스룸 1600 A형,판매 중,클리어런스,100,472000302100,36,https://living.hyundailivart.co.kr/p/P200124762,https://static.hyundailivart.co.kr/upload_mall/goods/P200124762/GM42491820_img.jpg?RS=0X250&CS=250X250&AO=1,2026-08-02T22:30:00+09:00,https://living.hyundailivart.co.kr/p/P200124762
775,옷장/드레스룸,,가구 > 옷장/드레스룸,P200124867,리바트,[클리어런스] 프레임 드레스룸 800 멀티수납장 거울도어,판매 중,클리어런스,100,496000285000,43,https://living.hyundailivart.co.kr/p/P200124867,https://static.hyundailivart.co.kr/upload_mall/goods/P200124867/GM42509219_img.jpg?RS=0X250&CS=250X250&AO=1,2026-08-02T22:30:00+09:00,https://living.hyundailivart.co.kr/p/P200124867
776,옷장/드레스룸,,가구 > 옷장/드레스룸,P200125167,리바트,[클리어런스] 아일 드레스룸 선반,판매 중,클리어런스,100,3500023700,32,https://living.hyundailivart.co.kr/p/P200125167,https://static.hyundailivart.co.kr/upload_mall/goods/P200125167/GM42496184_img.jpg?RS=0X250&CS=250X250&AO=1,2026-08-02T22:30:00+09:00,https://living.hyundailivart.co.kr/p/P200125167
777,옷장/드레스룸,,가구 > 옷장/드레스룸,P200134085,리바트,[클리어런스] 브리사 엔드판넬,판매 중,클리어런스,100,9400065500,30,https://living.hyundailivart.co.kr/p/P200134085,https://static.hyundailivart.co.kr/upload_mall/goods/P200134085/GM42656477_img.jpg?RS=0X250&CS=250X250&AO=1,2026-08-02T22:30:00+09:00,https://living.hyundailivart.co.kr/p/P200134085
778,옷장/드레스룸,,가구 > 옷장/드레스룸,P200129284,리바트,[클리어런스] 아일 드레스룸 측면 포스트 단독형 마감형,판매 중,클리어런스,100,7600048400,36,https://living.hyundailivart.co.kr/p/P200129284,https://static.hyundailivart.co.kr/upload_mall/goods/P200129284/GM42583192_img.jpg?RS=0X250&CS=250X250&AO=1,2026-08-02T22:30:00+09:00,https://living.hyundailivart.co.kr/p/P200129284
779,키즈/주니어,,가구 > 키즈/주니어,P200143241,리바트,[클리어런스] 벽고정 철물 2ea,판매 중,클리어런스,100,120007000,42,https://living.hyundailivart.co.kr/p/P200143241,https://static.hyundailivart.co.kr/upload_mall/goods/P200143241/GM42833003_img.jpg?RS=0X250&CS=250X250&AO=1,2026-08-02T22:30:00+09:00,https://living.hyundailivart.co.kr/p/P200143241
780,옷장/드레스룸,,가구 > 옷장/드레스룸,P200156367,리바트,애니트 드레스룸 아일랜드장 서랍 디바이더,판매 중,,,36000,,https://living.hyundailivart.co.kr/p/P200156367,https://static.hyundailivart.co.kr/upload_mall/goods/P200156367/GM43042963_img.jpg?RS=0X250&CS=250X250&AO=1,2026-08-02T22:30:00+09:00,https://living.hyundailivart.co.kr/p/P200156367
781,옷장/드레스룸,,가구 > 옷장/드레스룸,P200125169,리바트,[클리어런스] 아일 드레스룸 서랍 칸막이 디바이더,판매 중,클리어런스,100,2800019000,32,https://living.hyundailivart.co.kr/p/P200125169,https://static.hyundailivart.co.kr/upload_mall/goods/P200125169/GM42496218_img.jpg?RS=0X250&CS=250X250&AO=1,2026-08-02T22:30:00+09:00,https://living.hyundailivart.co.kr/p/P200125169
782,옷장/드레스룸,,가구 > 옷장/드레스룸,P100034133,리바트,[클리어런스] 퓨리타 엔드판넬 그레이,판매 중,클리어런스,100,8000055100,31,https://living.hyundailivart.co.kr/p/P100034133,https://static.hyundailivart.co.kr/upload_mall/goods/P100034133/GM10110660_img.jpg?RS=0X250&CS=250X250&AO=1,2026-08-02T22:30:00+09:00,https://living.hyundailivart.co.kr/p/P100034133
783,옷장/드레스룸,,가구 > 옷장/드레스룸,P200156365,리바트,애니트 드레스룸 와이드체스트 아일랜드장 서랍 디바이더,판매 중,,,27000,,https://living.hyundailivart.co.kr/p/P200156365,https://static.hyundailivart.co.kr/upload_mall/goods/P200156365/GM43042953_img.jpg?RS=0X250&CS=250X250&AO=1,2026-08-02T22:30:00+09:00,https://living.hyundailivart.co.kr/p/P200156365
784,옷장/드레스룸,,가구 > 옷장/드레스룸,P200125168,리바트,[클리어런스] 아일 드레스룸 옷봉,판매 중,클리어런스,100,130008500,35,https://living.hyundailivart.co.kr/p/P200125168,https://static.hyundailivart.co.kr/upload_mall/goods/P200125168/GM42496201_img.jpg?RS=0X250&CS=250X250&AO=1,2026-08-02T22:30:00+09:00,https://living.hyundailivart.co.kr/p/P200125168
785,옷장/드레스룸,,가구 > 옷장/드레스룸,P100030005,리바트,[클리어런스] 프레임 드레스룸 측면 포스트,판매 중,클리어런스,100,5000022800,54,https://living.hyundailivart.co.kr/p/P100030005,https://static.hyundailivart.co.kr/upload_mall/goods/P100030005/GM10093085_img.jpg?RS=0X250&CS=250X250&AO=1,2026-08-02T22:30:00+09:00,https://living.hyundailivart.co.kr/p/P100030005
786,옷장/드레스룸,,가구 > 옷장/드레스룸,P200153990,리바트,스틸 프레임 보링 마감캡(애니트 드레스룸),판매 중,,,4000,,https://living.hyundailivart.co.kr/p/P200153990,https://static.hyundailivart.co.kr/upload_mall/goods/P200153990/GM43006351_img.jpg?RS=0X250&CS=250X250&AO=1,2026-08-02T22:30:00+09:00,https://living.hyundailivart.co.kr/p/P200153990
787,옷장/드레스룸,,가구 > 옷장/드레스룸,P200202815,리바트집테리어,L600 아이보리 붙박이장,판매 중,,,,,https://living.hyundailivart.co.kr/p/P200202815,https://static.hyundailivart.co.kr/upload_mall/goods/P200202815/GM44069850_img.jpg?RS=0X250&CS=250X250&AO=1,2026-08-02T22:30:00+09:00,https://living.hyundailivart.co.kr/p/P200202815
788,옷장/드레스룸,,가구 > 옷장/드레스룸,P200202814,리바트집테리어,L600 오크 붙박이장,판매 중,,,,,https://living.hyundailivart.co.kr/p/P200202814,https://static.hyundailivart.co.kr/upload_mall/goods/P200202814/GM44069772_img.jpg?RS=0X250&CS=250X250&AO=1,2026-08-02T22:30:00+09:00,https://living.hyundailivart.co.kr/p/P200202814
789,옷장/드레스룸,,가구 > 옷장/드레스룸,P200199504,리바트,에딧 3단 서랍옷장+책장,판매 중,,,1048000,,https://living.hyundailivart.co.kr/p/P200199504,https://static.hyundailivart.co.kr/upload_mall/goods/P200199504/GM44090644_img.jpg?RS=0X250&CS=250X250&AO=1,2026-08-02T22:30:00+09:00,https://living.hyundailivart.co.kr/p/P200199504
790,옷장/드레스룸,,가구 > 옷장/드레스룸,P200199488,리바트,어셈블 800 일반 옷장,판매 중,,,439000,,https://living.hyundailivart.co.kr/p/P200199488,https://static.hyundailivart.co.kr/upload_mall/goods/P200199488/GM43989611_img.jpg?RS=0X250&CS=250X250&AO=1,2026-08-02T22:30:00+09:00,https://living.hyundailivart.co.kr/p/P200199488
791,옷장/드레스룸,,가구 > 옷장/드레스룸,P200198888,리바트,에딧 슬라이딩 붙박이장,판매 중,,,1733000,,https://living.hyundailivart.co.kr/p/P200198888,https://static.hyundailivart.co.kr/upload_mall/goods/P200198888/GM44095355_img.jpg?RS=0X250&CS=250X250&AO=1,2026-08-02T22:30:00+09:00,https://living.hyundailivart.co.kr/p/P200198888
792,옷장/드레스룸,,가구 > 옷장/드레스룸,P200198886,리바트,패브릭 600 파우더장,판매 중,,,601000,,https://living.hyundailivart.co.kr/p/P200198886,https://static.hyundailivart.co.kr/upload_mall/goods/P200198886/GM43984923_img.jpg?RS=0X250&CS=250X250&AO=1,2026-08-02T22:30:00+09:00,https://living.hyundailivart.co.kr/p/P200198886
793,옷장/드레스룸,,가구 > 옷장/드레스룸,P200198885,리바트,패브릭 3단 서랍옷장,판매 중,,,796000,,https://living.hyundailivart.co.kr/p/P200198885,https://static.hyundailivart.co.kr/upload_mall/goods/P200198885/GM43984899_img.jpg?RS=0X250&CS=250X250&AO=1,2026-08-02T22:30:00+09:00,https://living.hyundailivart.co.kr/p/P200198885
794,옷장/드레스룸,,가구 > 옷장/드레스룸,P200198884,리바트,패브릭 붙박이장,판매 중,,,1422000,,https://living.hyundailivart.co.kr/p/P200198884,https://static.hyundailivart.co.kr/upload_mall/goods/P200198884/GM43989507_img.jpg?RS=0X250&CS=250X250&AO=1,2026-08-02T22:30:00+09:00,https://living.hyundailivart.co.kr/p/P200198884
795,옷장/드레스룸,,가구 > 옷장/드레스룸,P200198882,리바트,패브릭 3000 옷장 (10.5자),판매 중,,,1757000,,https://living.hyundailivart.co.kr/p/P200198882,https://static.hyundailivart.co.kr/upload_mall/goods/P200198882/GM43984317_img.jpg?RS=0X250&CS=250X250&AO=1,2026-08-02T22:30:00+09:00,https://living.hyundailivart.co.kr/p/P200198882
796,옷장/드레스룸,,가구 > 옷장/드레스룸,P200198880,리바트,에딧 3000 슬라이딩 옷장 (10.5자),판매 중,,,2135000,,https://living.hyundailivart.co.kr/p/P200198880,https://static.hyundailivart.co.kr/upload_mall/goods/P200198880/GM44095412_img.jpg?RS=0X250&CS=250X250&AO=1,2026-08-02T22:30:00+09:00,https://living.hyundailivart.co.kr/p/P200198880
797,옷장/드레스룸,,가구 > 옷장/드레스룸,P200198876,리바트,에딧 3000 옷장 거울도어 (10.5자),판매 중,,,1666000,,https://living.hyundailivart.co.kr/p/P200198876,https://static.hyundailivart.co.kr/upload_mall/goods/P200198876/GM43987118_img.jpg?RS=0X250&CS=250X250&AO=1,2026-08-02T22:30:00+09:00,https://living.hyundailivart.co.kr/p/P200198876
798,옷장/드레스룸,,가구 > 옷장/드레스룸,P200198793,리바트,에딧 3000 옷장 일반도어 (10.5자),판매 중,,,1499000,,https://living.hyundailivart.co.kr/p/P200198793,https://static.hyundailivart.co.kr/upload_mall/goods/P200198793/GM43983079_img.jpg?RS=0X250&CS=250X250&AO=1,2026-08-02T22:30:00+09:00,https://living.hyundailivart.co.kr/p/P200198793
799,옷장/드레스룸,,가구 > 옷장/드레스룸,P200198036,리바트,알레 3000 옷장 폴딩도어 (2000+1000),판매 중,,,3150000,,https://living.hyundailivart.co.kr/p/P200198036,https://static.hyundailivart.co.kr/upload_mall/goods/P200198036/GM43935910_img.jpg?RS=0X250&CS=250X250&AO=1,2026-08-02T22:30:00+09:00,https://living.hyundailivart.co.kr/p/P200198036
800,옷장/드레스룸,,가구 > 옷장/드레스룸,P200198029,리바트,엘레브 3000 옷장 (2000+1000 짧은옷장),판매 중,,,2769000,,https://living.hyundailivart.co.kr/p/P200198029,https://static.hyundailivart.co.kr/upload_mall/goods/P200198029/GM43936173_img.jpg?RS=0X250&CS=250X250&AO=1,2026-08-02T22:30:00+09:00,https://living.hyundailivart.co.kr/p/P200198029
801,옷장/드레스룸,,가구 > 옷장/드레스룸,P200198026,리바트,엘레브 옷장 바지걸이 서랍,판매 중,,,212000,,https://living.hyundailivart.co.kr/p/P200198026,https://static.hyundailivart.co.kr/upload_mall/goods/P200198026/GM43936160_img.jpg?RS=0X250&CS=250X250&AO=1,2026-08-02T22:30:00+09:00,https://living.hyundailivart.co.kr/p/P200198026
802,옷장/드레스룸,,가구 > 옷장/드레스룸,P200198023,리바트,엘레브 옷장 에어루프 테라코타,판매 중,,,23000,,https://living.hyundailivart.co.kr/p/P200198023,https://static.hyundailivart.co.kr/upload_mall/goods/P200198023/GM43935877_img.jpg?RS=0X250&CS=250X250&AO=1,2026-08-02T22:30:00+09:00,https://living.hyundailivart.co.kr/p/P200198023
803,수납장/서랍장,,가구 > 수납장/서랍장,P200197342,리바트,어셈블 커스터마이징 드레스룸,판매 중,,,439000,,https://living.hyundailivart.co.kr/p/P200197342,https://static.hyundailivart.co.kr/upload_mall/goods/P200197342/GM43908392_img.jpg?RS=0X250&CS=250X250&AO=1,2026-08-02T22:30:00+09:00,https://living.hyundailivart.co.kr/p/P200197342
804,옷장/드레스룸,,가구 > 옷장/드레스룸,P200196754,리바트,엘레브 옷장 측면 수납함,판매 중,,,49000,,https://living.hyundailivart.co.kr/p/P200196754,https://static.hyundailivart.co.kr/upload_mall/goods/P200196754/GM43880272_img.jpg?RS=0X250&CS=250X250&AO=1,2026-08-02T22:30:00+09:00,https://living.hyundailivart.co.kr/p/P200196754
805,옷장/드레스룸,,가구 > 옷장/드레스룸,P200196666,리바트,엘레브 3500 옷장 (1500+2000),판매 중,,,3569000,,https://living.hyundailivart.co.kr/p/P200196666,https://static.hyundailivart.co.kr/upload_mall/goods/P200196666/GM43876091_img.jpg?RS=0X250&CS=250X250&AO=1,2026-08-02T22:30:00+09:00,https://living.hyundailivart.co.kr/p/P200196666
806,옷장/드레스룸,,가구 > 옷장/드레스룸,P200196665,리바트,엘레브 3000 옷장 (1500+1500),판매 중,,,3253000,,https://living.hyundailivart.co.kr/p/P200196665,https://static.hyundailivart.co.kr/upload_mall/goods/P200196665/GM43876070_img.jpg?RS=0X250&CS=250X250&AO=1,2026-08-02T22:30:00+09:00,https://living.hyundailivart.co.kr/p/P200196665
807,옷장/드레스룸,,가구 > 옷장/드레스룸,P200196664,리바트,엘레브 3000 옷장 (2000+1000),판매 중,,,2998000,,https://living.hyundailivart.co.kr/p/P200196664,https://static.hyundailivart.co.kr/upload_mall/goods/P200196664/GM43876049_img.jpg?RS=0X250&CS=250X250&AO=1,2026-08-02T22:30:00+09:00,https://living.hyundailivart.co.kr/p/P200196664
808,옷장/드레스룸,,가구 > 옷장/드레스룸,P200196663,리바트,엘레브 2500 옷장 (2000+500),판매 중,,,2729000,,https://living.hyundailivart.co.kr/p/P200196663,https://static.hyundailivart.co.kr/upload_mall/goods/P200196663/GM43876008_img.jpg?RS=0X250&CS=250X250&AO=1,2026-08-02T22:30:00+09:00,https://living.hyundailivart.co.kr/p/P200196663
809,옷장/드레스룸,,가구 > 옷장/드레스룸,P200196662,리바트,엘레브 2500 옷장 (1500+1000),판매 중,,,2682000,,https://living.hyundailivart.co.kr/p/P200196662,https://static.hyundailivart.co.kr/upload_mall/goods/P200196662/GM43875994_img.jpg?RS=0X250&CS=250X250&AO=1,2026-08-02T22:30:00+09:00,https://living.hyundailivart.co.kr/p/P200196662
810,옷장/드레스룸,,가구 > 옷장/드레스룸,P200196661,리바트,엘레브 2000 옷장 (1500+500),판매 중,,,2413000,,https://living.hyundailivart.co.kr/p/P200196661,https://static.hyundailivart.co.kr/upload_mall/goods/P200196661/GM43872740_img.jpg?RS=0X250&CS=250X250&AO=1,2026-08-02T22:30:00+09:00,https://living.hyundailivart.co.kr/p/P200196661
811,옷장/드레스룸,,가구 > 옷장/드레스룸,P200196660,리바트,엘레브 2000 옷장,판매 중,,,2043000,,https://living.hyundailivart.co.kr/p/P200196660,https://static.hyundailivart.co.kr/upload_mall/goods/P200196660/GM43872639_img.jpg?RS=0X250&CS=250X250&AO=1,2026-08-02T22:30:00+09:00,https://living.hyundailivart.co.kr/p/P200196660
812,옷장/드레스룸,,가구 > 옷장/드레스룸,P200196659,리바트,엘레브 1500 옷장,판매 중,,,1727000,,https://living.hyundailivart.co.kr/p/P200196659,https://static.hyundailivart.co.kr/upload_mall/goods/P200196659/GM43883574_img.jpg?RS=0X250&CS=250X250&AO=1,2026-08-02T22:30:00+09:00,https://living.hyundailivart.co.kr/p/P200196659
813,옷장/드레스룸,,가구 > 옷장/드레스룸,P200195920,리바트,엘레브 옷장 조명 리모컨,판매 중,,,26000,,https://living.hyundailivart.co.kr/p/P200195920,https://static.hyundailivart.co.kr/upload_mall/goods/P200195920/GM43854499_img.jpg?RS=0X250&CS=250X250&AO=1,2026-08-02T22:30:00+09:00,https://living.hyundailivart.co.kr/p/P200195920
814,옷장/드레스룸,,가구 > 옷장/드레스룸,P200195877,리바트,엘레브 옷장 1단 서랍 칸막이 디바이더,판매 중,,,14000,,https://living.hyundailivart.co.kr/p/P200195877,https://static.hyundailivart.co.kr/upload_mall/goods/P200195877/GM43851362_img.jpg?RS=0X250&CS=250X250&AO=1,2026-08-02T22:30:00+09:00,https://living.hyundailivart.co.kr/p/P200195877
815,옷장/드레스룸,,가구 > 옷장/드레스룸,P200195872,리바트,엘레브 옷장 하부 2단 목서랍,판매 중,,,185000,,https://living.hyundailivart.co.kr/p/P200195872,https://static.hyundailivart.co.kr/upload_mall/goods/P200195872/GM43862372_img.jpg?RS=0X250&CS=250X250&AO=1,2026-08-02T22:30:00+09:00,https://living.hyundailivart.co.kr/p/P200195872
816,옷장/드레스룸,,가구 > 옷장/드레스룸,P200195869,리바트,엘레브 옷장 상부 트레이,판매 중,,,159000,,https://living.hyundailivart.co.kr/p/P200195869,https://static.hyundailivart.co.kr/upload_mall/goods/P200195869/GM43851342_img.jpg?RS=0X250&CS=250X250&AO=1,2026-08-02T22:30:00+09:00,https://living.hyundailivart.co.kr/p/P200195869
817,옷장/드레스룸,,가구 > 옷장/드레스룸,P200195866,리바트,엘레브 옷장 상부 유리서랍장,판매 중,,,193000,,https://living.hyundailivart.co.kr/p/P200195866,https://static.hyundailivart.co.kr/upload_mall/goods/P200195866/GM43851332_img.jpg?RS=0X250&CS=250X250&AO=1,2026-08-02T22:30:00+09:00,https://living.hyundailivart.co.kr/p/P200195866
818,옷장/드레스룸,,가구 > 옷장/드레스룸,P200195863,리바트,엘레브 옷장 상부 목대서랍장,판매 중,,,172000,,https://living.hyundailivart.co.kr/p/P200195863,https://static.hyundailivart.co.kr/upload_mall/goods/P200195863/GM43851313_img.jpg?RS=0X250&CS=250X250&AO=1,2026-08-02T22:30:00+09:00,https://living.hyundailivart.co.kr/p/P200195863
819,옷장/드레스룸,,가구 > 옷장/드레스룸,P200195860,리바트,엘레브 옷장 이동선반,판매 중,,,52000,,https://living.hyundailivart.co.kr/p/P200195860,https://static.hyundailivart.co.kr/upload_mall/goods/P200195860/GM43862435_img.jpg?RS=0X250&CS=250X250&AO=1,2026-08-02T22:30:00+09:00,https://living.hyundailivart.co.kr/p/P200195860
820,옷장/드레스룸,,가구 > 옷장/드레스룸,P200195857,리바트,엘레브 옷장 이동옷봉,판매 중,,,24000,,https://living.hyundailivart.co.kr/p/P200195857,https://static.hyundailivart.co.kr/upload_mall/goods/P200195857/GM43851285_img.jpg?RS=0X250&CS=250X250&AO=1,2026-08-02T22:30:00+09:00,https://living.hyundailivart.co.kr/p/P200195857
821,옷장/드레스룸,,가구 > 옷장/드레스룸,P200189117,리바트,네르하 3000 옷장 (10.5자),판매 중,,,1781000,,https://living.hyundailivart.co.kr/p/P200189117,https://static.hyundailivart.co.kr/upload_mall/goods/P200189117/GM43668132_img.jpg?RS=0X250&CS=250X250&AO=1,2026-08-02T22:30:00+09:00,https://living.hyundailivart.co.kr/p/P200189117
822,옷장/드레스룸,,가구 > 옷장/드레스룸,P200189107,리바트,네르하 슬라이딩 붙박이장,판매 중,,,1733000,,https://living.hyundailivart.co.kr/p/P200189107,https://static.hyundailivart.co.kr/upload_mall/goods/P200189107/GM43669085_img.jpg?RS=0X250&CS=250X250&AO=1,2026-08-02T22:30:00+09:00,https://living.hyundailivart.co.kr/p/P200189107
823,옷장/드레스룸,,가구 > 옷장/드레스룸,P200189099,리바트,네르하 붙박이장,판매 중,,,1470000,,https://living.hyundailivart.co.kr/p/P200189099,https://static.hyundailivart.co.kr/upload_mall/goods/P200189099/GM43721249_img.jpg?RS=0X250&CS=250X250&AO=1,2026-08-02T22:30:00+09:00,https://living.hyundailivart.co.kr/p/P200189099
824,옷장/드레스룸,,가구 > 옷장/드레스룸,P200188416,리바트,브라노 슬라이딩 붙박이장,판매 중,,,1814000,,https://living.hyundailivart.co.kr/p/P200188416,https://static.hyundailivart.co.kr/upload_mall/goods/P200188416/GM43639251_img.jpg?RS=0X250&CS=250X250&AO=1,2026-08-02T22:30:00+09:00,https://living.hyundailivart.co.kr/p/P200188416
825,옷장/드레스룸,,가구 > 옷장/드레스룸,P200188415,리바트,알레 슬라이딩 붙박이장,판매 중,,,1871000,,https://living.hyundailivart.co.kr/p/P200188415,https://static.hyundailivart.co.kr/upload_mall/goods/P200188415/GM43639362_img.jpg?RS=0X250&CS=250X250&AO=1,2026-08-02T22:30:00+09:00,https://living.hyundailivart.co.kr/p/P200188415
826,옷장/드레스룸,,가구 > 옷장/드레스룸,P200188414,리바트,뉴 카렌 붙박이장,판매 중,,100,13750001230000,11,https://living.hyundailivart.co.kr/p/P200188414,https://static.hyundailivart.co.kr/upload_mall/goods/P200188414/GM43639088_img.jpg?RS=0X250&CS=250X250&AO=1,2026-08-02T22:30:00+09:00,https://living.hyundailivart.co.kr/p/P200188414
827,옷장/드레스룸,,가구 > 옷장/드레스룸,P200188413,리바트,브라노 붙박이장 (일반도어),판매 중,,,1462000,,https://living.hyundailivart.co.kr/p/P200188413,https://static.hyundailivart.co.kr/upload_mall/goods/P200188413/GM43634821_img.jpg?RS=0X250&CS=250X250&AO=1,2026-08-02T22:30:00+09:00,https://living.hyundailivart.co.kr/p/P200188413
828,옷장/드레스룸,,가구 > 옷장/드레스룸,P200188410,리바트,알레 붙박이장,판매 중,,,1342000,,https://living.hyundailivart.co.kr/p/P200188410,https://static.hyundailivart.co.kr/upload_mall/goods/P200188410/GM43639574_img.jpg?RS=0X250&CS=250X250&AO=1,2026-08-02T22:30:00+09:00,https://living.hyundailivart.co.kr/p/P200188410
829,옷장/드레스룸,,가구 > 옷장/드레스룸,P200184746,리바트,브라노 3000 슬라이딩 옷장,판매 중,,,2086000,,https://living.hyundailivart.co.kr/p/P200184746,https://static.hyundailivart.co.kr/upload_mall/goods/P200184746/GM43550733_img.jpg?RS=0X250&CS=250X250&AO=1,2026-08-02T22:30:00+09:00,https://living.hyundailivart.co.kr/p/P200184746
830,옷장/드레스룸,,가구 > 옷장/드레스룸,P200184741,리바트,카리노 3000 옷장 (10.5자),판매 중,,100,19340001736000,10,https://living.hyundailivart.co.kr/p/P200184741,https://static.hyundailivart.co.kr/upload_mall/goods/P200184741/GM43550593_img.jpg?RS=0X250&CS=250X250&AO=1,2026-08-02T22:30:00+09:00,https://living.hyundailivart.co.kr/p/P200184741
831,옷장/드레스룸,,가구 > 옷장/드레스룸,P200184732,리바트,소비아 3000 옷장 일반도어 (10.5자),판매 중,,100,17960001628000,9,https://living.hyundailivart.co.kr/p/P200184732,https://static.hyundailivart.co.kr/upload_mall/goods/P200184732/GM43550525_img.jpg?RS=0X250&CS=250X250&AO=1,2026-08-02T22:30:00+09:00,https://living.hyundailivart.co.kr/p/P200184732
832,옷장/드레스룸,,가구 > 옷장/드레스룸,P200184216,리바트,블랑쉬 3000 옷장 일반도어,판매 중,,,1823000,,https://living.hyundailivart.co.kr/p/P200184216,https://static.hyundailivart.co.kr/upload_mall/goods/P200184216/GM43543063_img.jpg?RS=0X250&CS=250X250&AO=1,2026-08-02T22:30:00+09:00,https://living.hyundailivart.co.kr/p/P200184216
833,옷장/드레스룸,,가구 > 옷장/드레스룸,P200184194,리바트,라티프 3000 옷장 일반도어 (10.5자),판매 중,,100,15170001388000,9,https://living.hyundailivart.co.kr/p/P200184194,https://static.hyundailivart.co.kr/upload_mall/goods/P200184194/GM43543010_img.jpg?RS=0X250&CS=250X250&AO=1,2026-08-02T22:30:00+09:00,https://living.hyundailivart.co.kr/p/P200184194
834,옷장/드레스룸,,가구 > 옷장/드레스룸,P200172915,리바트집테리어,M100G 붙박이장,판매 중,,,,,https://living.hyundailivart.co.kr/p/P200172915,https://static.hyundailivart.co.kr/upload_mall/goods/P200172915/GM43921257_img.jpg?RS=0X250&CS=250X250&AO=1,2026-08-02T22:30:00+09:00,https://living.hyundailivart.co.kr/p/P200172915
835,옷장/드레스룸,,가구 > 옷장/드레스룸,P200152123,리바트,애니트 드레스룸 벤치장,판매 중,,,174000,,https://living.hyundailivart.co.kr/p/P200152123,https://static.hyundailivart.co.kr/upload_mall/goods/P200152123/GM42975492_img.jpg?RS=0X250&CS=250X250&AO=1,2026-08-02T22:30:00+09:00,https://living.hyundailivart.co.kr/p/P200152123
836,옷장/드레스룸,,가구 > 옷장/드레스룸,P200152122,리바트,애니트 드레스룸 와이드체스트 아일랜드장,판매 중,,,468000,,https://living.hyundailivart.co.kr/p/P200152122,https://static.hyundailivart.co.kr/upload_mall/goods/P200152122/GM42975482_img.jpg?RS=0X250&CS=250X250&AO=1,2026-08-02T22:30:00+09:00,https://living.hyundailivart.co.kr/p/P200152122
837,옷장/드레스룸,,가구 > 옷장/드레스룸,P200152110,리바트,애니트 드레스룸 2400 B형,판매 중,,,1274000,,https://living.hyundailivart.co.kr/p/P200152110,https://static.hyundailivart.co.kr/upload_mall/goods/P200152110/GM42975442_img.jpg?RS=0X250&CS=250X250&AO=1,2026-08-02T22:30:00+09:00,https://living.hyundailivart.co.kr/p/P200152110
838,옷장/드레스룸,,가구 > 옷장/드레스룸,P200152107,리바트,애니트 드레스룸 2400 A형,판매 중,,,856000,,https://living.hyundailivart.co.kr/p/P200152107,https://static.hyundailivart.co.kr/upload_mall/goods/P200152107/GM42975432_img.jpg?RS=0X250&CS=250X250&AO=1,2026-08-02T22:30:00+09:00,https://living.hyundailivart.co.kr/p/P200152107
839,옷장/드레스룸,,가구 > 옷장/드레스룸,P200152104,리바트,애니트 드레스룸 2000 B형,판매 중,,,1085000,,https://living.hyundailivart.co.kr/p/P200152104,https://static.hyundailivart.co.kr/upload_mall/goods/P200152104/GM42975417_img.jpg?RS=0X250&CS=250X250&AO=1,2026-08-02T22:30:00+09:00,https://living.hyundailivart.co.kr/p/P200152104
840,옷장/드레스룸,,가구 > 옷장/드레스룸,P200152100,리바트,애니트 드레스룸 2000 A형,판매 중,,,833000,,https://living.hyundailivart.co.kr/p/P200152100,https://static.hyundailivart.co.kr/upload_mall/goods/P200152100/GM42975382_img.jpg?RS=0X250&CS=250X250&AO=1,2026-08-02T22:30:00+09:00,https://living.hyundailivart.co.kr/p/P200152100
841,옷장/드레스룸,,가구 > 옷장/드레스룸,P200152094,리바트,애니트 드레스룸 1600 A형,판매 중,,,570000,,https://living.hyundailivart.co.kr/p/P200152094,https://static.hyundailivart.co.kr/upload_mall/goods/P200152094/GM42975322_img.jpg?RS=0X250&CS=250X250&AO=1,2026-08-02T22:30:00+09:00,https://living.hyundailivart.co.kr/p/P200152094
842,옷장/드레스룸,,가구 > 옷장/드레스룸,P200140364,리바트,애니트 3600 옷장,판매 중,,100,27370002481000,9,https://living.hyundailivart.co.kr/p/P200140364,https://static.hyundailivart.co.kr/upload_mall/goods/P200140364/GM42826811_img.jpg?RS=0X250&CS=250X250&AO=1,2026-08-02T22:30:00+09:00,https://living.hyundailivart.co.kr/p/P200140364
843,옷장/드레스룸,,가구 > 옷장/드레스룸,P200140351,리바트,애니트 3000 옷장 C형,판매 중,,100,19170001708200,11,https://living.hyundailivart.co.kr/p/P200140351,https://static.hyundailivart.co.kr/upload_mall/goods/P200140351/GM42826760_img.jpg?RS=0X250&CS=250X250&AO=1,2026-08-02T22:30:00+09:00,https://living.hyundailivart.co.kr/p/P200140351
844,옷장/드레스룸,,가구 > 옷장/드레스룸,P200140320,리바트,애니트 3000 옷장 A형,판매 중,,100,17860001654000,7,https://living.hyundailivart.co.kr/p/P200140320,https://static.hyundailivart.co.kr/upload_mall/goods/P200140320/GM42826657_img.jpg?RS=0X250&CS=250X250&AO=1,2026-08-02T22:30:00+09:00,https://living.hyundailivart.co.kr/p/P200140320
845,옷장/드레스룸,,가구 > 옷장/드레스룸,P200137713,리바트,뉴 카렌 엔드판넬,판매 중,,100,8900071000,20,https://living.hyundailivart.co.kr/p/P200137713,https://static.hyundailivart.co.kr/upload_mall/goods/P200137713/GM42852986_img.jpg?RS=0X250&CS=250X250&AO=1,2026-08-02T22:30:00+09:00,https://living.hyundailivart.co.kr/p/P200137713
846,옷장/드레스룸,,가구 > 옷장/드레스룸,P200132340,리바트,뉴 카렌 3000 옷장 (10.5자),판매 중,,100,17300001574000,9,https://living.hyundailivart.co.kr/p/P200132340,https://static.hyundailivart.co.kr/upload_mall/goods/P200132340/GM42852976_img.jpg?RS=0X250&CS=250X250&AO=1,2026-08-02T22:30:00+09:00,https://living.hyundailivart.co.kr/p/P200132340
847,옷장/드레스룸,,가구 > 옷장/드레스룸,P200131785,리바트,[클리어런스] 퓨리타 3000 붙박이장 거울도어 그레이,판매 중,클리어런스,100,16290001061100,35,https://living.hyundailivart.co.kr/p/P200131785,https://static.hyundailivart.co.kr/upload_mall/goods/P200131785/GM42709103_img.jpg?RS=0X250&CS=250X250&AO=1,2026-08-02T22:30:00+09:00,https://living.hyundailivart.co.kr/p/P200131785
848,옷장/드레스룸,,가구 > 옷장/드레스룸,P200131778,리바트,[클리어런스] 퓨리타 3000 붙박이장 거울도어 화이트,판매 중,클리어런스,100,16290001061100,35,https://living.hyundailivart.co.kr/p/P200131778,https://static.hyundailivart.co.kr/upload_mall/goods/P200131778/GM42709113_img.jpg?RS=0X250&CS=250X250&AO=1,2026-08-02T22:30:00+09:00,https://living.hyundailivart.co.kr/p/P200131778
849,옷장/드레스룸,,가구 > 옷장/드레스룸,P200131718,리바트,[클리어런스] 퓨리타 1000 키큰옷장 거울도어 그레이,판매 중,클리어런스,100,607000399900,34,https://living.hyundailivart.co.kr/p/P200131718,https://static.hyundailivart.co.kr/upload_mall/goods/P200131718/GM42737359_img.jpg?RS=0X250&CS=250X250&AO=1,2026-08-02T22:30:00+09:00,https://living.hyundailivart.co.kr/p/P200131718
850,옷장/드레스룸,,가구 > 옷장/드레스룸,P200130612,리바트,[클리어런스] 브리사 3000 붙박이장,판매 중,클리어런스,100,20380001412600,31,https://living.hyundailivart.co.kr/p/P200130612,https://static.hyundailivart.co.kr/upload_mall/goods/P200130612/GM42610103_img.jpg?RS=0X250&CS=250X250&AO=1,2026-08-02T22:30:00+09:00,https://living.hyundailivart.co.kr/p/P200130612
851,옷장/드레스룸,,가구 > 옷장/드레스룸,P200130610,리바트,[클리어런스] 브리사 2000 키큰옷장,판매 중,클리어런스,100,1193000807500,32,https://living.hyundailivart.co.kr/p/P200130610,https://static.hyundailivart.co.kr/upload_mall/goods/P200130610/GM42610056_img.jpg?RS=0X250&CS=250X250&AO=1,2026-08-02T22:30:00+09:00,https://living.hyundailivart.co.kr/p/P200130610
852,옷장/드레스룸,,가구 > 옷장/드레스룸,P200129287,리바트,[클리어런스] 아일 드레스룸 측면 포스트 낮은장 연결형,판매 중,클리어런스,100,6600043700,34,https://living.hyundailivart.co.kr/p/P200129287,https://static.hyundailivart.co.kr/upload_mall/goods/P200129287/GM42583280_img.jpg?RS=0X250&CS=250X250&AO=1,2026-08-02T22:30:00+09:00,https://living.hyundailivart.co.kr/p/P200129287
853,옷장/드레스룸,,가구 > 옷장/드레스룸,P200129286,리바트,[클리어런스] 아일 드레스룸 측면 포스트 낮은장 단독형 마감형,판매 중,클리어런스,100,6200040800,34,https://living.hyundailivart.co.kr/p/P200129286,https://static.hyundailivart.co.kr/upload_mall/goods/P200129286/GM42583255_img.jpg?RS=0X250&CS=250X250&AO=1,2026-08-02T22:30:00+09:00,https://living.hyundailivart.co.kr/p/P200129286
854,옷장/드레스룸,,가구 > 옷장/드레스룸,P200129285,리바트,[클리어런스] 아일 드레스룸 측면 포스트 연결형,판매 중,클리어런스,100,8300054100,35,https://living.hyundailivart.co.kr/p/P200129285,https://static.hyundailivart.co.kr/upload_mall/goods/P200129285/GM42583237_img.jpg?RS=0X250&CS=250X250&AO=1,2026-08-02T22:30:00+09:00,https://living.hyundailivart.co.kr/p/P200129285
855,옷장/드레스룸,,가구 > 옷장/드레스룸,P200124778,리바트,[클리어런스] 아일 드레스룸 ㄷ자 B형,판매 중,클리어런스,100,21210001344200,37,https://living.hyundailivart.co.kr/p/P200124778,https://static.hyundailivart.co.kr/upload_mall/goods/P200124778/GM43793858_img.jpg?RS=0X250&CS=250X250&AO=1,2026-08-02T22:30:00+09:00,https://living.hyundailivart.co.kr/p/P200124778
856,옷장/드레스룸,,가구 > 옷장/드레스룸,P200124777,리바트,[클리어런스] 아일 드레스룸 ㄷ자 A형,판매 중,클리어런스,100,22420001420200,37,https://living.hyundailivart.co.kr/p/P200124777,https://static.hyundailivart.co.kr/upload_mall/goods/P200124777/GM43793803_img.jpg?RS=0X250&CS=250X250&AO=1,2026-08-02T22:30:00+09:00,https://living.hyundailivart.co.kr/p/P200124777
857,옷장/드레스룸,,가구 > 옷장/드레스룸,P200124776,리바트,[클리어런스] 아일 드레스룸 ㄱ자 C형,판매 중,클리어런스,100,1309000837900,36,https://living.hyundailivart.co.kr/p/P200124776,https://static.hyundailivart.co.kr/upload_mall/goods/P200124776/GM42496134_img.jpg?RS=0X250&CS=250X250&AO=1,2026-08-02T22:30:00+09:00,https://living.hyundailivart.co.kr/p/P200124776
858,옷장/드레스룸,,가구 > 옷장/드레스룸,P200124775,리바트,[클리어런스] 아일 드레스룸 ㄱ자 B형,판매 중,클리어런스,100,1314000839800,36,https://living.hyundailivart.co.kr/p/P200124775,https://static.hyundailivart.co.kr/upload_mall/goods/P200124775/GM42496122_img.jpg?RS=0X250&CS=250X250&AO=1,2026-08-02T22:30:00+09:00,https://living.hyundailivart.co.kr/p/P200124775
859,옷장/드레스룸,,가구 > 옷장/드레스룸,P200124774,리바트,[클리어런스] 아일 드레스룸 ㄱ자 A형,판매 중,클리어런스,100,1035000657400,36,https://living.hyundailivart.co.kr/p/P200124774,https://static.hyundailivart.co.kr/upload_mall/goods/P200124774/GM42496109_img.jpg?RS=0X250&CS=250X250&AO=1,2026-08-02T22:30:00+09:00,https://living.hyundailivart.co.kr/p/P200124774
860,옷장/드레스룸,,가구 > 옷장/드레스룸,P200124773,리바트,[클리어런스] 아일 드레스룸 2400 C형,판매 중,클리어런스,100,1482000961400,35,https://living.hyundailivart.co.kr/p/P200124773,https://static.hyundailivart.co.kr/upload_mall/goods/P200124773/GM42493587_img.jpg?RS=0X250&CS=250X250&AO=1,2026-08-02T22:30:00+09:00,https://living.hyundailivart.co.kr/p/P200124773
861,옷장/드레스룸,,가구 > 옷장/드레스룸,P200124772,리바트,[클리어런스] 아일 드레스룸 2400 B형,판매 중,클리어런스,100,871000560500,36,https://living.hyundailivart.co.kr/p/P200124772,https://static.hyundailivart.co.kr/upload_mall/goods/P200124772/GM42493577_img.jpg?RS=0X250&CS=250X250&AO=1,2026-08-02T22:30:00+09:00,https://living.hyundailivart.co.kr/p/P200124772
862,옷장/드레스룸,,가구 > 옷장/드레스룸,P200124770,리바트,[클리어런스] 아일 드레스룸 2000 F형,판매 중,클리어런스,100,797000518700,35,https://living.hyundailivart.co.kr/p/P200124770,https://static.hyundailivart.co.kr/upload_mall/goods/P200124770/GM42491944_img.jpg?RS=0X250&CS=250X250&AO=1,2026-08-02T22:30:00+09:00,https://living.hyundailivart.co.kr/p/P200124770
863,옷장/드레스룸,,가구 > 옷장/드레스룸,P200124766,리바트,[클리어런스] 아일 드레스룸 2000 B형,판매 중,클리어런스,100,733000473100,35,https://living.hyundailivart.co.kr/p/P200124766,https://static.hyundailivart.co.kr/upload_mall/goods/P200124766/GM42491892_img.jpg?RS=0X250&CS=250X250&AO=1,2026-08-02T22:30:00+09:00,https://living.hyundailivart.co.kr/p/P200124766
864,옷장/드레스룸,,가구 > 옷장/드레스룸,P200124764,리바트,[클리어런스] 아일 드레스룸 1600 C형,판매 중,클리어런스,100,643000415100,35,https://living.hyundailivart.co.kr/p/P200124764,https://static.hyundailivart.co.kr/upload_mall/goods/P200124764/GM42491865_img.jpg?RS=0X250&CS=250X250&AO=1,2026-08-02T22:30:00+09:00,https://living.hyundailivart.co.kr/p/P200124764
865,옷장/드레스룸,,가구 > 옷장/드레스룸,P200107005,리바트,[클리어런스] 프레임 드레스룸 800 옷봉,판매 중,클리어런스,100,190008500,55,https://living.hyundailivart.co.kr/p/P200107005,,2026-08-02T22:30:00+09:00,https://living.hyundailivart.co.kr/p/P200107005
866,옷장/드레스룸,,가구 > 옷장/드레스룸,P200107003,리바트,[클리어런스] 프레임 드레스룸 600 옷봉,판매 중,클리어런스,100,180008500,53,https://living.hyundailivart.co.kr/p/P200107003,,2026-08-02T22:30:00+09:00,https://living.hyundailivart.co.kr/p/P200107003
867,옷장/드레스룸,,가구 > 옷장/드레스룸,P200096072,리바트집테리어,M100G 슬라이딩 붙박이장,판매 중,,,,,https://living.hyundailivart.co.kr/p/P200096072,https://static.hyundailivart.co.kr/upload_mall/goods/P200096072/GM43448260_img.jpg?RS=0X250&CS=250X250&AO=1,2026-08-02T22:30:00+09:00,https://living.hyundailivart.co.kr/p/P200096072
868,옷장/드레스룸,,가구 > 옷장/드레스룸,P200095297,리바트,브라노 3000 옷장 10.5자 기본 (일반도어),판매 중,,,1790000,,https://living.hyundailivart.co.kr/p/P200095297,https://static.hyundailivart.co.kr/upload_mall/goods/P200095297/GM43544808_img.jpg?RS=0X250&CS=250X250&AO=1,2026-08-02T22:30:00+09:00,https://living.hyundailivart.co.kr/p/P200095297
869,키즈/주니어,,가구 > 키즈/주니어,P200022958,리바트,마이온 400 오픈장,판매 중,,100,267000122800,54,https://living.hyundailivart.co.kr/p/P200022958,https://static.hyundailivart.co.kr/upload_mall/goods/P200022958/GM40257244_img.jpg?RS=0X250&CS=250X250&AO=1,2026-08-02T22:30:00+09:00,https://living.hyundailivart.co.kr/p/P200022958
870,옷장/드레스룸,,가구 > 옷장/드레스룸,P200019742,리첸,7900G 어센틱 붙박이장,판매 중,,,,,https://living.hyundailivart.co.kr/p/P200019742,https://static.hyundailivart.co.kr/upload_mall/goods/P200019742/GM40145996_img.jpg?RS=0X250&CS=250X250&AO=1,2026-08-02T22:30:00+09:00,https://living.hyundailivart.co.kr/p/P200019742
871,옷장/드레스룸,,가구 > 옷장/드레스룸,P200019698,리첸,7500G 피노누아 글로시 붙박이장,판매 중,,,,,https://living.hyundailivart.co.kr/p/P200019698,https://static.hyundailivart.co.kr/upload_mall/goods/P200019698/GM40145750_img.jpg?RS=0X250&CS=250X250&AO=1,2026-08-02T22:30:00+09:00,https://living.hyundailivart.co.kr/p/P200019698
872,옷장/드레스룸,,가구 > 옷장/드레스룸,P200019695,리첸,7400G 피노누아 미스티 붙박이장,판매 중,,,,,https://living.hyundailivart.co.kr/p/P200019695,https://static.hyundailivart.co.kr/upload_mall/goods/P200019695/GM40145474_img.jpg?RS=0X250&CS=250X250&AO=1,2026-08-02T22:30:00+09:00,https://living.hyundailivart.co.kr/p/P200019695
873,옷장/드레스룸,,가구 > 옷장/드레스룸,P200019620,리첸,7100G 누보 글로시 붙박이장,판매 중,,,,,https://living.hyundailivart.co.kr/p/P200019620,https://static.hyundailivart.co.kr/upload_mall/goods/P200019620/GM40145677_img.jpg?RS=0X250&CS=250X250&AO=1,2026-08-02T22:30:00+09:00,https://living.hyundailivart.co.kr/p/P200019620
874,옷장/드레스룸,,가구 > 옷장/드레스룸,P200019368,리첸,7000G 누보 미스티 붙박이장,판매 중,,,,,https://living.hyundailivart.co.kr/p/P200019368,https://static.hyundailivart.co.kr/upload_mall/goods/P200019368/GM40145415_img.jpg?RS=0X250&CS=250X250&AO=1,2026-08-02T22:30:00+09:00,https://living.hyundailivart.co.kr/p/P200019368
875,옷장/드레스룸,,가구 > 옷장/드레스룸,P200019343,리바트집테리어,L100G 붙박이장,판매 중,,,,,https://living.hyundailivart.co.kr/p/P200019343,https://static.hyundailivart.co.kr/upload_mall/goods/P200019343/GM40161459_img.jpg?RS=0X250&CS=250X250&AO=1,2026-08-02T22:30:00+09:00,https://living.hyundailivart.co.kr/p/P200019343
876,옷장/드레스룸,,가구 > 옷장/드레스룸,P200017116,리바트,[클리어런스] 프레임 드레스룸 연결형 그레이,판매 중,클리어런스,100,546000255500,53,https://living.hyundailivart.co.kr/p/P200017116,https://static.hyundailivart.co.kr/upload_mall/goods/P200017116/GM41437903_img.jpg?RS=0X250&CS=250X250&AO=1,2026-08-02T22:30:00+09:00,https://living.hyundailivart.co.kr/p/P200017116
877,옷장/드레스룸,,가구 > 옷장/드레스룸,P200015410,리바트집테리어,마스터 붙박이장,판매 중,,,,,https://living.hyundailivart.co.kr/p/P200015410,https://static.hyundailivart.co.kr/upload_mall/goods/P200015410/GM40110330_img.jpg?RS=0X250&CS=250X250&AO=1,2026-08-02T22:30:00+09:00,https://living.hyundailivart.co.kr/p/P200015410
878,옷장/드레스룸,,가구 > 옷장/드레스룸,P100034016,리바트,[클리어런스] 퓨리타 붙박이장 일반도어 그레이,판매 중,클리어런스,100,1339000886300,34,https://living.hyundailivart.co.kr/p/P100034016,https://static.hyundailivart.co.kr/upload_mall/goods/P100034016/GM42709083_img.jpg?RS=0X250&CS=250X250&AO=1,2026-08-02T22:30:00+09:00,https://living.hyundailivart.co.kr/p/P100034016
879,옷장/드레스룸,,가구 > 옷장/드레스룸,P100033912,리바트,[클리어런스] 퓨리타 1600 키큰옷장 거울도어 그레이,판매 중,클리어런스,100,902000592800,34,https://living.hyundailivart.co.kr/p/P100033912,https://static.hyundailivart.co.kr/upload_mall/goods/P100033912/GM10109845_img.jpg?RS=0X250&CS=250X250&AO=1,2026-08-02T22:30:00+09:00,https://living.hyundailivart.co.kr/p/P100033912
880,옷장/드레스룸,,가구 > 옷장/드레스룸,P100032093,리바트,[클리어런스] 토피 1600 옷장 거울도어 선반장,판매 중,클리어런스,100,987000789000,20,https://living.hyundailivart.co.kr/p/P100032093,,2026-08-02T22:30:00+09:00,https://living.hyundailivart.co.kr/p/P100032093
881,옷장/드레스룸,,가구 > 옷장/드레스룸,P100032057,리바트,[클리어런스] 토피 800 옷장 거울도어 선반장,판매 중,클리어런스,100,621000503000,19,https://living.hyundailivart.co.kr/p/P100032057,,2026-08-02T22:30:00+09:00,https://living.hyundailivart.co.kr/p/P100032057
882,옷장/드레스룸,,가구 > 옷장/드레스룸,P100032047,리바트,[클리어런스] 토피 800 옷장 거울도어,판매 중,클리어런스,100,567000446000,21,https://living.hyundailivart.co.kr/p/P100032047,,2026-08-02T22:30:00+09:00,https://living.hyundailivart.co.kr/p/P100032047
883,옷장/드레스룸,,가구 > 옷장/드레스룸,P100032019,리바트,[클리어런스] 토피 슬라이딩 1200 짧은옷 서랍옷장,판매 중,클리어런스,100,759000608900,20,https://living.hyundailivart.co.kr/p/P100032019,,2026-08-02T22:30:00+09:00,https://living.hyundailivart.co.kr/p/P100032019
884,옷장/드레스룸,,가구 > 옷장/드레스룸,P100031702,리바트,[클리어런스] 뉴트 붙박이장 누디베이지,판매 중,클리어런스,100,16340001228000,25,https://living.hyundailivart.co.kr/p/P100031702,https://static.hyundailivart.co.kr/upload_mall/goods/P100031702/GM41085868_img.jpg?RS=0X250&CS=250X250&AO=1,2026-08-02T22:30:00+09:00,https://living.hyundailivart.co.kr/p/P100031702
885,옷장/드레스룸,,가구 > 옷장/드레스룸,P100031672,리바트,[클리어런스] 뉴트 붙박이장 그레이,판매 중,클리어런스,100,16340001228000,25,https://living.hyundailivart.co.kr/p/P100031672,https://static.hyundailivart.co.kr/upload_mall/goods/P100031672/GM41085886_img.jpg?RS=0X250&CS=250X250&AO=1,2026-08-02T22:30:00+09:00,https://living.hyundailivart.co.kr/p/P100031672
886,옷장/드레스룸,,가구 > 옷장/드레스룸,P100031246,리바트,[클리어런스] 토피 옷장 연결형/브릿지형/악세사리,판매 중,클리어런스,100,1800015000,17,https://living.hyundailivart.co.kr/p/P100031246,,2026-08-02T22:30:00+09:00,https://living.hyundailivart.co.kr/p/P100031246
887,옷장/드레스룸,,가구 > 옷장/드레스룸,P100030533,리바트집테리어,글래드 붙박이장,판매 중,,,,,https://living.hyundailivart.co.kr/p/P100030533,,2026-08-02T22:30:00+09:00,https://living.hyundailivart.co.kr/p/P100030533
888,옷장/드레스룸,,가구 > 옷장/드레스룸,P100029894,리바트,알레 3000 슬라이딩 옷장 무광도어,판매 중,,,2221000,,https://living.hyundailivart.co.kr/p/P100029894,https://static.hyundailivart.co.kr/upload_mall/goods/P100029894/GM43550714_img.jpg?RS=0X250&CS=250X250&AO=1,2026-08-02T22:30:00+09:00,https://living.hyundailivart.co.kr/p/P100029894
889,옷장/드레스룸,,가구 > 옷장/드레스룸,P100029581,리바트,덴버 드레스룸 1600 슬라이딩장 -  서랍형B(2색택1),판매 중,,,1219000,,https://living.hyundailivart.co.kr/p/P100029581,,2026-08-02T22:30:00+09:00,https://living.hyundailivart.co.kr/p/P100029581
890,옷장/드레스룸,,가구 > 옷장/드레스룸,P100028217,리바트,[클리어런스] 프레임 드레스룸 옷봉,판매 중,클리어런스,100,190008500,55,https://living.hyundailivart.co.kr/p/P100028217,,2026-08-02T22:30:00+09:00,https://living.hyundailivart.co.kr/p/P100028217
891,옷장/드레스룸,,가구 > 옷장/드레스룸,P100028190,리바트,[클리어런스] 프레임 드레스룸 연결형 화이트,판매 중,클리어런스,100,546000255500,53,https://living.hyundailivart.co.kr/p/P100028190,https://static.hyundailivart.co.kr/upload_mall/goods/P100028190/GM41437904_img.jpg?RS=0X250&CS=250X250&AO=1,2026-08-02T22:30:00+09:00,https://living.hyundailivart.co.kr/p/P100028190
892,옷장/드레스룸,,가구 > 옷장/드레스룸,P100028131,리바트,[클리어런스] 프레임 드레스룸 단독장,판매 중,클리어런스,100,269000142500,47,https://living.hyundailivart.co.kr/p/P100028131,https://static.hyundailivart.co.kr/upload_mall/goods/P100028131/GM41437901_img.jpg?RS=0X250&CS=250X250&AO=1,2026-08-02T22:30:00+09:00,https://living.hyundailivart.co.kr/p/P100028131
893,옷장/드레스룸,,가구 > 옷장/드레스룸,P100027844,리바트,[클리어런스] 프레임 드레스룸 800 멀티수납장,판매 중,클리어런스,100,269000142500,47,https://living.hyundailivart.co.kr/p/P100027844,,2026-08-02T22:30:00+09:00,https://living.hyundailivart.co.kr/p/P100027844
894,옷장/드레스룸,,가구 > 옷장/드레스룸,P100027621,리바트,[클리어런스] 뉴트 3000 옷장세트,판매 중,클리어런스,100,16720001318000,21,https://living.hyundailivart.co.kr/p/P100027621,,2026-08-02T22:30:00+09:00,https://living.hyundailivart.co.kr/p/P100027621
895,옷장/드레스룸,,가구 > 옷장/드레스룸,P100027612,리바트,[클리어런스] 뉴트 2000 옷장 B형,판매 중,클리어런스,100,1100000926000,16,https://living.hyundailivart.co.kr/p/P100027612,,2026-08-02T22:30:00+09:00,https://living.hyundailivart.co.kr/p/P100027612
896,옷장/드레스룸,,가구 > 옷장/드레스룸,P100027609,리바트,[클리어런스] 뉴트 2000 옷장 A형,판매 중,클리어런스,100,1042000829000,20,https://living.hyundailivart.co.kr/p/P100027609,,2026-08-02T22:30:00+09:00,https://living.hyundailivart.co.kr/p/P100027609
897,옷장/드레스룸,,가구 > 옷장/드레스룸,P100027044,리바트,[클리어런스] 모뜨 2400 옷장 오픈형 거울도어 선반장,판매 중,클리어런스,100,1490000855000,43,https://living.hyundailivart.co.kr/p/P100027044,,2026-08-02T22:30:00+09:00,https://living.hyundailivart.co.kr/p/P100027044
898,옷장/드레스룸,,가구 > 옷장/드레스룸,P100027043,리바트,[클리어런스] 모뜨 2400 옷장 오픈형 거울도어 T긴옷장,판매 중,클리어런스,100,1433000835000,42,https://living.hyundailivart.co.kr/p/P100027043,,2026-08-02T22:30:00+09:00,https://living.hyundailivart.co.kr/p/P100027043
899,옷장/드레스룸,,가구 > 옷장/드레스룸,P100027042,리바트,[클리어런스] 모뜨 2000 옷장 오픈형 거울도어 선반장,판매 중,클리어런스,100,1142000672600,41,https://living.hyundailivart.co.kr/p/P100027042,,2026-08-02T22:30:00+09:00,https://living.hyundailivart.co.kr/p/P100027042
900,옷장/드레스룸,,가구 > 옷장/드레스룸,P100027041,리바트,[클리어런스] 모뜨 2000 옷장 오픈형 거울도어 긴옷장,판매 중,클리어런스,100,1085000647900,40,https://living.hyundailivart.co.kr/p/P100027041,,2026-08-02T22:30:00+09:00,https://living.hyundailivart.co.kr/p/P100027041
901,옷장/드레스룸,,가구 > 옷장/드레스룸,P100027040,리바트,[클리어런스] 모뜨 1600 옷장 오픈형 거울도어 선반장,판매 중,클리어런스,100,1027000608900,41,https://living.hyundailivart.co.kr/p/P100027040,,2026-08-02T22:30:00+09:00,https://living.hyundailivart.co.kr/p/P100027040
902,옷장/드레스룸,,가구 > 옷장/드레스룸,P100027039,리바트,[클리어런스] 모뜨 1600 옷장 오픈형 거울도어 T긴옷장,판매 중,클리어런스,100,996000585200,41,https://living.hyundailivart.co.kr/p/P100027039,,2026-08-02T22:30:00+09:00,https://living.hyundailivart.co.kr/p/P100027039
903,옷장/드레스룸,,가구 > 옷장/드레스룸,P100027038,리바트,[클리어런스] 모뜨 1200 옷장 오픈형 거울도어 선반장,판매 중,클리어런스,100,676000414200,39,https://living.hyundailivart.co.kr/p/P100027038,,2026-08-02T22:30:00+09:00,https://living.hyundailivart.co.kr/p/P100027038
904,옷장/드레스룸,,가구 > 옷장/드레스룸,P100027037,리바트,[클리어런스] 모뜨 1200 옷장 오픈형 거울도어 긴옷장,판매 중,클리어런스,100,645000382800,41,https://living.hyundailivart.co.kr/p/P100027037,,2026-08-02T22:30:00+09:00,https://living.hyundailivart.co.kr/p/P100027037
905,옷장/드레스룸,,가구 > 옷장/드레스룸,P100027036,리바트,[클리어런스] 모뜨 800 옷장 오픈형 거울도어 선반장,판매 중,클리어런스,100,590000357200,39,https://living.hyundailivart.co.kr/p/P100027036,,2026-08-02T22:30:00+09:00,https://living.hyundailivart.co.kr/p/P100027036
906,옷장/드레스룸,,가구 > 옷장/드레스룸,P100027035,리바트,[클리어런스] 모뜨 800 옷장 오픈형 거울도어 T긴옷장,판매 중,클리어런스,100,559000342000,39,https://living.hyundailivart.co.kr/p/P100027035,,2026-08-02T22:30:00+09:00,https://living.hyundailivart.co.kr/p/P100027035
907,옷장/드레스룸,,가구 > 옷장/드레스룸,P100026686,리바트,[클리어런스] 모뜨 2400 옷장 오픈형 선반장,판매 중,클리어런스,100,1344000794200,41,https://living.hyundailivart.co.kr/p/P100026686,,2026-08-02T22:30:00+09:00,https://living.hyundailivart.co.kr/p/P100026686
908,옷장/드레스룸,,가구 > 옷장/드레스룸,P100026685,리바트,[클리어런스] 모뜨 2400 옷장 오픈형 T긴옷장,판매 중,클리어런스,100,1287000741900,42,https://living.hyundailivart.co.kr/p/P100026685,,2026-08-02T22:30:00+09:00,https://living.hyundailivart.co.kr/p/P100026685
909,옷장/드레스룸,,가구 > 옷장/드레스룸,P100026684,리바트,[클리어런스] 모뜨 2000 옷장 오픈형 선반장,판매 중,클리어런스,100,1085000663100,39,https://living.hyundailivart.co.kr/p/P100026684,,2026-08-02T22:30:00+09:00,https://living.hyundailivart.co.kr/p/P100026684
910,옷장/드레스룸,,가구 > 옷장/드레스룸,P100026682,리바트,[클리어런스] 모뜨 2000 옷장 오픈형 긴옷장,판매 중,클리어런스,100,1054000625100,41,https://living.hyundailivart.co.kr/p/P100026682,,2026-08-02T22:30:00+09:00,https://living.hyundailivart.co.kr/p/P100026682
911,옷장/드레스룸,,가구 > 옷장/드레스룸,P100026677,리바트,[클리어런스] 모뜨 1600 옷장 오픈형 선반장,판매 중,클리어런스,100,881000527200,40,https://living.hyundailivart.co.kr/p/P100026677,,2026-08-02T22:30:00+09:00,https://living.hyundailivart.co.kr/p/P100026677
912,옷장/드레스룸,,가구 > 옷장/드레스룸,P100026676,리바트,[클리어런스] 모뜨 1600 옷장 오픈형 T긴옷장,판매 중,클리어런스,100,850000491100,42,https://living.hyundailivart.co.kr/p/P100026676,,2026-08-02T22:30:00+09:00,https://living.hyundailivart.co.kr/p/P100026676
913,옷장/드레스룸,,가구 > 옷장/드레스룸,P100026671,리바트,[클리어런스] 모뜨 800 옷장 선반장,판매 중,클리어런스,100,533000326800,39,https://living.hyundailivart.co.kr/p/P100026671,,2026-08-02T22:30:00+09:00,https://living.hyundailivart.co.kr/p/P100026671
914,옷장/드레스룸,,가구 > 옷장/드레스룸,P100026669,리바트,[클리어런스] 모뜨 800 옷장 T긴옷장,판매 중,클리어런스,100,502000300200,40,https://living.hyundailivart.co.kr/p/P100026669,,2026-08-02T22:30:00+09:00,https://living.hyundailivart.co.kr/p/P100026669
915,옷장/드레스룸,,가구 > 옷장/드레스룸,P100026442,리바트,[클리어런스] 모뜨 800 옷장(짧은옷장),판매 중,클리어런스,100,437000266000,39,https://living.hyundailivart.co.kr/p/P100026442,,2026-08-02T22:30:00+09:00,https://living.hyundailivart.co.kr/p/P100026442
916,옷장/드레스룸,,가구 > 옷장/드레스룸,P100026436,리바트,[클리어런스] 모뜨 800 옷장 오픈형 선반장,판매 중,클리어런스,100,444000273600,38,https://living.hyundailivart.co.kr/p/P100026436,,2026-08-02T22:30:00+09:00,https://living.hyundailivart.co.kr/p/P100026436
917,옷장/드레스룸,,가구 > 옷장/드레스룸,P100026435,리바트,[클리어런스] 모뜨 800 옷장 오픈형 T긴옷장,판매 중,클리어런스,100,413000250800,39,https://living.hyundailivart.co.kr/p/P100026435,,2026-08-02T22:30:00+09:00,https://living.hyundailivart.co.kr/p/P100026435
918,옷장/드레스룸,,가구 > 옷장/드레스룸,P100023929,리바트,[클리어런스] 뉴트 980 3단서랍옷장 누디베이지,판매 중,클리어런스,100,630000558000,11,https://living.hyundailivart.co.kr/p/P100023929,,2026-08-02T22:30:00+09:00,https://living.hyundailivart.co.kr/p/P100023929
919,옷장/드레스룸,,가구 > 옷장/드레스룸,P100023904,리바트,[클리어런스] 뉴트 980 3단서랍옷장 그레이,판매 중,클리어런스,100,630000558000,11,https://living.hyundailivart.co.kr/p/P100023904,,2026-08-02T22:30:00+09:00,https://living.hyundailivart.co.kr/p/P100023904
920,옷장/드레스룸,,가구 > 옷장/드레스룸,P100023903,리바트,[클리어런스] 뉴트 980 긴옷장,판매 중,클리어런스,100,470000419000,11,https://living.hyundailivart.co.kr/p/P100023903,,2026-08-02T22:30:00+09:00,https://living.hyundailivart.co.kr/p/P100023903
921,옷장/드레스룸,,가구 > 옷장/드레스룸,P100023902,리바트,[클리어런스] 뉴트 980 중앙서랍옷장 그레이,판매 중,클리어런스,100,572000470000,18,https://living.hyundailivart.co.kr/p/P100023902,,2026-08-02T22:30:00+09:00,https://living.hyundailivart.co.kr/p/P100023902
922,마이스터 컬렉션,,가구 > 마이스터 컬렉션,P200194159,리바트 마이스터 컬렉션,버밀리온 벽 거울,판매 중,,,490000,,https://living.hyundailivart.co.kr/p/P200194159,https://static.hyundailivart.co.kr/upload_mall/goods/P200194159/GM43786641_img.jpg?RS=0X250&CS=250X250&AO=1,2026-08-02T22:30:00+09:00,https://living.hyundailivart.co.kr/p/P200194159
923,수납장/서랍장,,가구 > 수납장/서랍장,P100034245,리바트,[클리어런스] 리타 수납형 거울장 화장대,판매 중,클리어런스,100,819000696300,15,https://living.hyundailivart.co.kr/p/P100034245,,2026-08-02T22:30:00+09:00,https://living.hyundailivart.co.kr/p/P100034245
924,수납장/서랍장,,가구 > 수납장/서랍장,P100034249,리바트,[클리어런스] 리타 슬라이딩 거울장 화장대,판매 중,클리어런스,100,889000746700,16,https://living.hyundailivart.co.kr/p/P100034249,,2026-08-02T22:30:00+09:00,https://living.hyundailivart.co.kr/p/P100034249
925,화장대/거울/스툴,,가구 > 화장대/거울/스툴,P100024610,리바트,[클리어런스] 데이지 화이트거울 화장대,판매 중,클리어런스,100,496000304000,39,https://living.hyundailivart.co.kr/p/P100024610,,2026-08-02T22:30:00+09:00,https://living.hyundailivart.co.kr/p/P100024610
926,화장대/거울/스툴,,가구 > 화장대/거울/스툴,P200044441,리바트,브라노 수납형 화장대,판매 중,,100,784000706000,10,https://living.hyundailivart.co.kr/p/P200044441,https://static.hyundailivart.co.kr/upload_mall/goods/P200044441/GM40897451_img.jpg?RS=0X250&CS=250X250&AO=1,2026-08-02T22:30:00+09:00,https://living.hyundailivart.co.kr/p/P200044441
927,화장대/거울/스툴,,가구 > 화장대/거울/스툴,P100016436,리바트,[클리어런스] 스페이스 스마트 서랍형 수납화장대,판매 중,클리어런스,100,258000201400,22,https://living.hyundailivart.co.kr/p/P100016436,https://static.hyundailivart.co.kr/upload_mall/goods/P100016436/GM40617192_img.jpg?RS=0X250&CS=250X250&AO=1,2026-08-02T22:30:00+09:00,https://living.hyundailivart.co.kr/p/P100016436
928,화장대/거울/스툴,,가구 > 화장대/거울/스툴,P100031575,리바트,[클리어런스] 모뜨 서랍형 수납화장대,판매 중,클리어런스,100,256000236500,8,https://living.hyundailivart.co.kr/p/P100031575,https://static.hyundailivart.co.kr/upload_mall/goods/P100031575/GM40369453_img.png?RS=0X250&CS=250X250&AO=1,2026-08-02T22:30:00+09:00,https://living.hyundailivart.co.kr/p/P100031575
929,화장대/거울/스툴,,가구 > 화장대/거울/스툴,P200127886,리바트,에스테틱 1000 화장대,판매 중,,,676000,,https://living.hyundailivart.co.kr/p/P200127886,https://static.hyundailivart.co.kr/upload_mall/goods/P200127886/GM42547284_img.jpg?RS=0X250&CS=250X250&AO=1,2026-08-02T22:30:00+09:00,https://living.hyundailivart.co.kr/p/P200127886
930,화장대/거울/스툴,,가구 > 화장대/거울/스툴,P200127882,리바트,에스테틱 800 화장대,판매 중,,,655000,,https://living.hyundailivart.co.kr/p/P200127882,https://static.hyundailivart.co.kr/upload_mall/goods/P200127882/GM42547268_img.jpg?RS=0X250&CS=250X250&AO=1,2026-08-02T22:30:00+09:00,https://living.hyundailivart.co.kr/p/P200127882
931,화장대/거울/스툴,,가구 > 화장대/거울/스툴,P100032141,리바트,비블리 벨벳 스툴,판매 중,,,185000,,https://living.hyundailivart.co.kr/p/P100032141,,2026-08-02T22:30:00+09:00,https://living.hyundailivart.co.kr/p/P100032141
932,화장대/거울/스툴,,가구 > 화장대/거울/스툴,P200100804,리바트,에스테틱 화장대 조명 원형 거울,판매 중,,,149000,,https://living.hyundailivart.co.kr/p/P200100804,https://static.hyundailivart.co.kr/upload_mall/goods/P200100804/GM42043409_img.jpg?RS=0X250&CS=250X250&AO=1,2026-08-02T22:30:00+09:00,https://living.hyundailivart.co.kr/p/P200100804
933,화장대/거울/스툴,,가구 > 화장대/거울/스툴,P100024611,리바트,[클리어런스] 데이지 스틸거울 화장대,판매 중,클리어런스,100,485000298300,38,https://living.hyundailivart.co.kr/p/P100024611,,2026-08-02T22:30:00+09:00,https://living.hyundailivart.co.kr/p/P100024611
934,화장대/거울/스툴,,가구 > 화장대/거울/스툴,P100031548,리바트,코펜하겐 수납화장대 미드브라운,판매 중,,,431000,,https://living.hyundailivart.co.kr/p/P100031548,,2026-08-02T22:30:00+09:00,https://living.hyundailivart.co.kr/p/P100031548
935,화장대/거울/스툴,,가구 > 화장대/거울/스툴,P200198546,리바트,스와니에 화장대,판매 중,,,771000,,https://living.hyundailivart.co.kr/p/P200198546,https://static.hyundailivart.co.kr/upload_mall/goods/P200198546/GM43960767_img.jpg?RS=0X250&CS=250X250&AO=1,2026-08-02T22:30:00+09:00,https://living.hyundailivart.co.kr/p/P200198546
936,화장대/거울/스툴,,가구 > 화장대/거울/스툴,P100013422,리바트,[클리어런스] 스페이스 스마트 슬라이딩 수납화장대,판매 중,클리어런스,100,251000172900,31,https://living.hyundailivart.co.kr/p/P100013422,https://static.hyundailivart.co.kr/upload_mall/goods/P100013422/GM40380262_img.jpg?RS=0X250&CS=250X250&AO=1,2026-08-02T22:30:00+09:00,https://living.hyundailivart.co.kr/p/P100013422
937,화장대/거울/스툴,,가구 > 화장대/거울/스툴,P100018558,리바트,거울 뒷받침 철물 (거치대) - 뒷받침 철물,판매 중,,,19000,,https://living.hyundailivart.co.kr/p/P100018558,,2026-08-02T22:30:00+09:00,https://living.hyundailivart.co.kr/p/P100018558
938,수납장/서랍장,,가구 > 수납장/서랍장,P100034241,리바트,[클리어런스] 리타 ㄱ자 화장대세트(거울미포함),판매 중,클리어런스,100,576000502500,13,https://living.hyundailivart.co.kr/p/P100034241,,2026-08-02T22:30:00+09:00,https://living.hyundailivart.co.kr/p/P100034241
939,화장대/거울/스툴,,가구 > 화장대/거울/스툴,P200188464,리바트 세계가구,[클리어런스] 사모아 라탄 콘솔 화장대,판매 중,클리어런스,100,433000269000,38,https://living.hyundailivart.co.kr/p/P200188464,https://static.hyundailivart.co.kr/upload_mall/goods/P200188464/GM43635912_img.jpg?RS=0X250&CS=250X250&AO=1,2026-08-02T22:30:00+09:00,https://living.hyundailivart.co.kr/p/P200188464
940,화장대/거울/스툴,,가구 > 화장대/거울/스툴,P100034238,리바트,[클리어런스] 리타 슬라이딩 거울장,판매 중,클리어런스,100,313000245100,22,https://living.hyundailivart.co.kr/p/P100034238,,2026-08-02T22:30:00+09:00,https://living.hyundailivart.co.kr/p/P100034238
941,화장대/거울/스툴,,가구 > 화장대/거울/스툴,P200044486,리바트,브라노 거울,판매 중,,100,161000145000,10,https://living.hyundailivart.co.kr/p/P200044486,https://static.hyundailivart.co.kr/upload_mall/goods/P200044486/GM40897475_img.jpg?RS=0X250&CS=250X250&AO=1,2026-08-02T22:30:00+09:00,https://living.hyundailivart.co.kr/p/P200044486
942,화장대/거울/스툴,,가구 > 화장대/거울/스툴,P100031658,리바트,엘로이 소형화장대 600 - 소형 화장대 600 화이트,판매 중,,,487000,,https://living.hyundailivart.co.kr/p/P100031658,,2026-08-02T22:30:00+09:00,https://living.hyundailivart.co.kr/p/P100031658
943,화장대/거울/스툴,,가구 > 화장대/거울/스툴,P100024606,리바트,[클리어런스] 데이지 화이트 거울,판매 중,클리어런스,100,12700080700,36,https://living.hyundailivart.co.kr/p/P100024606,,2026-08-02T22:30:00+09:00,https://living.hyundailivart.co.kr/p/P100024606
944,화장대/거울/스툴,,가구 > 화장대/거울/스툴,P100024608,리바트,[클리어런스] 데이지 스틸 거울,판매 중,클리어런스,100,11600074100,36,https://living.hyundailivart.co.kr/p/P100024608,,2026-08-02T22:30:00+09:00,https://living.hyundailivart.co.kr/p/P100024608
945,화장대/거울/스툴,,가구 > 화장대/거울/스툴,P200198549,리바트,스와니에 화장대 타원형 조명 거울,판매 중,,,199000,,https://living.hyundailivart.co.kr/p/P200198549,https://static.hyundailivart.co.kr/upload_mall/goods/P200198549/GM43960783_img.jpg?RS=0X250&CS=250X250&AO=1,2026-08-02T22:30:00+09:00,https://living.hyundailivart.co.kr/p/P200198549
946,화장대/거울/스툴,,가구 > 화장대/거울/스툴,P200127894,리바트,에스테틱 화장대 서랍 칸막이 디바이더,판매 중,,,26000,,https://living.hyundailivart.co.kr/p/P200127894,https://static.hyundailivart.co.kr/upload_mall/goods/P200127894/GM42547380_img.jpg?RS=0X250&CS=250X250&AO=1,2026-08-02T22:30:00+09:00,https://living.hyundailivart.co.kr/p/P200127894
947,화장대/거울/스툴,,가구 > 화장대/거울/스툴,P200095426,리바트,코펜하겐 수납화장대 원형거울,판매 중,,,116000,,https://living.hyundailivart.co.kr/p/P200095426,https://static.hyundailivart.co.kr/upload_mall/goods/P200095426/GM41932935_img.jpg?RS=0X250&CS=250X250&AO=1,2026-08-02T22:30:00+09:00,https://living.hyundailivart.co.kr/p/P200095426
948,화장대/거울/스툴,,가구 > 화장대/거울/스툴,P100031547,리바트,코펜하겐 수납화장대 원형거울 - (중),판매 중,,,134000,,https://living.hyundailivart.co.kr/p/P100031547,,2026-08-02T22:30:00+09:00,https://living.hyundailivart.co.kr/p/P100031547
949,화장대/거울/스툴,,가구 > 화장대/거울/스툴,P200083056,리바트,[클리어런스] 플랫 거울,판매 중,클리어런스,100,11100075000,32,https://living.hyundailivart.co.kr/p/P200083056,https://static.hyundailivart.co.kr/upload_mall/goods/P200083056/GM41703990_img.jpg?RS=0X250&CS=250X250&AO=1,2026-08-02T22:30:00+09:00,https://living.hyundailivart.co.kr/p/P200083056
950,화장대/거울/스툴,,가구 > 화장대/거울/스툴,P200188467,리바트 세계가구,[클리어런스] 사모아 라탄 스툴,판매 중,클리어런스,100,13400078800,41,https://living.hyundailivart.co.kr/p/P200188467,https://static.hyundailivart.co.kr/upload_mall/goods/P200188467/GM43635922_img.jpg?RS=0X250&CS=250X250&AO=1,2026-08-02T22:30:00+09:00,https://living.hyundailivart.co.kr/p/P200188467
951,화장대/거울/스툴,,가구 > 화장대/거울/스툴,P200146446,리바트 세계가구,[클리어런스] 알로 거울,판매 중,클리어런스,100,6400036000,44,https://living.hyundailivart.co.kr/p/P200146446,https://static.hyundailivart.co.kr/upload_mall/goods/P200146446/9.jpg?RS=0X250&CS=250X250&AO=1,2026-08-02T22:30:00+09:00,https://living.hyundailivart.co.kr/p/P200146446
952,화장대/거울/스툴,,가구 > 화장대/거울/스툴,P200198552,리바트,스와니에 화장대 서랍 칸막이 디바이더,판매 중,,,16000,,https://living.hyundailivart.co.kr/p/P200198552,https://static.hyundailivart.co.kr/upload_mall/goods/P200198552/GM43961170_img.jpg?RS=0X250&CS=250X250&AO=1,2026-08-02T22:30:00+09:00,https://living.hyundailivart.co.kr/p/P200198552
953,화장대/거울/스툴,,가구 > 화장대/거울/스툴,P200164910,리바트 세계가구,[클리어런스] 하오롱 씨그래스 월데코거울,판매 중,클리어런스,100,4800028000,42,https://living.hyundailivart.co.kr/p/P200164910,https://static.hyundailivart.co.kr/upload_mall/goods/P200164910/GM43307915_img.jpg?RS=0X250&CS=250X250&AO=1,2026-08-02T22:30:00+09:00,https://living.hyundailivart.co.kr/p/P200164910
954,화장대/거울/스툴,,가구 > 화장대/거울/스툴,P200164452,리바트 세계가구,[클리어런스] 하오롱 라탄원형거울 내추럴,판매 중,클리어런스,100,11200066000,41,https://living.hyundailivart.co.kr/p/P200164452,https://static.hyundailivart.co.kr/upload_mall/goods/P200164452/GM43319868_img.jpg?RS=0X250&CS=250X250&AO=1,2026-08-02T22:30:00+09:00,https://living.hyundailivart.co.kr/p/P200164452
955,화장대/거울/스툴,,가구 > 화장대/거울/스툴,P200146445,리바트 세계가구,[클리어런스] 알로 원목 콘솔 화장대,판매 중,클리어런스,100,241000134000,44,https://living.hyundailivart.co.kr/p/P200146445,https://static.hyundailivart.co.kr/upload_mall/goods/P200146445/5.jpg?RS=0X250&CS=250X250&AO=1,2026-08-02T22:30:00+09:00,https://living.hyundailivart.co.kr/p/P200146445
956,화장대/거울/스툴,,가구 > 화장대/거울/스툴,P200127888,리바트,에스테틱 화장대 원형 거울,판매 중,,,103000,,https://living.hyundailivart.co.kr/p/P200127888,https://static.hyundailivart.co.kr/upload_mall/goods/P200127888/GM42547317_img.jpg?RS=0X250&CS=250X250&AO=1,2026-08-02T22:30:00+09:00,https://living.hyundailivart.co.kr/p/P200127888
957,화장대/거울/스툴,,가구 > 화장대/거울/스툴,P200106397,리바트,"화장대 서랍 칸막이 디바이더 (엘로이,소비아)",판매 중,,,29000,,https://living.hyundailivart.co.kr/p/P200106397,https://static.hyundailivart.co.kr/upload_mall/goods/P200106397/GM42125427_img.jpg?RS=0X250&CS=250X250&AO=1,2026-08-02T22:30:00+09:00,https://living.hyundailivart.co.kr/p/P200106397
958,수납장/서랍장,,가구 > 수납장/서랍장,P200082753,리바트,[클리어런스] 멜바 침실 소가구 (화장대),판매 중,클리어런스,100,273000177600,35,https://living.hyundailivart.co.kr/p/P200082753,https://static.hyundailivart.co.kr/upload_mall/goods/P200082753/GM41661325_img.jpg?RS=0X250&CS=250X250&AO=1,2026-08-02T22:30:00+09:00,https://living.hyundailivart.co.kr/p/P200082753
959,화장대/거울/스툴,,가구 > 화장대/거울/스툴,P200035815,리바트,휴 모던 화장대 (거울별도),판매 중,,,592000,,https://living.hyundailivart.co.kr/p/P200035815,,2026-08-02T22:30:00+09:00,https://living.hyundailivart.co.kr/p/P200035815
960,화장대/거울/스툴,,가구 > 화장대/거울/스툴,P100040055,리바트,"엘로이 600 소형 화장대 (2색,블루/퍼플)",판매 중,,,487000,,https://living.hyundailivart.co.kr/p/P100040055,,2026-08-02T22:30:00+09:00,https://living.hyundailivart.co.kr/p/P100040055
961,화장대/거울/스툴,,가구 > 화장대/거울/스툴,P100040040,리바트,팝 소가구 닷스툴 (정원형),판매 중,,,236000,,https://living.hyundailivart.co.kr/p/P100040040,,2026-08-02T22:30:00+09:00,https://living.hyundailivart.co.kr/p/P100040040
962,화장대/거울/스툴,,가구 > 화장대/거울/스툴,P100034235,리바트,[클리어런스] 리타 수납형 거울장,판매 중,클리어런스,100,243000193800,20,https://living.hyundailivart.co.kr/p/P100034235,,2026-08-02T22:30:00+09:00,https://living.hyundailivart.co.kr/p/P100034235
963,화장대/거울/스툴,,가구 > 화장대/거울/스툴,P100032153,리바트,비블리 원형 스툴 大 체크그레이,판매 중,,100,193000125000,35,https://living.hyundailivart.co.kr/p/P100032153,,2026-08-02T22:30:00+09:00,https://living.hyundailivart.co.kr/p/P100032153
964,화장대/거울/스툴,,가구 > 화장대/거울/스툴,P100031669,리바트,엘로이 오브제형 거울,판매 중,,,198000,,https://living.hyundailivart.co.kr/p/P100031669,,2026-08-02T22:30:00+09:00,https://living.hyundailivart.co.kr/p/P100031669
965,화장대/거울/스툴,,가구 > 화장대/거울/스툴,P100031656,리바트,엘로이 600 소형화장대,판매 중,,,487000,,https://living.hyundailivart.co.kr/p/P100031656,,2026-08-02T22:30:00+09:00,https://living.hyundailivart.co.kr/p/P100031656
966,화장대/거울/스툴,,가구 > 화장대/거울/스툴,P100031651,리바트,"엘로이 800 수납형 화장대 (2색,화이트/다크그레이)",판매 중,,,545000,,https://living.hyundailivart.co.kr/p/P100031651,https://static.hyundailivart.co.kr/upload_mall/goods/P100031651/C100011100_OPT1.jpg?RS=0X22&CS=22X22&AO=1,2026-08-02T22:30:00+09:00,https://living.hyundailivart.co.kr/p/P100031651
967,화장대/거울/스툴,,가구 > 화장대/거울/스툴,P100031546,리바트,코펜하겐 수납화장대 원형거울 - (소),판매 중,,,116000,,https://living.hyundailivart.co.kr/p/P100031546,,2026-08-02T22:30:00+09:00,https://living.hyundailivart.co.kr/p/P100031546
968,화장대/거울/스툴,,가구 > 화장대/거울/스툴,P100024603,리바트,[클리어런스] 데이지 화장대(거울미포함),판매 중,클리어런스,100,369000228000,38,https://living.hyundailivart.co.kr/p/P100024603,,2026-08-02T22:30:00+09:00,https://living.hyundailivart.co.kr/p/P100024603
969,화장대/거울/스툴,,가구 > 화장대/거울/스툴,P100023661,리바트,레브 거울,판매 중,,,145000,,https://living.hyundailivart.co.kr/p/P100023661,,2026-08-02T22:30:00+09:00,https://living.hyundailivart.co.kr/p/P100023661
970,마이스터 컬렉션,,가구 > 마이스터 컬렉션,P200191129,리바트 마이스터 컬렉션,버밀리온 와이드 서랍장,판매 중,,,1143000,,https://living.hyundailivart.co.kr/p/P200191129,https://static.hyundailivart.co.kr/upload_mall/goods/P200191129/GM43707395_img.jpg?RS=0X250&CS=250X250&AO=1,2026-08-02T22:30:00+09:00,https://living.hyundailivart.co.kr/p/P200191129
971,마이스터 컬렉션,,가구 > 마이스터 컬렉션,P200191128,리바트 마이스터 컬렉션,버밀리온 4단 서랍장,판매 중,,,947000,,https://living.hyundailivart.co.kr/p/P200191128,https://static.hyundailivart.co.kr/upload_mall/goods/P200191128/GM43713379_img.jpg?RS=0X250&CS=250X250&AO=1,2026-08-02T22:30:00+09:00,https://living.hyundailivart.co.kr/p/P200191128
972,마이스터 컬렉션,,가구 > 마이스터 컬렉션,P200191127,리바트 마이스터 컬렉션,버밀리온 3단 서랍장,판매 중,,,757000,,https://living.hyundailivart.co.kr/p/P200191127,https://static.hyundailivart.co.kr/upload_mall/goods/P200191127/GM43713384_img.jpg?RS=0X250&CS=250X250&AO=1,2026-08-02T22:30:00+09:00,https://living.hyundailivart.co.kr/p/P200191127
973,마이스터 컬렉션,,가구 > 마이스터 컬렉션,P200161205,리바트 마이스터 컬렉션,버드 원목 3단 서랍장,판매 중,,,998000,,https://living.hyundailivart.co.kr/p/P200161205,https://static.hyundailivart.co.kr/upload_mall/goods/P200161205/GM43129057_img.jpg?RS=0X250&CS=250X250&AO=1,2026-08-02T22:30:00+09:00,https://living.hyundailivart.co.kr/p/P200161205
974,수납장/서랍장,,가구 > 수납장/서랍장,P100026447,리바트,[클리어런스] 모뜨 5단 서랍장,판매 중,클리어런스,100,515000279300,46,https://living.hyundailivart.co.kr/p/P100026447,https://static.hyundailivart.co.kr/upload_mall/goods/P100026447/GM43700623_img.jpg?RS=0X250&CS=250X250&AO=1,2026-08-02T22:30:00+09:00,https://living.hyundailivart.co.kr/p/P100026447
975,수납장/서랍장,,가구 > 수납장/서랍장,P100026448,리바트,[클리어런스] 모뜨 와이드 서랍장,판매 중,클리어런스,100,547000295400,46,https://living.hyundailivart.co.kr/p/P100026448,,2026-08-02T22:30:00+09:00,https://living.hyundailivart.co.kr/p/P100026448
976,수납장/서랍장,,가구 > 수납장/서랍장,P200062454,리바트,[클리어런스] 데이지 5단 서랍장,판매 중,클리어런스,100,437000336300,23,https://living.hyundailivart.co.kr/p/P200062454,,2026-08-02T22:30:00+09:00,https://living.hyundailivart.co.kr/p/P200062454
977,수납장/서랍장,,가구 > 수납장/서랍장,P200064341,리바트,[클리어런스] 퓨어 5단 서랍장,판매 중,클리어런스,100,536000317300,41,https://living.hyundailivart.co.kr/p/P200064341,,2026-08-02T22:30:00+09:00,https://living.hyundailivart.co.kr/p/P200064341
978,수납장/서랍장,,가구 > 수납장/서랍장,P100027423,리바트,"알레 서랍장 (3단,5단,와이드)",판매 중,,100,633000569000,10,https://living.hyundailivart.co.kr/p/P100027423,https://static.hyundailivart.co.kr/upload_mall/goods/P100027423/GM41848042_img.jpg?RS=0X250&CS=250X250&AO=1,2026-08-02T22:30:00+09:00,https://living.hyundailivart.co.kr/p/P100027423
979,수납장/서랍장,,가구 > 수납장/서랍장,P100030622,리바트,[클리어런스] 토피 5단 서랍장,판매 중,클리어런스,100,453000269800,40,https://living.hyundailivart.co.kr/p/P100030622,,2026-08-02T22:30:00+09:00,https://living.hyundailivart.co.kr/p/P100030622
980,수납장/서랍장,,가구 > 수납장/서랍장,P100040015,리바트,소비아 3단/4단 서랍장,판매 중,,,525000,,https://living.hyundailivart.co.kr/p/P100040015,https://static.hyundailivart.co.kr/upload_mall/goods/P100040015/GM41858184_img.jpg?RS=0X250&CS=250X250&AO=1,2026-08-02T22:30:00+09:00,https://living.hyundailivart.co.kr/p/P100040015
981,수납장/서랍장,,가구 > 수납장/서랍장,P200111367,리바트,"멜레그 서랍장 (3단, 4단)",판매 중,,,625000,,https://living.hyundailivart.co.kr/p/P200111367,https://static.hyundailivart.co.kr/upload_mall/goods/P200111367/GM42223863_img.jpg?RS=0X250&CS=250X250&AO=1,2026-08-02T22:30:00+09:00,https://living.hyundailivart.co.kr/p/P200111367
982,수납장/서랍장,,가구 > 수납장/서랍장,P200066675,리바트,[클리어런스] 데이지 3단 서랍장,판매 중,클리어런스,100,316000247000,22,https://living.hyundailivart.co.kr/p/P200066675,,2026-08-02T22:30:00+09:00,https://living.hyundailivart.co.kr/p/P200066675
983,수납장/서랍장,,가구 > 수납장/서랍장,P200198881,리바트,에딧 4단 서랍장,판매 중,,,532000,,https://living.hyundailivart.co.kr/p/P200198881,https://static.hyundailivart.co.kr/upload_mall/goods/P200198881/GM43983018_img.jpg?RS=0X250&CS=250X250&AO=1,2026-08-02T22:30:00+09:00,https://living.hyundailivart.co.kr/p/P200198881
984,수납장/서랍장,,가구 > 수납장/서랍장,P100029349,리바트,로티르 2000 주방수납장,판매 중,,100,771000680000,12,https://living.hyundailivart.co.kr/p/P100029349,,2026-08-02T22:30:00+09:00,https://living.hyundailivart.co.kr/p/P100029349
985,수납장/서랍장,,가구 > 수납장/서랍장,P100029320,리바트,[클리어런스] 무드 레트로 5단 서랍장,판매 중,클리어런스,100,536000276400,48,https://living.hyundailivart.co.kr/p/P100029320,,2026-08-02T22:30:00+09:00,https://living.hyundailivart.co.kr/p/P100029320
986,수납장/서랍장,,가구 > 수납장/서랍장,P100029318,리바트,[클리어런스] 무드 레트로 3단 서랍장,판매 중,클리어런스,100,396000207100,48,https://living.hyundailivart.co.kr/p/P100029318,,2026-08-02T22:30:00+09:00,https://living.hyundailivart.co.kr/p/P100029318
987,수납장/서랍장,,가구 > 수납장/서랍장,P100026445,리바트,[클리어런스] 모뜨 3단 서랍장,판매 중,클리어런스,100,346000188100,46,https://living.hyundailivart.co.kr/p/P100026445,,2026-08-02T22:30:00+09:00,https://living.hyundailivart.co.kr/p/P100026445
988,수납장/서랍장,,가구 > 수납장/서랍장,P200058040,리바트,[클리어런스] 퓨어 3단 서랍장,판매 중,클리어런스,100,338000204200,40,https://living.hyundailivart.co.kr/p/P200058040,,2026-08-02T22:30:00+09:00,https://living.hyundailivart.co.kr/p/P200058040
989,수납장/서랍장,,가구 > 수납장/서랍장,P200127876,리바트,에스테틱 4단 서랍장,판매 중,,,766000,,https://living.hyundailivart.co.kr/p/P200127876,https://static.hyundailivart.co.kr/upload_mall/goods/P200127876/GM42547255_img.jpg?RS=0X250&CS=250X250&AO=1,2026-08-02T22:30:00+09:00,https://living.hyundailivart.co.kr/p/P200127876
990,수납장/서랍장,,가구 > 수납장/서랍장,P200044479,리바트,브라노 4단서랍장,판매 중,,100,683000615000,10,https://living.hyundailivart.co.kr/p/P200044479,https://static.hyundailivart.co.kr/upload_mall/goods/P200044479/GM40895111_img.jpg?RS=0X250&CS=250X250&AO=1,2026-08-02T22:30:00+09:00,https://living.hyundailivart.co.kr/p/P200044479
991,수납장/서랍장,,가구 > 수납장/서랍장,P100034253,리바트,[클리어런스] 리타 3단 서랍장,판매 중,클리어런스,100,340000296400,13,https://living.hyundailivart.co.kr/p/P100034253,https://static.hyundailivart.co.kr/upload_mall/goods/P100034253/C100012865_OPT1.jpg?RS=0X22&CS=22X22&AO=1,2026-08-02T22:30:00+09:00,https://living.hyundailivart.co.kr/p/P100034253
992,수납장/서랍장,,가구 > 수납장/서랍장,P200198712,리바트,에스테틱 3단 서랍장,판매 중,,,598000,,https://living.hyundailivart.co.kr/p/P200198712,https://static.hyundailivart.co.kr/upload_mall/goods/P200198712/GM43976109_img.jpg?RS=0X250&CS=250X250&AO=1,2026-08-02T22:30:00+09:00,https://living.hyundailivart.co.kr/p/P200198712
993,수납장/서랍장,,가구 > 수납장/서랍장,P200054187,리바트,브라노 3단서랍장,판매 중,,100,553000498000,10,https://living.hyundailivart.co.kr/p/P200054187,https://static.hyundailivart.co.kr/upload_mall/goods/P200054187/GM41007197_img.jpg?RS=0X250&CS=250X250&AO=1,2026-08-02T22:30:00+09:00,https://living.hyundailivart.co.kr/p/P200054187
994,수납장/서랍장,,가구 > 수납장/서랍장,P200197343,리바트,어셈블 서랍장(3/5단),판매 중,,,387000,,https://living.hyundailivart.co.kr/p/P200197343,https://static.hyundailivart.co.kr/upload_mall/goods/P200197343/GM43909625_img.jpg?RS=0X250&CS=250X250&AO=1,2026-08-02T22:30:00+09:00,https://living.hyundailivart.co.kr/p/P200197343
995,수납장/서랍장,,가구 > 수납장/서랍장,P100040086,리바트,프레스노 화이트 와이드 수납장 - 화이트,판매 중,,,982000,,https://living.hyundailivart.co.kr/p/P100040086,,2026-08-02T22:30:00+09:00,https://living.hyundailivart.co.kr/p/P100040086
996,수납장/서랍장,,가구 > 수납장/서랍장,P100029343,리바트,로티르 800 주방수납장,판매 중,,100,320000295000,8,https://living.hyundailivart.co.kr/p/P100029343,,2026-08-02T22:30:00+09:00,https://living.hyundailivart.co.kr/p/P100029343
997,수납장/서랍장,,가구 > 수납장/서랍장,P100034256,리바트,[클리어런스] 리타 5단 서랍장,판매 중,클리어런스,100,480000424600,12,https://living.hyundailivart.co.kr/p/P100034256,,2026-08-02T22:30:00+09:00,https://living.hyundailivart.co.kr/p/P100034256
998,수납장/서랍장,,가구 > 수납장/서랍장,P100030621,리바트,[클리어런스] 토피 3단 서랍장,판매 중,클리어런스,100,312000195700,37,https://living.hyundailivart.co.kr/p/P100030621,,2026-08-02T22:30:00+09:00,https://living.hyundailivart.co.kr/p/P100030621
999,수납장/서랍장,,가구 > 수납장/서랍장,P100031664,리바트,엘로이 4단서랍장 화이트,판매 중,,,746000,,https://living.hyundailivart.co.kr/p/P100031664,,2026-08-02T22:30:00+09:00,https://living.hyundailivart.co.kr/p/P100031664
1000,수납장/서랍장,,가구 > 수납장/서랍장,P100031421,리바트,코펜하겐 5단 서랍장 미드브라운,판매 중,,,698000,,https://living.hyundailivart.co.kr/p/P100031421,,2026-08-02T22:30:00+09:00,https://living.hyundailivart.co.kr/p/P100031421
1001,키즈/주니어,,가구 > 키즈/주니어,P200189301,리바트,리토 800 3단 서랍장,판매 중,,,303000,,https://living.hyundailivart.co.kr/p/P200189301,https://static.hyundailivart.co.kr/upload_mall/goods/P200189301/GM43696626_img.jpg?RS=0X250&CS=250X250&AO=1,2026-08-02T22:30:00+09:00,https://living.hyundailivart.co.kr/p/P200189301
1002,수납장/서랍장,,가구 > 수납장/서랍장,P100031659,리바트,엘로이 3단서랍장 화이트,판매 중,,,617000,,https://living.hyundailivart.co.kr/p/P100031659,,2026-08-02T22:30:00+09:00,https://living.hyundailivart.co.kr/p/P100031659
1003,키즈/주니어,,가구 > 키즈/주니어,P200189293,리바트,리토 600 2단 교구장 (상부장형),판매 중,,,269000,,https://living.hyundailivart.co.kr/p/P200189293,https://static.hyundailivart.co.kr/upload_mall/goods/P200189293/GM43689198_img.jpg?RS=0X250&CS=250X250&AO=1,2026-08-02T22:30:00+09:00,https://living.hyundailivart.co.kr/p/P200189293
1004,수납장/서랍장,,가구 > 수납장/서랍장,P200107473,리바트,코펜하겐 3단서랍장,판매 중,,,551000,,https://living.hyundailivart.co.kr/p/P200107473,https://static.hyundailivart.co.kr/upload_mall/goods/P200107473/GM42157982_img.jpg?RS=0X250&CS=250X250&AO=1,2026-08-02T22:30:00+09:00,https://living.hyundailivart.co.kr/p/P200107473
1005,수납장/서랍장,,가구 > 수납장/서랍장,P200193997,리바트 세계가구,[클리어런스] 로자크 서랍 콘솔,판매 중,클리어런스,,328000,,https://living.hyundailivart.co.kr/p/P200193997,https://static.hyundailivart.co.kr/upload_mall/goods/P200193997/GM43787447_img.jpg?RS=0X250&CS=250X250&AO=1,2026-08-02T22:30:00+09:00,https://living.hyundailivart.co.kr/p/P200193997
1006,수납장/서랍장,,가구 > 수납장/서랍장,P100024447,리바트,모레이 장식장,판매 중,,,400000,,https://living.hyundailivart.co.kr/p/P100024447,,2026-08-02T22:30:00+09:00,https://living.hyundailivart.co.kr/p/P100024447
1007,키즈/주니어,,가구 > 키즈/주니어,P200189292,리바트,리토 600 2단 교구장,판매 중,,,160000,,https://living.hyundailivart.co.kr/p/P200189292,https://static.hyundailivart.co.kr/upload_mall/goods/P200189292/GM43689188_img.jpg?RS=0X250&CS=250X250&AO=1,2026-08-02T22:30:00+09:00,https://living.hyundailivart.co.kr/p/P200189292
1008,키즈/주니어,,가구 > 키즈/주니어,P200189295,리바트,리토 800 2단 교구장,판매 중,,,183000,,https://living.hyundailivart.co.kr/p/P200189295,https://static.hyundailivart.co.kr/upload_mall/goods/P200189295/GM43689274_img.jpg?RS=0X250&CS=250X250&AO=1,2026-08-02T22:30:00+09:00,https://living.hyundailivart.co.kr/p/P200189295
1009,수납장/서랍장,,가구 > 수납장/서랍장,P200198548,리바트,스와니에 4단 서랍장,판매 중,,,829000,,https://living.hyundailivart.co.kr/p/P200198548,https://static.hyundailivart.co.kr/upload_mall/goods/P200198548/GM43961270_img.jpg?RS=0X250&CS=250X250&AO=1,2026-08-02T22:30:00+09:00,https://living.hyundailivart.co.kr/p/P200198548
1010,수납장/서랍장,,가구 > 수납장/서랍장,P200198547,리바트,스와니에 3단 서랍장,판매 중,,,654000,,https://living.hyundailivart.co.kr/p/P200198547,https://static.hyundailivart.co.kr/upload_mall/goods/P200198547/GM43961280_img.jpg?RS=0X250&CS=250X250&AO=1,2026-08-02T22:30:00+09:00,https://living.hyundailivart.co.kr/p/P200198547
1011,키즈/주니어,,가구 > 키즈/주니어,P200189302,리바트,리토 800 3단 서랍장 (상부장형),판매 중,,,426000,,https://living.hyundailivart.co.kr/p/P200189302,https://static.hyundailivart.co.kr/upload_mall/goods/P200189302/GM43696676_img.jpg?RS=0X250&CS=250X250&AO=1,2026-08-02T22:30:00+09:00,https://living.hyundailivart.co.kr/p/P200189302
1012,키즈/주니어,,가구 > 키즈/주니어,P200189299,리바트,리토 600 3단 서랍장 (상부장형),판매 중,,,384000,,https://living.hyundailivart.co.kr/p/P200189299,https://static.hyundailivart.co.kr/upload_mall/goods/P200189299/GM43693546_img.jpg?RS=0X250&CS=250X250&AO=1,2026-08-02T22:30:00+09:00,https://living.hyundailivart.co.kr/p/P200189299
1013,키즈/주니어,,가구 > 키즈/주니어,P200189298,리바트,리토 600 3단 서랍장,판매 중,,,275000,,https://living.hyundailivart.co.kr/p/P200189298,https://static.hyundailivart.co.kr/upload_mall/goods/P200189298/GM43693536_img.jpg?RS=0X250&CS=250X250&AO=1,2026-08-02T22:30:00+09:00,https://living.hyundailivart.co.kr/p/P200189298
1014,키즈/주니어,,가구 > 키즈/주니어,P200189296,리바트,리토 800 2단 교구장 (상부장형),판매 중,,,306000,,https://living.hyundailivart.co.kr/p/P200189296,https://static.hyundailivart.co.kr/upload_mall/goods/P200189296/GM43689284_img.jpg?RS=0X250&CS=250X250&AO=1,2026-08-02T22:30:00+09:00,https://living.hyundailivart.co.kr/p/P200189296
1015,수납장/서랍장,,가구 > 수납장/서랍장,P200173937,리바트,에스테틱 더 블렌딩 2단 700 서랍장,판매 중,,,363000,,https://living.hyundailivart.co.kr/p/P200173937,https://static.hyundailivart.co.kr/upload_mall/goods/P200173937/GM43372080_img.jpg?RS=0X250&CS=250X250&AO=1,2026-08-02T22:30:00+09:00,https://living.hyundailivart.co.kr/p/P200173937
1016,수납장/서랍장,,가구 > 수납장/서랍장,P200124456,리바트 세계가구,[클리어런스] 프리즘 메탈 선반장 네이비,판매 중,클리어런스,100,262000142000,46,https://living.hyundailivart.co.kr/p/P200124456,https://static.hyundailivart.co.kr/upload_mall/goods/P200124456/0.png?RS=0X250&CS=250X250&AO=1,2026-08-02T22:30:00+09:00,https://living.hyundailivart.co.kr/p/P200124456
1017,수납장/서랍장,,가구 > 수납장/서랍장,P200124450,리바트 세계가구,[클리어런스] 프리즘 내추럴 선반장 오크,판매 중,클리어런스,100,190000103000,46,https://living.hyundailivart.co.kr/p/P200124450,https://static.hyundailivart.co.kr/upload_mall/goods/P200124450/6.png?RS=0X250&CS=250X250&AO=1,2026-08-02T22:30:00+09:00,https://living.hyundailivart.co.kr/p/P200124450
1018,수납장/서랍장,,가구 > 수납장/서랍장,P200110143,리바트,[Artist Collaboration] 하이퍼네이처 오픈 장식장 3종(유니버셜 에브리띵/영국),판매 중,Artist Collaboration,,2364000,,https://living.hyundailivart.co.kr/p/P200110143,https://static.hyundailivart.co.kr/upload_mall/goods/P200110143/GM42220693_img.jpg?RS=0X250&CS=250X250&AO=1,2026-08-02T22:30:00+09:00,https://living.hyundailivart.co.kr/p/P200110143
1019,수납장/서랍장,,가구 > 수납장/서랍장,P200091717,리바트,레브 4단서랍장,판매 중,,,711000,,https://living.hyundailivart.co.kr/p/P200091717,https://static.hyundailivart.co.kr/upload_mall/goods/P200091717/GM41925876_img.jpg?RS=0X250&CS=250X250&AO=1,2026-08-02T22:30:00+09:00,https://living.hyundailivart.co.kr/p/P200091717
1020,수납장/서랍장,,가구 > 수납장/서랍장,P200091716,리바트,레브 3단서랍장,판매 중,,,600000,,https://living.hyundailivart.co.kr/p/P200091716,https://static.hyundailivart.co.kr/upload_mall/goods/P200091716/GM41930640_img.jpg?RS=0X250&CS=250X250&AO=1,2026-08-02T22:30:00+09:00,https://living.hyundailivart.co.kr/p/P200091716
1021,수납장/서랍장,,가구 > 수납장/서랍장,P200044482,리바트,브라노 서랍장 와이드체스트,판매 중,,100,759000683000,10,https://living.hyundailivart.co.kr/p/P200044482,https://static.hyundailivart.co.kr/upload_mall/goods/P200044482/GM40896216_img.jpg?RS=0X250&CS=250X250&AO=1,2026-08-02T22:30:00+09:00,https://living.hyundailivart.co.kr/p/P200044482
1022,수납장/서랍장,,가구 > 수납장/서랍장,P200040834,리바트,휴 모던 와이드 체스트,판매 중,,,790000,,https://living.hyundailivart.co.kr/p/P200040834,,2026-08-02T22:30:00+09:00,https://living.hyundailivart.co.kr/p/P200040834
1023,수납장/서랍장,,가구 > 수납장/서랍장,P200040832,리바트,휴 모던 4단 서랍장,판매 중,,,724000,,https://living.hyundailivart.co.kr/p/P200040832,,2026-08-02T22:30:00+09:00,https://living.hyundailivart.co.kr/p/P200040832
1024,수납장/서랍장,,가구 > 수납장/서랍장,P200040831,리바트,휴 모던 3단 서랍장,판매 중,,,534000,,https://living.hyundailivart.co.kr/p/P200040831,,2026-08-02T22:30:00+09:00,https://living.hyundailivart.co.kr/p/P200040831
1025,수납장/서랍장,,가구 > 수납장/서랍장,P100029346,리바트,로티르 1200 주방수납장,판매 중,,100,451000406000,10,https://living.hyundailivart.co.kr/p/P100029346,,2026-08-02T22:30:00+09:00,https://living.hyundailivart.co.kr/p/P100029346
1026,마이스터 컬렉션,,가구 > 마이스터 컬렉션,P200191026,리바트 마이스터 컬렉션,스타워즈 1500 책상,판매 중,,,1530000,,https://living.hyundailivart.co.kr/p/P200191026,https://static.hyundailivart.co.kr/upload_mall/goods/P200191026/GM43833473_img.jpg?RS=0X250&CS=250X250&AO=1,2026-08-02T22:30:00+09:00,https://living.hyundailivart.co.kr/p/P200191026
1027,마이스터 컬렉션,,가구 > 마이스터 컬렉션,P200191025,리바트 마이스터 컬렉션,스타워즈 1400 장식장,판매 중,,,1330000,,https://living.hyundailivart.co.kr/p/P200191025,https://static.hyundailivart.co.kr/upload_mall/goods/P200191025/GM43833519_img.jpg?RS=0X250&CS=250X250&AO=1,2026-08-02T22:30:00+09:00,https://living.hyundailivart.co.kr/p/P200191025
1028,마이스터 컬렉션,,가구 > 마이스터 컬렉션,P200191024,리바트 마이스터 컬렉션,스타워즈 600 책장,판매 중,,,361000,,https://living.hyundailivart.co.kr/p/P200191024,https://static.hyundailivart.co.kr/upload_mall/goods/P200191024/GM43833509_img.jpg?RS=0X250&CS=250X250&AO=1,2026-08-02T22:30:00+09:00,https://living.hyundailivart.co.kr/p/P200191024
1029,책상/책장,,가구 > 책상/책장,P200185411,리바트 마이스터 컬렉션,FIT 315 서재가구 3600 SET (ㄱ자형),판매 중,,,7731000,,https://living.hyundailivart.co.kr/p/P200185411,https://static.hyundailivart.co.kr/upload_mall/goods/P200185411/GM43569800_img.jpg?RS=0X250&CS=250X250&AO=1,2026-08-02T22:30:00+09:00,https://living.hyundailivart.co.kr/p/P200185411
1030,책상/책장,,가구 > 책상/책장,P200185410,리바트 마이스터 컬렉션,FIT 315 서재가구 3600 SET (ㅡ자형),판매 중,,,7868000,,https://living.hyundailivart.co.kr/p/P200185410,https://static.hyundailivart.co.kr/upload_mall/goods/P200185410/GM43569762_img.jpg?RS=0X250&CS=250X250&AO=1,2026-08-02T22:30:00+09:00,https://living.hyundailivart.co.kr/p/P200185410
1031,책상/책장,,가구 > 책상/책장,P200185409,리바트 마이스터 컬렉션,FIT 315 서재가구 5200 SET (ㄱ자형),판매 중,,,12987000,,https://living.hyundailivart.co.kr/p/P200185409,https://static.hyundailivart.co.kr/upload_mall/goods/P200185409/GM43569717_img.jpg?RS=0X250&CS=250X250&AO=1,2026-08-02T22:30:00+09:00,https://living.hyundailivart.co.kr/p/P200185409
1032,책상/책장,,가구 > 책상/책장,P200185408,리바트 마이스터 컬렉션,FIT 315 서재가구 단독형 모듈,판매 중,,,1336000,,https://living.hyundailivart.co.kr/p/P200185408,https://static.hyundailivart.co.kr/upload_mall/goods/P200185408/GM43570728_img.jpg?RS=0X250&CS=250X250&AO=1,2026-08-02T22:30:00+09:00,https://living.hyundailivart.co.kr/p/P200185408
1033,키즈/주니어,,가구 > 키즈/주니어,P200065198,리바트,[클리어런스] 로넌 1200 책상세트 플랩도어형,판매 중,클리어런스,100,385000265000,31,https://living.hyundailivart.co.kr/p/P200065198,https://static.hyundailivart.co.kr/upload_mall/goods/P200064234/GM41244666_img.jpg?RS=0X250&CS=250X250&AO=1,2026-08-02T22:30:00+09:00,https://living.hyundailivart.co.kr/p/P200065198
1034,키즈/주니어,,가구 > 키즈/주니어,P100001917,리바트,[클리어런스] 뉴프렌즈 5단 1200 책장,판매 중,클리어런스,100,158000114000,28,https://living.hyundailivart.co.kr/p/P100001917,https://static.hyundailivart.co.kr/upload_mall/goods/P100001917/GM43507589_img.jpg?RS=0X250&CS=250X250&AO=1,2026-08-02T22:30:00+09:00,https://living.hyundailivart.co.kr/p/P100001917
1035,책상/책장,,가구 > 책상/책장,P200015474,리바트하움,[리바트X삼성전자] 뉴 독서실 책상(일반/A형/B형),판매 중,리바트X삼성전자,,232000,,https://living.hyundailivart.co.kr/p/P200015474,https://static.hyundailivart.co.kr/upload_mall/goods/P200015474/GM42643097_img.jpg?RS=0X250&CS=250X250&AO=1,2026-08-02T22:30:00+09:00,https://living.hyundailivart.co.kr/p/P200015474
1036,책상/책장,,가구 > 책상/책장,P200079272,리바트하움,오브제 800 책장,판매 중,,,110000,,https://living.hyundailivart.co.kr/p/P200079272,https://static.hyundailivart.co.kr/upload_mall/goods/P200079272/GM43644506_img.jpg?RS=0X250&CS=250X250&AO=1,2026-08-02T22:30:00+09:00,https://living.hyundailivart.co.kr/p/P200079272
1037,책상/책장,,가구 > 책상/책장,P200012390,리바트하움,뉴 안심 컴퓨터책상 (사무실/사무용/오피스책상),판매 중,,100,201000183000,9,https://living.hyundailivart.co.kr/p/P200012390,https://static.hyundailivart.co.kr/upload_mall/goods/P200012390/GM43370557_img.jpg?RS=0X250&CS=250X250&AO=1,2026-08-02T22:30:00+09:00,https://living.hyundailivart.co.kr/p/P200012390
1038,책상/책장,,가구 > 책상/책장,P200056153,리바트,[클리어런스] 프레일 1200 콘센트형 일자책상,판매 중,클리어런스,100,341000144400,58,https://living.hyundailivart.co.kr/p/P200056153,https://static.hyundailivart.co.kr/upload_mall/goods/P200056153/GM41040701_img.jpg?RS=0X250&CS=250X250&AO=1,2026-08-02T22:30:00+09:00,https://living.hyundailivart.co.kr/p/P200056153
1039,책상/책장,,가구 > 책상/책장,P200012398,리바트하움,듀얼모터 모션데스크 프로,판매 중,,,489000,,https://living.hyundailivart.co.kr/p/P200012398,https://static.hyundailivart.co.kr/upload_mall/goods/P200012398/GM43638637_img.jpg?RS=0X250&CS=250X250&AO=1,2026-08-02T22:30:00+09:00,https://living.hyundailivart.co.kr/p/P200012398
1040,키즈/주니어,,가구 > 키즈/주니어,P100018586,리바트,[클리어런스] 1200 스마트 조명,판매 중,클리어런스,100,145000119700,17,https://living.hyundailivart.co.kr/p/P100018586,https://static.hyundailivart.co.kr/upload_mall/goods/P100018586/GM10051391_img.jpg?RS=0X250&CS=250X250&AO=1,2026-08-02T22:30:00+09:00,https://living.hyundailivart.co.kr/p/P100018586
1041,키즈/주니어,,가구 > 키즈/주니어,P100001924,리바트,[클리어런스] 뉴프렌즈 5단 800 책장,판매 중,클리어런스,100,13600098800,27,https://living.hyundailivart.co.kr/p/P100001924,https://static.hyundailivart.co.kr/upload_mall/goods/P100001924/GM43986042_img.jpg?RS=0X250&CS=250X250&AO=1,2026-08-02T22:30:00+09:00,https://living.hyundailivart.co.kr/p/P100001924
1042,키즈/주니어,,가구 > 키즈/주니어,P100015567,리바트,[클리어런스] 프렌즈 소호 5단 1200 책장,판매 중,클리어런스,100,173000116800,32,https://living.hyundailivart.co.kr/p/P100015567,https://static.hyundailivart.co.kr/upload_mall/goods/P100015567/GM43508481_img.jpg?RS=0X250&CS=250X250&AO=1,2026-08-02T22:30:00+09:00,https://living.hyundailivart.co.kr/p/P100015567
1043,키즈/주니어,,가구 > 키즈/주니어,P100015307,리바트,[클리어런스] 꼼므 어린이 각도조절책상세트 리미티드,판매 중,클리어런스,100,325000122500,62,https://living.hyundailivart.co.kr/p/P100015307,https://static.hyundailivart.co.kr/upload_mall/goods/P100015307/GM10040570_img.jpg?RS=0X250&CS=250X250&AO=1,2026-08-02T22:30:00+09:00,https://living.hyundailivart.co.kr/p/P100015307
1044,키즈/주니어,,가구 > 키즈/주니어,P100022838,리바트,[클리어런스] 로넌 2단 이동서랍,판매 중,클리어런스,100,166000143400,14,https://living.hyundailivart.co.kr/p/P100022838,https://static.hyundailivart.co.kr/upload_mall/goods/P100022838/C100006266_OPT1.jpg?RS=0X22&CS=22X22&AO=1,2026-08-02T22:30:00+09:00,https://living.hyundailivart.co.kr/p/P100022838
1045,책상/책장,,가구 > 책상/책장,P200079268,리바트하움,오브제 600 책장,판매 중,,,85000,,https://living.hyundailivart.co.kr/p/P200079268,https://static.hyundailivart.co.kr/upload_mall/goods/P200079268/GM43644508_img.jpg?RS=0X250&CS=250X250&AO=1,2026-08-02T22:30:00+09:00,https://living.hyundailivart.co.kr/p/P200079268
1046,책상/책장,,가구 > 책상/책장,P200012389,리바트하움,뉴 베이직 컴퓨터책상 (사무실/사무용/오피스책상),판매 중,,,168000,,https://living.hyundailivart.co.kr/p/P200012389,https://static.hyundailivart.co.kr/upload_mall/goods/P200012389/GM43605022_img.jpg?RS=0X250&CS=250X250&AO=1,2026-08-02T22:30:00+09:00,https://living.hyundailivart.co.kr/p/P200012389
1047,책상/책장,,가구 > 책상/책장,P200012415,리바트하움,8000G 서재책상(일반/X형),판매 중,,,622000,,https://living.hyundailivart.co.kr/p/P200012415,https://static.hyundailivart.co.kr/upload_mall/goods/P200012415/GM43641910_img.jpg?RS=0X250&CS=250X250&AO=1,2026-08-02T22:30:00+09:00,https://living.hyundailivart.co.kr/p/P200012415
1048,키즈/주니어,,가구 > 키즈/주니어,P100001931,리바트,[클리어런스] 뉴프렌즈 3단 1200 책장,판매 중,클리어런스,100,12100088300,27,https://living.hyundailivart.co.kr/p/P100001931,https://static.hyundailivart.co.kr/upload_mall/goods/P100001931/GM43507927_img.jpg?RS=0X250&CS=250X250&AO=1,2026-08-02T22:30:00+09:00,https://living.hyundailivart.co.kr/p/P100001931
1049,키즈/주니어,,가구 > 키즈/주니어,P200064234,리바트,[클리어런스] 로넌 1200 책상세트,판매 중,클리어런스,100,311000227000,27,https://living.hyundailivart.co.kr/p/P200064234,https://static.hyundailivart.co.kr/upload_mall/goods/P200064234/GM41226435_img.jpg?RS=0X250&CS=250X250&AO=1,2026-08-02T22:30:00+09:00,https://living.hyundailivart.co.kr/p/P200064234
1050,책상/책장,,가구 > 책상/책장,P200102032,리바트하움,리바트X삼성전자 생체리듬 LED조명,판매 중,,,105000,,https://living.hyundailivart.co.kr/p/P200102032,https://static.hyundailivart.co.kr/upload_mall/goods/P200101983/GM42030069_img.jpg?RS=0X250&CS=250X250&AO=1,2026-08-02T22:30:00+09:00,https://living.hyundailivart.co.kr/p/P200102032
1051,책상/책장,,가구 > 책상/책장,P200197046,리바트하움,듀얼모터 모션데스크 라이트,판매 중,,,391000,,https://living.hyundailivart.co.kr/p/P200197046,https://static.hyundailivart.co.kr/upload_mall/goods/P200197046/GM43896594_img.jpg?RS=0X250&CS=250X250&AO=1,2026-08-02T22:30:00+09:00,https://living.hyundailivart.co.kr/p/P200197046
1052,책상/책장,,가구 > 책상/책장,P200072720,리바트,"[클리어런스] 로넌 1200 각도높이조절 책상세트(조명,패드포함)",판매 중,클리어런스,100,792000535800,32,https://living.hyundailivart.co.kr/p/P200072720,https://static.hyundailivart.co.kr/upload_mall/goods/P200072720/GM41413310_img.jpg?RS=0X250&CS=250X250&AO=1,2026-08-02T22:30:00+09:00,https://living.hyundailivart.co.kr/p/P200072720
1053,키즈/주니어,,가구 > 키즈/주니어,P100022872,리바트,[클리어런스] 로넌 5단 600 교구장 책장,판매 중,클리어런스,100,245000202300,17,https://living.hyundailivart.co.kr/p/P100022872,https://static.hyundailivart.co.kr/upload_mall/goods/P100022872/GM41438769_img.jpg?RS=0X250&CS=250X250&AO=1,2026-08-02T22:30:00+09:00,https://living.hyundailivart.co.kr/p/P100022872
1054,책상/책장,,가구 > 책상/책장,P200079509,리바트,[천연가죽 데스크패드 증정] 그라나다 1500 뉴노멀 책상,판매 중,천연가죽 데스크패드 증정,,1111000,,https://living.hyundailivart.co.kr/p/P200079509,https://static.hyundailivart.co.kr/upload_mall/goods/P200079509/GM41620064_img.jpg?RS=0X250&CS=250X250&AO=1,2026-08-02T22:30:00+09:00,https://living.hyundailivart.co.kr/p/P200079509
1055,키즈/주니어,,가구 > 키즈/주니어,P200065197,리바트,[클리어런스] 로넌 1200 각도높이조절 책상세트 플랩도어형,판매 중,클리어런스,100,655000459800,30,https://living.hyundailivart.co.kr/p/P200065197,https://static.hyundailivart.co.kr/upload_mall/goods/P200064238/GM41244829_img.jpg?RS=0X250&CS=250X250&AO=1,2026-08-02T22:30:00+09:00,https://living.hyundailivart.co.kr/p/P200065197
1056,책상/책장,,가구 > 책상/책장,P200199980,리바트하움,오브제 컴퓨터 책상 D800,판매 중,,,125000,,https://living.hyundailivart.co.kr/p/P200199980,https://static.hyundailivart.co.kr/upload_mall/goods/P200199980/GM44021786_img.jpg?RS=0X250&CS=250X250&AO=1,2026-08-02T22:30:00+09:00,https://living.hyundailivart.co.kr/p/P200199980
1057,책상/책장,,가구 > 책상/책장,P100025585,리바트,[클리어런스] 프렌즈 스틸 1500 책상,판매 중,클리어런스,100,172000139600,19,https://living.hyundailivart.co.kr/p/P100025585,https://static.hyundailivart.co.kr/upload_mall/goods/P100025585/C100007762_OPT1.jpg?RS=0X22&CS=22X22&AO=1,2026-08-02T22:30:00+09:00,https://living.hyundailivart.co.kr/p/P100025585
1058,키즈/주니어,,가구 > 키즈/주니어,P200188208,리바트,[클리어런스] 프라임 키즈 각도높이조절 책상,판매 중,클리어런스,100,439000339100,23,https://living.hyundailivart.co.kr/p/P200188208,https://static.hyundailivart.co.kr/upload_mall/goods/P200188208/GM43884462_img.jpg?RS=0X250&CS=250X250&AO=1,2026-08-02T22:30:00+09:00,https://living.hyundailivart.co.kr/p/P200188208
1059,책상/책장,,가구 > 책상/책장,P200079466,리바트,그라나다 1800 뉴노멀 수납책장,판매 중,,,1185000,,https://living.hyundailivart.co.kr/p/P200079466,https://static.hyundailivart.co.kr/upload_mall/goods/P200079466/GM41620082_img.jpg?RS=0X250&CS=250X250&AO=1,2026-08-02T22:30:00+09:00,https://living.hyundailivart.co.kr/p/P200079466
1060,키즈/주니어,,가구 > 키즈/주니어,P200196536,리바트,[클리어런스] 프라임 키즈 각도높이조절 콘센트형 컴팩트 책상+의자 세트,판매 중,클리어런스,100,727000538600,26,https://living.hyundailivart.co.kr/p/P200196536,https://static.hyundailivart.co.kr/upload_mall/goods/P200196536/GM43874946_img.jpg?RS=0X250&CS=250X250&AO=1,2026-08-02T22:30:00+09:00,https://living.hyundailivart.co.kr/p/P200196536
1061,책상/책장,,가구 > 책상/책장,P200079190,리바트하움,오브제 책상(일반/콘센트형),판매 중,,,102000,,https://living.hyundailivart.co.kr/p/P200079190,https://static.hyundailivart.co.kr/upload_mall/goods/P200079190/GM43843217_img.jpg?RS=0X250&CS=250X250&AO=1,2026-08-02T22:30:00+09:00,https://living.hyundailivart.co.kr/p/P200079190
1062,책상/책장,,가구 > 책상/책장,P200056146,리바트,[클리어런스] 프레일 1500 콘센트형 일자책상,판매 중,클리어런스,100,382000166200,56,https://living.hyundailivart.co.kr/p/P200056146,https://static.hyundailivart.co.kr/upload_mall/goods/P200056146/GM41040391_img.jpg?RS=0X250&CS=250X250&AO=1,2026-08-02T22:30:00+09:00,https://living.hyundailivart.co.kr/p/P200056146
1063,키즈/주니어,,가구 > 키즈/주니어,P100023978,리바트,[클리어런스] 뉴프렌즈 3단 2000 책장,판매 중,클리어런스,100,170000123500,27,https://living.hyundailivart.co.kr/p/P100023978,https://static.hyundailivart.co.kr/upload_mall/goods/P100023978/GM43507973_img.jpg?RS=0X250&CS=250X250&AO=1,2026-08-02T22:30:00+09:00,https://living.hyundailivart.co.kr/p/P100023978
1064,책상/책장,,가구 > 책상/책장,P200163714,리바트,[클리어런스] 로넌 화이트 1400 책상세트 플랩도어형,판매 중,클리어런스,100,548000388500,29,https://living.hyundailivart.co.kr/p/P200163714,https://static.hyundailivart.co.kr/upload_mall/goods/P200163714/GM43180469_img.jpg?RS=0X250&CS=250X250&AO=1,2026-08-02T22:30:00+09:00,https://living.hyundailivart.co.kr/p/P200163714
1065,키즈/주니어,,가구 > 키즈/주니어,P100022816,리바트,[클리어런스] 로넌 5단 600 수납형 책장,판매 중,클리어런스,100,236000174800,26,https://living.hyundailivart.co.kr/p/P100022816,https://static.hyundailivart.co.kr/upload_mall/goods/P100022816/GM41438373_img.jpg?RS=0X250&CS=250X250&AO=1,2026-08-02T22:30:00+09:00,https://living.hyundailivart.co.kr/p/P100022816
1066,책상/책장,,가구 > 책상/책장,P200163800,리바트,[클리어런스] 로넌 화이트 5단 600 수납형 책장,판매 중,클리어런스,100,221000174800,21,https://living.hyundailivart.co.kr/p/P200163800,https://static.hyundailivart.co.kr/upload_mall/goods/P200163800/GM43180560_img.jpg?RS=0X250&CS=250X250&AO=1,2026-08-02T22:30:00+09:00,https://living.hyundailivart.co.kr/p/P200163800
1067,책상/책장,,가구 > 책상/책장,P200012410,리바트하움,6000G 서재책상(목재/철제다리),판매 중,,,337000,,https://living.hyundailivart.co.kr/p/P200012410,https://static.hyundailivart.co.kr/upload_mall/goods/P200012410/GM43656112_img.jpg?RS=0X250&CS=250X250&AO=1,2026-08-02T22:30:00+09:00,https://living.hyundailivart.co.kr/p/P200012410
1068,책상/책장,,가구 > 책상/책장,P200163713,리바트,[클리어런스] 로넌 화이트 1200 책상세트 플랩도어형,판매 중,클리어런스,100,412000265000,36,https://living.hyundailivart.co.kr/p/P200163713,https://static.hyundailivart.co.kr/upload_mall/goods/P200163713/GM43180459_img.jpg?RS=0X250&CS=250X250&AO=1,2026-08-02T22:30:00+09:00,https://living.hyundailivart.co.kr/p/P200163713
1069,키즈/주니어,,가구 > 키즈/주니어,P100022863,리바트,[클리어런스] 로넌 6단 600 서랍장 책장,판매 중,클리어런스,100,309000260300,16,https://living.hyundailivart.co.kr/p/P100022863,https://static.hyundailivart.co.kr/upload_mall/goods/P100022863/GM41438788_img.jpg?RS=0X250&CS=250X250&AO=1,2026-08-02T22:30:00+09:00,https://living.hyundailivart.co.kr/p/P100022863
1070,키즈/주니어,,가구 > 키즈/주니어,P100015574,리바트,[클리어런스] 프렌즈 소호 3단 1200 책장,판매 중,클리어런스,100,12600086400,31,https://living.hyundailivart.co.kr/p/P100015574,https://static.hyundailivart.co.kr/upload_mall/goods/P100015574/GM43509618_img.jpg?RS=0X250&CS=250X250&AO=1,2026-08-02T22:30:00+09:00,https://living.hyundailivart.co.kr/p/P100015574
1071,키즈/주니어,,가구 > 키즈/주니어,P100001959,리바트,[클리어런스] 뉴프렌즈 5단 600 책장,판매 중,클리어런스,100,12900096900,25,https://living.hyundailivart.co.kr/p/P100001959,https://static.hyundailivart.co.kr/upload_mall/goods/P100001959/GM43507771_img.jpg?RS=0X250&CS=250X250&AO=1,2026-08-02T22:30:00+09:00,https://living.hyundailivart.co.kr/p/P100001959
1072,책상/책장,,가구 > 책상/책장,P200112067,리바트하움,[리바트X삼성전자] 오브제 학생 책상세트(삼성조명/도어),판매 중,리바트X삼성전자,,528000,,https://living.hyundailivart.co.kr/p/P200112067,https://static.hyundailivart.co.kr/upload_mall/goods/P200112067/GM43963844_img.jpg?RS=0X250&CS=250X250&AO=1,2026-08-02T22:30:00+09:00,https://living.hyundailivart.co.kr/p/P200112067
1073,책상/책장,,가구 > 책상/책장,P200056140,리바트,[클리어런스] 프레일 1200 콘센트형 스크린보드 일자책상,판매 중,클리어런스,100,438000203300,54,https://living.hyundailivart.co.kr/p/P200056140,https://static.hyundailivart.co.kr/upload_mall/goods/P200056140/GM41040485_img.jpg?RS=0X250&CS=250X250&AO=1,2026-08-02T22:30:00+09:00,https://living.hyundailivart.co.kr/p/P200056140
1074,책상/책장,,가구 > 책상/책장,P200163807,리바트,[클리어런스] 로넌 화이트 6단 600 서랍장 책장,판매 중,클리어런스,100,335000260300,22,https://living.hyundailivart.co.kr/p/P200163807,https://static.hyundailivart.co.kr/upload_mall/goods/P200163807/GM43180626_img.jpg?RS=0X250&CS=250X250&AO=1,2026-08-02T22:30:00+09:00,https://living.hyundailivart.co.kr/p/P200163807
1075,책상/책장,,가구 > 책상/책장,P100031340,리바트,[클리어런스] 프레일 1500 전면책상 우형,판매 중,클리어런스,100,656000330600,50,https://living.hyundailivart.co.kr/p/P100031340,https://static.hyundailivart.co.kr/upload_mall/goods/P100031340/GM41136240_img.jpg?RS=0X250&CS=250X250&AO=1,2026-08-02T22:30:00+09:00,https://living.hyundailivart.co.kr/p/P100031340
1076,책상/책장,,가구 > 책상/책장,P200012513,리바트하움,재택근무책상,판매 중,,,174000,,https://living.hyundailivart.co.kr/p/P200012513,https://static.hyundailivart.co.kr/upload_mall/goods/P200012513/GM43606458_img.jpg?RS=0X250&CS=250X250&AO=1,2026-08-02T22:30:00+09:00,https://living.hyundailivart.co.kr/p/P200012513
1077,책상/책장,,가구 > 책상/책장,P100024025,리바트,[클리어런스] 뉴프렌즈 3단 이동서랍,판매 중,클리어런스,100,138000112100,19,https://living.hyundailivart.co.kr/p/P100024025,,2026-08-02T22:30:00+09:00,https://living.hyundailivart.co.kr/p/P100024025
1078,책상/책장,,가구 > 책상/책장,P100025557,리바트,[클리어런스] 프렌즈 스틸 600 5단 책장,판매 중,클리어런스,100,203000159600,21,https://living.hyundailivart.co.kr/p/P100025557,,2026-08-02T22:30:00+09:00,https://living.hyundailivart.co.kr/p/P100025557
1079,책상/책장,,가구 > 책상/책장,P100025552,리바트,[클리어런스] 프렌즈 스틸 800 5단 책장,판매 중,클리어런스,100,212000162400,23,https://living.hyundailivart.co.kr/p/P100025552,,2026-08-02T22:30:00+09:00,https://living.hyundailivart.co.kr/p/P100025552
1080,책상/책장,,가구 > 책상/책장,P200199584,리바트하움,오브제 책상+뉴 부스트 의자 패키지,판매 중,,,208000,,https://living.hyundailivart.co.kr/p/P200199584,https://static.hyundailivart.co.kr/upload_mall/goods/P200199584/GM43996254_img.jpg?RS=0X250&CS=250X250&AO=1,2026-08-02T22:30:00+09:00,https://living.hyundailivart.co.kr/p/P200199584
1081,책상/책장,,가구 > 책상/책장,P200023006,리바트,[천연가죽 데스크패드 증정] 조인 1800 책상,판매 중,천연가죽 데스크패드 증정,,279000,,https://living.hyundailivart.co.kr/p/P200023006,https://static.hyundailivart.co.kr/upload_mall/goods/P200023006/GM40230038_img.jpg?RS=0X250&CS=250X250&AO=1,2026-08-02T22:30:00+09:00,https://living.hyundailivart.co.kr/p/P200023006
1082,책상/책장,,가구 > 책상/책장,P200173602,리바트,[클리어런스] 프렌즈 소호 1200 ㄷ자 책상,판매 중,클리어런스,100,146000101600,30,https://living.hyundailivart.co.kr/p/P200173602,https://static.hyundailivart.co.kr/upload_mall/goods/P200173602/GM43369976_img.jpg?RS=0X250&CS=250X250&AO=1,2026-08-02T22:30:00+09:00,https://living.hyundailivart.co.kr/p/P200173602
1083,책상/책장,,가구 > 책상/책장,P200163809,리바트,[클리어런스] 로넌 화이트 2단 이동서랍,판매 중,클리어런스,100,154000143400,7,https://living.hyundailivart.co.kr/p/P200163809,https://static.hyundailivart.co.kr/upload_mall/goods/P200163809/GM43180636_img.jpg?RS=0X250&CS=250X250&AO=1,2026-08-02T22:30:00+09:00,https://living.hyundailivart.co.kr/p/P200163809
1084,책상/책장,,가구 > 책상/책장,P200181618,리바트,"[클리어런스] 로넌 1200 책상세트 플랩도어형 (2단서랍, 조명 포함)",판매 중,클리어런스,100,696000547200,21,https://living.hyundailivart.co.kr/p/P200181618,https://static.hyundailivart.co.kr/upload_mall/goods/P200181618/GM43508123_img.jpg?RS=0X250&CS=250X250&AO=1,2026-08-02T22:30:00+09:00,https://living.hyundailivart.co.kr/p/P200181618
1085,책상/책장,,가구 > 책상/책장,P100030118,리바트,조인(JOIN) 스틸 800 5단책장,판매 중,,,278000,,https://living.hyundailivart.co.kr/p/P100030118,,2026-08-02T22:30:00+09:00,https://living.hyundailivart.co.kr/p/P100030118
1086,책상/책장,,가구 > 책상/책장,P200199585,리바트하움,뉴 독서실 책상+뉴 부스트 의자 패키지,판매 중,,,338000,,https://living.hyundailivart.co.kr/p/P200199585,https://static.hyundailivart.co.kr/upload_mall/goods/P200199585/GM43996264_img.jpg?RS=0X250&CS=250X250&AO=1,2026-08-02T22:30:00+09:00,https://living.hyundailivart.co.kr/p/P200199585
1087,책상/책장,,가구 > 책상/책장,P200173603,리바트,[클리어런스] 프렌즈 소호 1500 ㄷ자 책상,판매 중,클리어런스,100,190000138700,27,https://living.hyundailivart.co.kr/p/P200173603,https://static.hyundailivart.co.kr/upload_mall/goods/P200173603/GM43369990_img.jpg?RS=0X250&CS=250X250&AO=1,2026-08-02T22:30:00+09:00,https://living.hyundailivart.co.kr/p/P200173603
1088,책상/책장,,가구 > 책상/책장,P200014907,리바트,[클리어런스] 프렌즈 소호 5단 800 와이드 책장,판매 중,클리어런스,100,184000134900,27,https://living.hyundailivart.co.kr/p/P200014907,https://static.hyundailivart.co.kr/upload_mall/goods/P200014907/GM40108973_img.jpg?RS=0X250&CS=250X250&AO=1,2026-08-02T22:30:00+09:00,https://living.hyundailivart.co.kr/p/P200014907
1089,책상/책장,,가구 > 책상/책장,P100030742,리바트,[클리어런스] 프레일 1500 전면책상 좌형,판매 중,클리어런스,100,656000330600,50,https://living.hyundailivart.co.kr/p/P100030742,https://static.hyundailivart.co.kr/upload_mall/goods/P100030742/GM41136198_img.jpg?RS=0X250&CS=250X250&AO=1,2026-08-02T22:30:00+09:00,https://living.hyundailivart.co.kr/p/P100030742
1090,책상/책장,,가구 > 책상/책장,P100025582,리바트,[클리어런스] 프렌즈 스틸 1200 책상,판매 중,클리어런스,100,138000108300,22,https://living.hyundailivart.co.kr/p/P100025582,https://static.hyundailivart.co.kr/upload_mall/goods/P100025582/C100007759_OPT1.jpg?RS=0X22&CS=22X22&AO=1,2026-08-02T22:30:00+09:00,https://living.hyundailivart.co.kr/p/P100025582
1091,책상/책장,,가구 > 책상/책장,P200163811,리바트,[클리어런스] 로넌 화이트 3단 600 서랍장,판매 중,클리어런스,100,226000180500,20,https://living.hyundailivart.co.kr/p/P200163811,https://static.hyundailivart.co.kr/upload_mall/goods/P200163811/GM43180656_img.jpg?RS=0X250&CS=250X250&AO=1,2026-08-02T22:30:00+09:00,https://living.hyundailivart.co.kr/p/P200163811
1092,책상/책장,,가구 > 책상/책장,P100014288,리바트,[클리어런스] 프렌즈 소호 1200 ㄷ자 책상세트 (3단서랍장),판매 중,클리어런스,100,320000219400,31,https://living.hyundailivart.co.kr/p/P100014288,,2026-08-02T22:30:00+09:00,https://living.hyundailivart.co.kr/p/P100014288
1093,책상/책장,,가구 > 책상/책장,P200014903,리바트,[클리어런스] 프렌즈 소호 3단 800 책장,판매 중,클리어런스,100,12300082600,33,https://living.hyundailivart.co.kr/p/P200014903,https://static.hyundailivart.co.kr/upload_mall/goods/P200014903/GM40108960_img.jpg?RS=0X250&CS=250X250&AO=1,2026-08-02T22:30:00+09:00,https://living.hyundailivart.co.kr/p/P200014903
1094,책상/책장,,가구 > 책상/책장,P200191021,리바트,마스타브 800 5단 책장 반원형,판매 중,,,428000,,https://living.hyundailivart.co.kr/p/P200191021,https://static.hyundailivart.co.kr/upload_mall/goods/P200191021/GM43707607_img.jpg?RS=0X250&CS=250X250&AO=1,2026-08-02T22:30:00+09:00,https://living.hyundailivart.co.kr/p/P200191021
1095,책상/책장,,가구 > 책상/책장,P200014904,리바트,[클리어런스] 프렌즈 소호 3단 1600 책장,판매 중,클리어런스,100,229000167200,27,https://living.hyundailivart.co.kr/p/P200014904,https://static.hyundailivart.co.kr/upload_mall/goods/P200014904/GM40108963_img.jpg?RS=0X250&CS=250X250&AO=1,2026-08-02T22:30:00+09:00,https://living.hyundailivart.co.kr/p/P200014904
1096,책상/책장,,가구 > 책상/책장,P200195463,리바트,[천연가죽 데스크패드 증정] 커스터마이징 서재 어셈블,판매 중,천연가죽 데스크패드 증정,,58000,,https://living.hyundailivart.co.kr/p/P200195463,https://static.hyundailivart.co.kr/upload_mall/goods/P200195463/GM43950373_img.jpg?RS=0X250&CS=250X250&AO=1,2026-08-02T22:30:00+09:00,https://living.hyundailivart.co.kr/p/P200195463
1097,책상/책장,,가구 > 책상/책장,P200199271,리바트,어셈블 6단 600 책장,판매 중,,,224000,,https://living.hyundailivart.co.kr/p/P200199271,https://static.hyundailivart.co.kr/upload_mall/goods/P200199271/GM44001711_img.jpg?RS=0X250&CS=250X250&AO=1,2026-08-02T22:30:00+09:00,https://living.hyundailivart.co.kr/p/P200199271
1098,키즈/주니어,,가구 > 키즈/주니어,P100026736,리바트,[클리어런스] 꼼므 주니어 각도조절 책상,판매 중,클리어런스,100,538000255500,53,https://living.hyundailivart.co.kr/p/P100026736,https://static.hyundailivart.co.kr/upload_mall/goods/P100026736/GM10081763_img.jpg?RS=0X250&CS=250X250&AO=1,2026-08-02T22:30:00+09:00,https://living.hyundailivart.co.kr/p/P100026736
1099,책상/책장,,가구 > 책상/책장,P200173942,리바트,[클리어런스] 프렌즈 소호 1200 ㄷ자 책상세트 (컴퓨터서랍장),판매 중,클리어런스,100,274000191900,30,https://living.hyundailivart.co.kr/p/P200173942,https://static.hyundailivart.co.kr/upload_mall/goods/P200173942/GM43370070_img.jpg?RS=0X250&CS=250X250&AO=1,2026-08-02T22:30:00+09:00,https://living.hyundailivart.co.kr/p/P200173942
1100,키즈/주니어,,가구 > 키즈/주니어,P200191930,리바트,[클리어런스] 꼼므 키즈 2단 이동식 트롤리 책장,판매 중,클리어런스,100,266000188100,29,https://living.hyundailivart.co.kr/p/P200191930,https://static.hyundailivart.co.kr/upload_mall/goods/P200191930/GM43739881_img.jpg?RS=0X250&CS=250X250&AO=1,2026-08-02T22:30:00+09:00,https://living.hyundailivart.co.kr/p/P200191930
1101,책상/책장,,가구 > 책상/책장,P200012404,리바트하움,빅테이블,판매 중,,,408000,,https://living.hyundailivart.co.kr/p/P200012404,https://static.hyundailivart.co.kr/upload_mall/goods/P200012404/GM43735704_img.jpg?RS=0X250&CS=250X250&AO=1,2026-08-02T22:30:00+09:00,https://living.hyundailivart.co.kr/p/P200012404
1102,책상/책장,,가구 > 책상/책장,P200199108,리바트,[천연가죽 데스크패드 증정] 어셈블 5단 1200 단독 책상세트 콘센트형,판매 중,천연가죽 데스크패드 증정,,729000,,https://living.hyundailivart.co.kr/p/P200199108,https://static.hyundailivart.co.kr/upload_mall/goods/P200199108/GM44003101_img.jpg?RS=0X250&CS=250X250&AO=1,2026-08-02T22:30:00+09:00,https://living.hyundailivart.co.kr/p/P200199108
1103,책상/책장,,가구 > 책상/책장,P200198955,리바트,[천연가죽 데스크패드 증정] 어셈블 6단 1200 일반 책상세트 콘센트형(스틸타공판형),판매 중,천연가죽 데스크패드 증정,,725000,,https://living.hyundailivart.co.kr/p/P200198955,https://static.hyundailivart.co.kr/upload_mall/goods/P200198955/GM44002618_img.jpg?RS=0X250&CS=250X250&AO=1,2026-08-02T22:30:00+09:00,https://living.hyundailivart.co.kr/p/P200198955
1104,책상/책장,,가구 > 책상/책장,P100027785,리바트,"[클리어런스] 프렌즈 스틸 연결형 5단 책장 (월넛,블랙)",판매 중,클리어런스,100,152000121600,20,https://living.hyundailivart.co.kr/p/P100027785,,2026-08-02T22:30:00+09:00,https://living.hyundailivart.co.kr/p/P100027785
1105,책상/책장,,가구 > 책상/책장,P200079261,리바트하움,오브제 학생 책상세트(조명/도어),판매 중,,,483000,,https://living.hyundailivart.co.kr/p/P200079261,https://static.hyundailivart.co.kr/upload_mall/goods/P200079261/GM43963816_img.jpg?RS=0X250&CS=250X250&AO=1,2026-08-02T22:30:00+09:00,https://living.hyundailivart.co.kr/p/P200079261
1106,책상/책장,,가구 > 책상/책장,P200199581,리바트하움,오브제 튜터 모션 책상세트+뉴 부스트 의자 패키지,판매 중,,,1069000,,https://living.hyundailivart.co.kr/p/P200199581,https://static.hyundailivart.co.kr/upload_mall/goods/P200199581/GM43996222_img.jpg?RS=0X250&CS=250X250&AO=1,2026-08-02T22:30:00+09:00,https://living.hyundailivart.co.kr/p/P200199581
1107,책상/책장,,가구 > 책상/책장,P200163796,리바트,[클리어런스] 로넌 화이트 1200 철제 책상,판매 중,클리어런스,100,173000122500,29,https://living.hyundailivart.co.kr/p/P200163796,https://static.hyundailivart.co.kr/upload_mall/goods/P200163796/GM43180519_img.jpg?RS=0X250&CS=250X250&AO=1,2026-08-02T22:30:00+09:00,https://living.hyundailivart.co.kr/p/P200163796
1108,키즈/주니어,,가구 > 키즈/주니어,P100027027,리바트,[클리어런스] 꼼므 주니어 1200 책상세트,판매 중,클리어런스,100,663000324900,51,https://living.hyundailivart.co.kr/p/P100027027,https://static.hyundailivart.co.kr/upload_mall/goods/P100027027/GM10083197_img.jpg?RS=0X250&CS=250X250&AO=1,2026-08-02T22:30:00+09:00,https://living.hyundailivart.co.kr/p/P100027027
1109,책상/책장,,가구 > 책상/책장,P200163802,리바트,[클리어런스] 로넌 화이트 3단 600 책장 (도어형),판매 중,클리어런스,100,177000126300,29,https://living.hyundailivart.co.kr/p/P200163802,https://static.hyundailivart.co.kr/upload_mall/goods/P200163802/GM43180580_img.jpg?RS=0X250&CS=250X250&AO=1,2026-08-02T22:30:00+09:00,https://living.hyundailivart.co.kr/p/P200163802
1110,책상/책장,,가구 > 책상/책장,P200079157,리바트하움,오브제 컴퓨터 책상,판매 중,,,123000,,https://living.hyundailivart.co.kr/p/P200079157,https://static.hyundailivart.co.kr/upload_mall/goods/P200079157/GM43643469_img.jpg?RS=0X250&CS=250X250&AO=1,2026-08-02T22:30:00+09:00,https://living.hyundailivart.co.kr/p/P200079157
1111,책상/책장,,가구 > 책상/책장,P100036319,리바트,팝 소가구 드로 4단 책장(연결형),판매 중,,,317000,,https://living.hyundailivart.co.kr/p/P100036319,,2026-08-02T22:30:00+09:00,https://living.hyundailivart.co.kr/p/P100036319
1112,책상/책장,,가구 > 책상/책장,P200163650,리바트,[클리어런스] 로넌 화이트 1400 책상세트,판매 중,클리어런스,100,461000328700,29,https://living.hyundailivart.co.kr/p/P200163650,https://static.hyundailivart.co.kr/upload_mall/goods/P200163650/GM43180449_img.jpg?RS=0X250&CS=250X250&AO=1,2026-08-02T22:30:00+09:00,https://living.hyundailivart.co.kr/p/P200163650
1113,책상/책장,,가구 > 책상/책장,P200191015,리바트,[천연가죽 데스크패드 증정] 마스타브 1200 책상,판매 중,천연가죽 데스크패드 증정,,640000,,https://living.hyundailivart.co.kr/p/P200191015,https://static.hyundailivart.co.kr/upload_mall/goods/P200191015/GM43707535_img.jpg?RS=0X250&CS=250X250&AO=1,2026-08-02T22:30:00+09:00,https://living.hyundailivart.co.kr/p/P200191015
1114,책상/책장,,가구 > 책상/책장,P100030705,리바트,[클리어런스] 프레일 1500 h책상 좌형,판매 중,클리어런스,100,446000211800,53,https://living.hyundailivart.co.kr/p/P100030705,,2026-08-02T22:30:00+09:00,https://living.hyundailivart.co.kr/p/P100030705
1115,책상/책장,,가구 > 책상/책장,P200163810,리바트,[클리어런스] 로넌 화이트 2단 600 교구장,판매 중,클리어런스,100,156000120600,23,https://living.hyundailivart.co.kr/p/P200163810,https://static.hyundailivart.co.kr/upload_mall/goods/P200163810/GM43180646_img.jpg?RS=0X250&CS=250X250&AO=1,2026-08-02T22:30:00+09:00,https://living.hyundailivart.co.kr/p/P200163810
1116,책상/책장,,가구 > 책상/책장,P100030773,리바트,[클리어런스] 프레일 1200 하부수납형 책상,판매 중,클리어런스,100,300000192800,36,https://living.hyundailivart.co.kr/p/P100030773,,2026-08-02T22:30:00+09:00,https://living.hyundailivart.co.kr/p/P100030773
1117,책상/책장,,가구 > 책상/책장,P200163806,리바트,[클리어런스] 로넌 화이트 5단 600 교구장 책장,판매 중,클리어런스,100,265000202300,24,https://living.hyundailivart.co.kr/p/P200163806,https://static.hyundailivart.co.kr/upload_mall/goods/P200163806/GM43180616_img.jpg?RS=0X250&CS=250X250&AO=1,2026-08-02T22:30:00+09:00,https://living.hyundailivart.co.kr/p/P200163806
1118,책상/책장,,가구 > 책상/책장,P200186787,리바트하움,모듈 테이블 시리즈,판매 중,,,224000,,https://living.hyundailivart.co.kr/p/P200186787,https://static.hyundailivart.co.kr/upload_mall/goods/P200186787/GM43658172_img.jpg?RS=0X250&CS=250X250&AO=1,2026-08-02T22:30:00+09:00,https://living.hyundailivart.co.kr/p/P200186787
1119,책상/책장,,가구 > 책상/책장,P200187542,리바트하움,뉴 안심 블랙에디션 컴퓨터책상 (사무실/사무용/오피스책상),판매 중,,,196000,,https://living.hyundailivart.co.kr/p/P200187542,https://static.hyundailivart.co.kr/upload_mall/goods/P200187542/GM43603153_img.jpg?RS=0X250&CS=250X250&AO=1,2026-08-02T22:30:00+09:00,https://living.hyundailivart.co.kr/p/P200187542
1120,책상/책장,,가구 > 책상/책장,P200145518,리바트,[클리어런스] 뉴프렌즈 3단 1200 라이트 책장,판매 중,클리어런스,100,9100070300,23,https://living.hyundailivart.co.kr/p/P200145518,https://static.hyundailivart.co.kr/upload_mall/goods/P200145518/GM42864056_img.jpg?RS=0X250&CS=250X250&AO=1,2026-08-02T22:30:00+09:00,https://living.hyundailivart.co.kr/p/P200145518
1121,키즈/주니어,,가구 > 키즈/주니어,P100018336,리바트,[클리어런스] 노하 전면 책상,판매 중,클리어런스,100,364000263100,28,https://living.hyundailivart.co.kr/p/P100018336,,2026-08-02T22:30:00+09:00,https://living.hyundailivart.co.kr/p/P100018336
1122,책상/책장,,가구 > 책상/책장,P200014905,리바트,[클리어런스] 프렌즈 소호 4단 800 책장,판매 중,클리어런스,100,183000127300,30,https://living.hyundailivart.co.kr/p/P200014905,https://static.hyundailivart.co.kr/upload_mall/goods/P200014905/GM40108967_img.jpg?RS=0X250&CS=250X250&AO=1,2026-08-02T22:30:00+09:00,https://living.hyundailivart.co.kr/p/P200014905
1123,키즈/주니어,,가구 > 키즈/주니어,P100015581,리바트,[클리어런스] 프렌즈 소호 5단 800 책장,판매 중,클리어런스,100,147000100700,31,https://living.hyundailivart.co.kr/p/P100015581,https://static.hyundailivart.co.kr/upload_mall/goods/P100015581/GM43508780_img.jpg?RS=0X250&CS=250X250&AO=1,2026-08-02T22:30:00+09:00,https://living.hyundailivart.co.kr/p/P100015581
1124,책상/책장,,가구 > 책상/책장,P200022993,리바트,[천연가죽 데스크패드 증정] 조인 1500 책상,판매 중,천연가죽 데스크패드 증정,,242000,,https://living.hyundailivart.co.kr/p/P200022993,https://static.hyundailivart.co.kr/upload_mall/goods/P200022993/GM40230135_img.jpg?RS=0X250&CS=250X250&AO=1,2026-08-02T22:30:00+09:00,https://living.hyundailivart.co.kr/p/P200022993
1125,책상/책장,,가구 > 책상/책장,P100030828,리바트,[클리어런스] 프레일 800 5단 일반형 책장,판매 중,클리어런스,100,262000156700,40,https://living.hyundailivart.co.kr/p/P100030828,,2026-08-02T22:30:00+09:00,https://living.hyundailivart.co.kr/p/P100030828
1126,책상/책장,,가구 > 책상/책장,P200012385,리바트하움,커리어 컴퓨터책상,판매 중,,,177000,,https://living.hyundailivart.co.kr/p/P200012385,https://static.hyundailivart.co.kr/upload_mall/goods/P200012385/GM43656104_img.jpg?RS=0X250&CS=250X250&AO=1,2026-08-02T22:30:00+09:00,https://living.hyundailivart.co.kr/p/P200012385
1127,키즈/주니어,,가구 > 키즈/주니어,P100015082,리바트,[클리어런스] 꼼므 1200 낮은 유아선반책장,판매 중,클리어런스,100,10900093100,15,https://living.hyundailivart.co.kr/p/P100015082,,2026-08-02T22:30:00+09:00,https://living.hyundailivart.co.kr/p/P100015082
1128,책상/책장,,가구 > 책상/책장,P100025588,리바트,[클리어런스] 프렌즈 스틸 1800 책상,판매 중,클리어런스,100,187000153900,18,https://living.hyundailivart.co.kr/p/P100025588,https://static.hyundailivart.co.kr/upload_mall/goods/P100025588/C100007765_OPT1.jpg?RS=0X22&CS=22X22&AO=1,2026-08-02T22:30:00+09:00,https://living.hyundailivart.co.kr/p/P100025588
1129,책상/책장,,가구 > 책상/책장,P200163649,리바트,[클리어런스] 로넌 화이트 1200 책상세트,판매 중,클리어런스,100,331000227000,31,https://living.hyundailivart.co.kr/p/P200163649,https://static.hyundailivart.co.kr/upload_mall/goods/P200163649/GM43180439_img.jpg?RS=0X250&CS=250X250&AO=1,2026-08-02T22:30:00+09:00,https://living.hyundailivart.co.kr/p/P200163649
1130,책상/책장,,가구 > 책상/책장,P200173943,리바트,[클리어런스] 프렌즈 소호 1500 ㄷ자 책상세트 (컴퓨터서랍장),판매 중,클리어런스,100,318000226100,29,https://living.hyundailivart.co.kr/p/P200173943,https://static.hyundailivart.co.kr/upload_mall/goods/P200173943/GM43370080_img.jpg?RS=0X250&CS=250X250&AO=1,2026-08-02T22:30:00+09:00,https://living.hyundailivart.co.kr/p/P200173943
1131,책상/책장,,가구 > 책상/책장,P200173604,리바트,[클리어런스] 프렌즈 소호 1800 ㄷ자 책상,판매 중,클리어런스,100,196000142500,27,https://living.hyundailivart.co.kr/p/P200173604,https://static.hyundailivart.co.kr/upload_mall/goods/P200173604/GM43370019_img.jpg?RS=0X250&CS=250X250&AO=1,2026-08-02T22:30:00+09:00,https://living.hyundailivart.co.kr/p/P200173604
1132,키즈/주니어,,가구 > 키즈/주니어,P100026745,리바트,[클리어런스] 꼼므 주니어 1200 책상,판매 중,클리어런스,100,293000139600,52,https://living.hyundailivart.co.kr/p/P100026745,https://static.hyundailivart.co.kr/upload_mall/goods/P100026745/GM10081815_img.jpg?RS=0X250&CS=250X250&AO=1,2026-08-02T22:30:00+09:00,https://living.hyundailivart.co.kr/p/P100026745
1133,책상/책장,,가구 > 책상/책장,P100014280,리바트,[클리어런스] 프렌즈 소호 3단 서랍장(아이보리),판매 중,클리어런스,100,174000133000,24,https://living.hyundailivart.co.kr/p/P100014280,,2026-08-02T22:30:00+09:00,https://living.hyundailivart.co.kr/p/P100014280
1134,책상/책장,,가구 > 책상/책장,P200199281,리바트,어셈블 6단 800 상하부도어형 책장,판매 중,,,404000,,https://living.hyundailivart.co.kr/p/P200199281,https://static.hyundailivart.co.kr/upload_mall/goods/P200199281/GM44002020_img.jpg?RS=0X250&CS=250X250&AO=1,2026-08-02T22:30:00+09:00,https://living.hyundailivart.co.kr/p/P200199281
1135,키즈/주니어,,가구 > 키즈/주니어,P200064238,리바트,[클리어런스] 로넌 1200 각도높이조절 책상세트,판매 중,클리어런스,100,581000418000,28,https://living.hyundailivart.co.kr/p/P200064238,https://static.hyundailivart.co.kr/upload_mall/goods/P200064238/GM41244828_img.jpg?RS=0X250&CS=250X250&AO=1,2026-08-02T22:30:00+09:00,https://living.hyundailivart.co.kr/p/P200064238
1136,책상/책장,,가구 > 책상/책장,P200121333,리바트,마이온 1400 책상(D800),판매 중,,100,421000193600,54,https://living.hyundailivart.co.kr/p/P200121333,https://static.hyundailivart.co.kr/upload_mall/goods/P200121333/GM42470078_img.jpg?RS=0X250&CS=250X250&AO=1,2026-08-02T22:30:00+09:00,https://living.hyundailivart.co.kr/p/P200121333
1137,책상/책장,,가구 > 책상/책장,P200079510,리바트,그라나다 600 뉴노멀 책장,판매 중,,,207000,,https://living.hyundailivart.co.kr/p/P200079510,https://static.hyundailivart.co.kr/upload_mall/goods/P200079510/GM41620042_img.jpg?RS=0X250&CS=250X250&AO=1,2026-08-02T22:30:00+09:00,https://living.hyundailivart.co.kr/p/P200079510
1138,책상/책장,,가구 > 책상/책장,P200191020,리바트,마스타브 800 5단 장식장,판매 중,,,383000,,https://living.hyundailivart.co.kr/p/P200191020,https://static.hyundailivart.co.kr/upload_mall/goods/P200191020/GM43707593_img.jpg?RS=0X250&CS=250X250&AO=1,2026-08-02T22:30:00+09:00,https://living.hyundailivart.co.kr/p/P200191020
1139,키즈/주니어,,가구 > 키즈/주니어,P100018246,리바트,[클리어런스] 프렌즈 소호 3단 2000 책장,판매 중,클리어런스,100,167000127300,24,https://living.hyundailivart.co.kr/p/P100018246,,2026-08-02T22:30:00+09:00,https://living.hyundailivart.co.kr/p/P100018246
1140,책상/책장,,가구 > 책상/책장,P100030098,리바트,조인(JOIN) 우드 400 5단책장,판매 중,,,178000,,https://living.hyundailivart.co.kr/p/P100030098,,2026-08-02T22:30:00+09:00,https://living.hyundailivart.co.kr/p/P100030098
1141,책상/책장,,가구 > 책상/책장,P100030110,리바트,조인(JOIN) 스틸 600 6단 책장,판매 중,,,293000,,https://living.hyundailivart.co.kr/p/P100030110,,2026-08-02T22:30:00+09:00,https://living.hyundailivart.co.kr/p/P100030110
1142,책상/책장,,가구 > 책상/책장,P100036420,리바트오피스,뉴 이지링커 2100 120도 컴퓨터책상,판매 중,,,647000,,https://living.hyundailivart.co.kr/p/P100036420,https://static.hyundailivart.co.kr/upload_mall/goods/P100036420/GM43657311_img.jpg?RS=0X250&CS=250X250&AO=1,2026-08-02T22:30:00+09:00,https://living.hyundailivart.co.kr/p/P100036420
1143,책상/책장,,가구 > 책상/책장,P200199280,리바트,어셈블 5단 800 상하부도어형 책장,판매 중,,,394000,,https://living.hyundailivart.co.kr/p/P200199280,https://static.hyundailivart.co.kr/upload_mall/goods/P200199280/GM44001990_img.jpg?RS=0X250&CS=250X250&AO=1,2026-08-02T22:30:00+09:00,https://living.hyundailivart.co.kr/p/P200199280
1144,책상/책장,,가구 > 책상/책장,P200012397,리바트하움,스내핑 철제책장,판매 중,,,104000,,https://living.hyundailivart.co.kr/p/P200012397,https://static.hyundailivart.co.kr/upload_mall/goods/P200012397/GM43640857_img.jpg?RS=0X250&CS=250X250&AO=1,2026-08-02T22:30:00+09:00,https://living.hyundailivart.co.kr/p/P200012397
1145,책상/책장,,가구 > 책상/책장,P200199277,리바트,어셈블 6단 800 하부도어형 책장,판매 중,,,336000,,https://living.hyundailivart.co.kr/p/P200199277,https://static.hyundailivart.co.kr/upload_mall/goods/P200199277/GM44001900_img.jpg?RS=0X250&CS=250X250&AO=1,2026-08-02T22:30:00+09:00,https://living.hyundailivart.co.kr/p/P200199277
1146,책상/책장,,가구 > 책상/책장,P100025577,리바트,[클리어런스] 프렌즈 스틸 2400 5단 책장,판매 중,클리어런스,100,431000342000,21,https://living.hyundailivart.co.kr/p/P100025577,,2026-08-02T22:30:00+09:00,https://living.hyundailivart.co.kr/p/P100025577
1147,책상/책장,,가구 > 책상/책장,P100030114,리바트,조인(JOIN) 스틸 400 6단 책장,판매 중,,,260000,,https://living.hyundailivart.co.kr/p/P100030114,,2026-08-02T22:30:00+09:00,https://living.hyundailivart.co.kr/p/P100030114
1148,키즈/주니어,,가구 > 키즈/주니어,P100030853,리바트,[클리어런스] 프레일 400 3단 멀티수납장,판매 중,클리어런스,100,246000166200,32,https://living.hyundailivart.co.kr/p/P100030853,,2026-08-02T22:30:00+09:00,https://living.hyundailivart.co.kr/p/P100030853
1149,책상/책장,,가구 > 책상/책장,P200133524,리바트,그라나다 포레 800 뉴노멀 책장(애쉬),판매 중,,,321000,,https://living.hyundailivart.co.kr/p/P200133524,https://static.hyundailivart.co.kr/upload_mall/goods/P200133524/GM42639581_img.jpg?RS=0X250&CS=250X250&AO=1,2026-08-02T22:30:00+09:00,https://living.hyundailivart.co.kr/p/P200133524
1150,책상/책장,,가구 > 책상/책장,P200163648,리바트,[클리어런스] 로넌 화이트 1400 책상,판매 중,클리어런스,100,227000162400,28,https://living.hyundailivart.co.kr/p/P200163648,https://static.hyundailivart.co.kr/upload_mall/goods/P200163648/GM43180093_img.jpg?RS=0X250&CS=250X250&AO=1,2026-08-02T22:30:00+09:00,https://living.hyundailivart.co.kr/p/P200163648
1151,책상/책장,,가구 > 책상/책장,P100030633,리바트,[클리어런스] 프레일 1500 일자책상,판매 중,클리어런스,100,289000155800,46,https://living.hyundailivart.co.kr/p/P100030633,,2026-08-02T22:30:00+09:00,https://living.hyundailivart.co.kr/p/P100030633
1152,책상/책장,,가구 > 책상/책장,P200133508,리바트,그라나다 800 뉴노멀 책장,판매 중,,,321000,,https://living.hyundailivart.co.kr/p/P200133508,https://static.hyundailivart.co.kr/upload_mall/goods/P200133508/GM42639430_img.jpg?RS=0X250&CS=250X250&AO=1,2026-08-02T22:30:00+09:00,https://living.hyundailivart.co.kr/p/P200133508
1153,책상/책장,,가구 > 책상/책장,P100025567,리바트,[클리어런스] 프렌즈 스틸 1800 5단 책장,판매 중,클리어런스,100,393000307800,22,https://living.hyundailivart.co.kr/p/P100025567,,2026-08-02T22:30:00+09:00,https://living.hyundailivart.co.kr/p/P100025567
1154,책상/책장,,가구 > 책상/책장,P100030725,리바트,[클리어런스] 프레일 1200 전면책상 좌형,판매 중,클리어런스,100,602000309700,49,https://living.hyundailivart.co.kr/p/P100030725,,2026-08-02T22:30:00+09:00,https://living.hyundailivart.co.kr/p/P100030725
1155,책상/책장,,가구 > 책상/책장,P200163801,리바트,[클리어런스] 로넌 화이트 3단 600 책장,판매 중,클리어런스,100,13700096900,29,https://living.hyundailivart.co.kr/p/P200163801,https://static.hyundailivart.co.kr/upload_mall/goods/P200163801/GM43180570_img.jpg?RS=0X250&CS=250X250&AO=1,2026-08-02T22:30:00+09:00,https://living.hyundailivart.co.kr/p/P200163801
1156,책상/책장,,가구 > 책상/책장,P100025562,리바트,[클리어런스] 프렌즈 스틸 1600 5단 책장,판매 중,클리어런스,100,373000296400,21,https://living.hyundailivart.co.kr/p/P100025562,,2026-08-02T22:30:00+09:00,https://living.hyundailivart.co.kr/p/P100025562
1157,책상/책장,,가구 > 책상/책장,P200084266,리바트,[클리어런스] 로넌 1200 책상 상부장 (책상미포함),판매 중,클리어런스,100,167000143400,14,https://living.hyundailivart.co.kr/p/P200084266,https://static.hyundailivart.co.kr/upload_mall/goods/P200084266/GM41688652_img.jpg?RS=0X250&CS=250X250&AO=1,2026-08-02T22:30:00+09:00,https://living.hyundailivart.co.kr/p/P200084266
1158,책상/책장,,가구 > 책상/책장,P100030126,리바트,조인(JOIN) 스틸 400 5단책장,판매 중,,,220000,,https://living.hyundailivart.co.kr/p/P100030126,,2026-08-02T22:30:00+09:00,https://living.hyundailivart.co.kr/p/P100030126
1159,책상/책장,,가구 > 책상/책장,P200163799,리바트,[클리어런스] 로넌 화이트 5단 600 책장,판매 중,클리어런스,100,181000140600,22,https://living.hyundailivart.co.kr/p/P200163799,https://static.hyundailivart.co.kr/upload_mall/goods/P200163799/GM43180539_img.jpg?RS=0X250&CS=250X250&AO=1,2026-08-02T22:30:00+09:00,https://living.hyundailivart.co.kr/p/P200163799
1160,책상/책장,,가구 > 책상/책장,P200079260,리바트하움,오브제 학생 책상세트,판매 중,,,374000,,https://living.hyundailivart.co.kr/p/P200079260,https://static.hyundailivart.co.kr/upload_mall/goods/P200079260/GM43963802_img.jpg?RS=0X250&CS=250X250&AO=1,2026-08-02T22:30:00+09:00,https://living.hyundailivart.co.kr/p/P200079260
1161,책상/책장,,가구 > 책상/책장,P100030102,리바트,조인(JOIN) 우드 400 5단 책장 도어형,판매 중,,,273000,,https://living.hyundailivart.co.kr/p/P100030102,,2026-08-02T22:30:00+09:00,https://living.hyundailivart.co.kr/p/P100030102
1162,책상/책장,,가구 > 책상/책장,P100030054,리바트,조인(JOIN) 우드 800 6단 책장,판매 중,,,261000,,https://living.hyundailivart.co.kr/p/P100030054,,2026-08-02T22:30:00+09:00,https://living.hyundailivart.co.kr/p/P100030054
1163,책상/책장,,가구 > 책상/책장,P100025639,리바트,"[클리어런스] 프렌즈 스틸 연결형 5단 책장 (화이트,화이트오크)",판매 중,클리어런스,100,152000121600,20,https://living.hyundailivart.co.kr/p/P100025639,,2026-08-02T22:30:00+09:00,https://living.hyundailivart.co.kr/p/P100025639
1164,책상/책장,,가구 > 책상/책장,P200199273,리바트,어셈블 6단 800 책장,판매 중,,,258000,,https://living.hyundailivart.co.kr/p/P200199273,https://static.hyundailivart.co.kr/upload_mall/goods/P200199273/GM44001780_img.jpg?RS=0X250&CS=250X250&AO=1,2026-08-02T22:30:00+09:00,https://living.hyundailivart.co.kr/p/P200199273
1165,책상/책장,,가구 > 책상/책장,P200163793,리바트,[클리어런스] 로넌 화이트 1000 철제 책상,판매 중,클리어런스,100,163000114900,30,https://living.hyundailivart.co.kr/p/P200163793,https://static.hyundailivart.co.kr/upload_mall/goods/P200163793/GM43180509_img.jpg?RS=0X250&CS=250X250&AO=1,2026-08-02T22:30:00+09:00,https://living.hyundailivart.co.kr/p/P200163793
1166,책상/책장,,가구 > 책상/책장,P200056159,리바트,[클리어런스] 프레일 1500 콘센트형 스크린보드 일자책상,판매 중,클리어런스,100,491000233700,52,https://living.hyundailivart.co.kr/p/P200056159,https://static.hyundailivart.co.kr/upload_mall/goods/P200056140/GM41040488_img.jpg?RS=0X250&CS=250X250&AO=1,2026-08-02T22:30:00+09:00,https://living.hyundailivart.co.kr/p/P200056159
1167,책상/책장,,가구 > 책상/책장,P100014293,리바트,[클리어런스] 프렌즈 소호 1500 ㄷ자 책상세트 (3단서랍장),판매 중,클리어런스,100,364000253600,30,https://living.hyundailivart.co.kr/p/P100014293,,2026-08-02T22:30:00+09:00,https://living.hyundailivart.co.kr/p/P100014293
1168,책상/책장,,가구 > 책상/책장,P100014298,리바트,[클리어런스] 프렌즈 소호 1800 ㄷ자 책상세트 (3단서랍장),판매 중,클리어런스,100,370000254600,31,https://living.hyundailivart.co.kr/p/P100014298,,2026-08-02T22:30:00+09:00,https://living.hyundailivart.co.kr/p/P100014298
1169,키즈/주니어,,가구 > 키즈/주니어,P100009883,리바트,프렌즈아이 독서실책상 화이트,판매 중,,,241000,,https://living.hyundailivart.co.kr/p/P100009883,,2026-08-02T22:30:00+09:00,https://living.hyundailivart.co.kr/p/P100009883
1170,책상/책장,,가구 > 책상/책장,P100030062,리바트,조인(JOIN) 우드 600 6단 책장,판매 중,,,226000,,https://living.hyundailivart.co.kr/p/P100030062,,2026-08-02T22:30:00+09:00,https://living.hyundailivart.co.kr/p/P100030062
1171,키즈/주니어,,가구 > 키즈/주니어,P100026760,리바트,[클리어런스] 꼼므 주니어 5단 1200 전면책장,판매 중,클리어런스,100,370000234600,37,https://living.hyundailivart.co.kr/p/P100026760,https://static.hyundailivart.co.kr/upload_mall/goods/P100026760/GM42057613_img.jpg?RS=0X250&CS=250X250&AO=1,2026-08-02T22:30:00+09:00,https://living.hyundailivart.co.kr/p/P100026760
1172,책상/책장,,가구 > 책상/책장,P200014906,리바트,[클리어런스] 프렌즈 소호 5단 600 책장,판매 중,클리어런스,100,164000113000,31,https://living.hyundailivart.co.kr/p/P200014906,https://static.hyundailivart.co.kr/upload_mall/goods/P200014906/GM40110148_img.jpg?RS=0X250&CS=250X250&AO=1,2026-08-02T22:30:00+09:00,https://living.hyundailivart.co.kr/p/P200014906
1173,책상/책장,,가구 > 책상/책장,P100030789,리바트,[클리어런스] 프레일 1500 하부수납형 책상,판매 중,클리어런스,100,275000218500,21,https://living.hyundailivart.co.kr/p/P100030789,,2026-08-02T22:30:00+09:00,https://living.hyundailivart.co.kr/p/P100030789
1174,책상/책장,,가구 > 책상/책장,P200163804,리바트,[클리어런스] 로넌 화이트 2단 600 책장 (도어형),판매 중,클리어런스,100,154000109200,29,https://living.hyundailivart.co.kr/p/P200163804,https://static.hyundailivart.co.kr/upload_mall/goods/P200163804/GM43180606_img.jpg?RS=0X250&CS=250X250&AO=1,2026-08-02T22:30:00+09:00,https://living.hyundailivart.co.kr/p/P200163804
1175,책상/책장,,가구 > 책상/책장,P100031376,리바트,[클리어런스] 프레일 1500 h책상 우형,판매 중,클리어런스,100,446000224200,50,https://living.hyundailivart.co.kr/p/P100031376,,2026-08-02T22:30:00+09:00,https://living.hyundailivart.co.kr/p/P100031376
1176,책상/책장,,가구 > 책상/책장,P200144639,리바트,뉴루디 3단 책상서랍,판매 중,,,212000,,https://living.hyundailivart.co.kr/p/P200144639,https://static.hyundailivart.co.kr/upload_mall/goods/P200144639/GM42855788_img.jpg?RS=0X250&CS=250X250&AO=1,2026-08-02T22:30:00+09:00,https://living.hyundailivart.co.kr/p/P200144639
1177,책상/책장,,가구 > 책상/책장,P200199270,리바트,어셈블 5단 600 책장,판매 중,,,210000,,https://living.hyundailivart.co.kr/p/P200199270,https://static.hyundailivart.co.kr/upload_mall/goods/P200199270/GM44001681_img.jpg?RS=0X250&CS=250X250&AO=1,2026-08-02T22:30:00+09:00,https://living.hyundailivart.co.kr/p/P200199270
1178,책상/책장,,가구 > 책상/책장,P100030094,리바트,조인(JOIN) 우드 600 5단 책장,판매 중,,,209000,,https://living.hyundailivart.co.kr/p/P100030094,,2026-08-02T22:30:00+09:00,https://living.hyundailivart.co.kr/p/P100030094
1179,책상/책장,,가구 > 책상/책장,P200022894,리바트,마이온 800 5단 책장,판매 중,,100,431000198200,54,https://living.hyundailivart.co.kr/p/P200022894,https://static.hyundailivart.co.kr/upload_mall/goods/P200022894/GM40257004_img.jpg?RS=0X250&CS=250X250&AO=1,2026-08-02T22:30:00+09:00,https://living.hyundailivart.co.kr/p/P200022894
1180,책상/책장,,가구 > 책상/책장,P100025547,리바트,[클리어런스] 프렌즈 스틸 1200 5단 책장,판매 중,클리어런스,100,241000193800,20,https://living.hyundailivart.co.kr/p/P100025547,,2026-08-02T22:30:00+09:00,https://living.hyundailivart.co.kr/p/P100025547
1181,책상/책장,,가구 > 책상/책장,P100031357,리바트,[클리어런스] 프레일 1200 h책상 우형,판매 중,클리어런스,100,427000203300,52,https://living.hyundailivart.co.kr/p/P100031357,,2026-08-02T22:30:00+09:00,https://living.hyundailivart.co.kr/p/P100031357
1182,키즈/주니어,,가구 > 키즈/주니어,P100023991,리바트,[클리어런스] 뉴프렌즈 4단 1200 하부도어 책장,판매 중,클리어런스,100,264000199500,24,https://living.hyundailivart.co.kr/p/P100023991,,2026-08-02T22:30:00+09:00,https://living.hyundailivart.co.kr/p/P100023991
1183,책상/책장,,가구 > 책상/책장,P100023276,리바트,[클리어런스] 프렌즈 스틸 이동 서랍박스 (블랙),판매 중,클리어런스,100,10800095000,12,https://living.hyundailivart.co.kr/p/P100023276,,2026-08-02T22:30:00+09:00,https://living.hyundailivart.co.kr/p/P100023276
1184,책상/책장,,가구 > 책상/책장,P100029486,리바트,모듈플러스 1600 3단 선반장 (화이트/그레이),판매 중,,100,624000191000,69,https://living.hyundailivart.co.kr/p/P100029486,,2026-08-02T22:30:00+09:00,https://living.hyundailivart.co.kr/p/P100029486
1185,책상/책장,,가구 > 책상/책장,P200079513,리바트,그라나다 수납박스 슬라이딩 도어 2개 세트,판매 중,,,112000,,https://living.hyundailivart.co.kr/p/P200079513,https://static.hyundailivart.co.kr/upload_mall/goods/P200079513/GM41620048_img.jpg?RS=0X250&CS=250X250&AO=1,2026-08-02T22:30:00+09:00,https://living.hyundailivart.co.kr/p/P200079513
1186,키즈/주니어,,가구 > 키즈/주니어,P100022857,리바트,[클리어런스] 로넌 3단 600 서랍장,판매 중,클리어런스,100,199000180500,9,https://living.hyundailivart.co.kr/p/P100022857,,2026-08-02T22:30:00+09:00,https://living.hyundailivart.co.kr/p/P100022857
1187,책상/책장,,가구 > 책상/책장,P200012487,리바트하움,PC홀더,판매 중,,,41000,,https://living.hyundailivart.co.kr/p/P200012487,https://static.hyundailivart.co.kr/upload_mall/goods/P200012487/GM43652810_img.jpg?RS=0X250&CS=250X250&AO=1,2026-08-02T22:30:00+09:00,https://living.hyundailivart.co.kr/p/P200012487
1188,책상/책장,,가구 > 책상/책장,P100024016,리바트,[클리어런스] 뉴프렌즈 1800 ㄷ자 책상(강화유리 포함),판매 중,클리어런스,100,230000171900,25,https://living.hyundailivart.co.kr/p/P100024016,,2026-08-02T22:30:00+09:00,https://living.hyundailivart.co.kr/p/P100024016
1189,책상/책장,,가구 > 책상/책장,P200144637,리바트,뉴루디 2단 책상서랍,판매 중,,,170000,,https://living.hyundailivart.co.kr/p/P200144637,https://static.hyundailivart.co.kr/upload_mall/goods/P200144637/GM42855778_img.jpg?RS=0X250&CS=250X250&AO=1,2026-08-02T22:30:00+09:00,https://living.hyundailivart.co.kr/p/P200144637
1190,책상/책장,,가구 > 책상/책장,P200196532,리바트 세계가구,[클리어런스] 패브릭 수납박스 (뚜껑 포함),판매 중,클리어런스,100,1700015000,12,https://living.hyundailivart.co.kr/p/P200196532,https://static.hyundailivart.co.kr/upload_mall/goods/P200196532/GM43869871_img.jpg?RS=0X250&CS=250X250&AO=1,2026-08-02T22:30:00+09:00,https://living.hyundailivart.co.kr/p/P200196532
1191,키즈/주니어,,가구 > 키즈/주니어,P100026491,리바트,[클리어런스] 꼼므 3단 1200 아이책장,판매 중,클리어런스,100,190000164300,14,https://living.hyundailivart.co.kr/p/P100026491,,2026-08-02T22:30:00+09:00,https://living.hyundailivart.co.kr/p/P100026491
1192,책상/책장,,가구 > 책상/책장,P200012466,리바트하움,모니터받침대(PP),판매 중,,,18000,,https://living.hyundailivart.co.kr/p/P200012466,https://static.hyundailivart.co.kr/upload_mall/goods/P200012466/GM43652805_img.jpg?RS=0X250&CS=250X250&AO=1,2026-08-02T22:30:00+09:00,https://living.hyundailivart.co.kr/p/P200012466
1193,책상/책장,,가구 > 책상/책장,P200178969,리바트하움,올라 멀티탭(3종),판매 중,,,39000,,https://living.hyundailivart.co.kr/p/P200178969,https://static.hyundailivart.co.kr/upload_mall/goods/P200178969/GM43522769_img.jpg?RS=0X250&CS=250X250&AO=1,2026-08-02T22:30:00+09:00,https://living.hyundailivart.co.kr/p/P200178969
1194,키즈/주니어,,가구 > 키즈/주니어,P200071784,리바트,[클리어런스] 로넌 5단 600 책장,판매 중,클리어런스,100,174000140600,19,https://living.hyundailivart.co.kr/p/P200071784,https://static.hyundailivart.co.kr/upload_mall/goods/P200071784/GM41404340_img.jpg?RS=0X250&CS=250X250&AO=1,2026-08-02T22:30:00+09:00,https://living.hyundailivart.co.kr/p/P200071784
1195,책상/책장,,가구 > 책상/책장,P200176365,리바트,코이 책장,판매 중,,100,284000140000,51,https://living.hyundailivart.co.kr/p/P200176365,https://static.hyundailivart.co.kr/upload_mall/goods/P200176365/GM43410849_img.jpg?RS=0X250&CS=250X250&AO=1,2026-08-02T22:30:00+09:00,https://living.hyundailivart.co.kr/p/P200176365
1196,키즈/주니어,,가구 > 키즈/주니어,P100018350,리바트,[클리어런스] 노하 1200 책상,판매 중,클리어런스,100,178000126300,29,https://living.hyundailivart.co.kr/p/P100018350,,2026-08-02T22:30:00+09:00,https://living.hyundailivart.co.kr/p/P100018350
1197,책상/책장,,가구 > 책상/책장,P200163647,리바트,[클리어런스] 로넌 화이트 1200 책상,판매 중,클리어런스,100,156000108300,31,https://living.hyundailivart.co.kr/p/P200163647,https://static.hyundailivart.co.kr/upload_mall/goods/P200163647/GM43180083_img.jpg?RS=0X250&CS=250X250&AO=1,2026-08-02T22:30:00+09:00,https://living.hyundailivart.co.kr/p/P200163647
1198,키즈/주니어,,가구 > 키즈/주니어,P200091724,리바트키즈,몰리 키즈 컴포트 책상,판매 중,,100,199000101400,49,https://living.hyundailivart.co.kr/p/P200091724,https://static.hyundailivart.co.kr/upload_mall/goods/P200091724/GM41846443_img.jpg?RS=0X250&CS=250X250&AO=1,2026-08-02T22:30:00+09:00,https://living.hyundailivart.co.kr/p/P200091724
1199,책상/책장,,가구 > 책상/책장,P200151269,리바트하움,오브제 테이블,판매 중,,,160000,,https://living.hyundailivart.co.kr/p/P200151269,https://static.hyundailivart.co.kr/upload_mall/goods/P200151269/GM43644412_img.jpg?RS=0X250&CS=250X250&AO=1,2026-08-02T22:30:00+09:00,https://living.hyundailivart.co.kr/p/P200151269
1200,책상/책장,,가구 > 책상/책장,P200016634,리바트,[클리어런스] 코피스 서랍장,판매 중,클리어런스,100,31700095100,70,https://living.hyundailivart.co.kr/p/P200016634,https://static.hyundailivart.co.kr/upload_mall/goods/P200016634/GM40113106_img.jpg?RS=0X250&CS=250X250&AO=1,2026-08-02T22:30:00+09:00,https://living.hyundailivart.co.kr/p/P200016634
1201,책상/책장,,가구 > 책상/책장,P200012395,리바트하움,바테이블,판매 중,,,158000,,https://living.hyundailivart.co.kr/p/P200012395,https://static.hyundailivart.co.kr/upload_mall/goods/P200012395/GM43735764_img.jpg?RS=0X250&CS=250X250&AO=1,2026-08-02T22:30:00+09:00,https://living.hyundailivart.co.kr/p/P200012395
1202,키즈/주니어,,가구 > 키즈/주니어,P100023994,리바트,[클리어런스] 뉴프렌즈 ㄷ자 책장 선반,판매 중,클리어런스,100,2800022800,19,https://living.hyundailivart.co.kr/p/P100023994,https://static.hyundailivart.co.kr/upload_mall/goods/P100023994/C100006740_OPT1.jpg?RS=0X22&CS=22X22&AO=1,2026-08-02T22:30:00+09:00,https://living.hyundailivart.co.kr/p/P100023994
1203,책상/책장,,가구 > 책상/책장,P200131047,리바트,그라나다 포레 800책장 하부 스윙도어,판매 중,,,85000,,https://living.hyundailivart.co.kr/p/P200131047,https://static.hyundailivart.co.kr/upload_mall/goods/P200131047/GM42639680_img.jpg?RS=0X250&CS=250X250&AO=1,2026-08-02T22:30:00+09:00,https://living.hyundailivart.co.kr/p/P200131047
1204,책상/책장,,가구 > 책상/책장,P200163803,리바트,[클리어런스] 로넌 화이트 2단 600 책장,판매 중,클리어런스,100,11400079800,30,https://living.hyundailivart.co.kr/p/P200163803,https://static.hyundailivart.co.kr/upload_mall/goods/P200163803/GM43180596_img.jpg?RS=0X250&CS=250X250&AO=1,2026-08-02T22:30:00+09:00,https://living.hyundailivart.co.kr/p/P200163803
1205,책상/책장,,가구 > 책상/책장,P200121361,리바트,마이온 600 2단책장,판매 중,,100,15600071700,54,https://living.hyundailivart.co.kr/p/P200121361,https://static.hyundailivart.co.kr/upload_mall/goods/P200121361/GM42472006_img.jpg?RS=0X250&CS=250X250&AO=1,2026-08-02T22:30:00+09:00,https://living.hyundailivart.co.kr/p/P200121361
1206,책상/책장,,가구 > 책상/책장,P200057759,리바트,포브 2단 상부장,판매 중,,100,26400066000,75,https://living.hyundailivart.co.kr/p/P200057759,https://static.hyundailivart.co.kr/upload_mall/goods/P200057759/GM41092296_img.jpg?RS=0X250&CS=250X250&AO=1,2026-08-02T22:30:00+09:00,https://living.hyundailivart.co.kr/p/P200057759
1207,책상/책장,,가구 > 책상/책장,P200015687,리바트,위트로 퍼즐 책장(2단책장/5단책장/ㄱ자 책상),판매 중,,100,22000066000,70,https://living.hyundailivart.co.kr/p/P200015687,https://static.hyundailivart.co.kr/upload_mall/goods/P200015687/GM40111053_img.jpg?RS=0X250&CS=250X250&AO=1,2026-08-02T22:30:00+09:00,https://living.hyundailivart.co.kr/p/P200015687
1208,책상/책장,,가구 > 책상/책장,P100033409,리바트하움,툴박스+노트북거치대,판매 중,,,26000,,https://living.hyundailivart.co.kr/p/P100033409,https://static.hyundailivart.co.kr/upload_mall/goods/P100033409/GM43653811_img.jpg?RS=0X250&CS=250X250&AO=1,2026-08-02T22:30:00+09:00,https://living.hyundailivart.co.kr/p/P100033409
1209,책상/책장,,가구 > 책상/책장,P200198887,리바트,태블릿PC 노트북 스틸 거치대 (2색),판매 중,,,59000,,https://living.hyundailivart.co.kr/p/P200198887,https://static.hyundailivart.co.kr/upload_mall/goods/P200198887/GM43979063_img.jpg?RS=0X250&CS=250X250&AO=1,2026-08-02T22:30:00+09:00,https://living.hyundailivart.co.kr/p/P200198887
1210,책상/책장,,가구 > 책상/책장,P200197037,리바트,천연가죽 데스크패드,판매 중,,,59000,,https://living.hyundailivart.co.kr/p/P200197037,https://static.hyundailivart.co.kr/upload_mall/goods/P200197037/GM43900717_img.jpg?RS=0X250&CS=250X250&AO=1,2026-08-02T22:30:00+09:00,https://living.hyundailivart.co.kr/p/P200197037
1211,책상/책장,,가구 > 책상/책장,P200107670,리바트하움,월 포켓 화이트 (단독 구매 불가),판매 중,,,9000,,https://living.hyundailivart.co.kr/p/P200107670,https://static.hyundailivart.co.kr/upload_mall/goods/P200107670/GM43655030_img.jpg?RS=0X250&CS=250X250&AO=1,2026-08-02T22:30:00+09:00,https://living.hyundailivart.co.kr/p/P200107670
1212,책상/책장,,가구 > 책상/책장,P200025307,리바트,뉴리브로 미니 2단서랍박스,판매 중,,100,8600039500,54,https://living.hyundailivart.co.kr/p/P200025307,https://static.hyundailivart.co.kr/upload_mall/goods/P200025307/GM40328823_img.jpg?RS=0X250&CS=250X250&AO=1,2026-08-02T22:30:00+09:00,https://living.hyundailivart.co.kr/p/P200025307
1213,키즈/주니어,,가구 > 키즈/주니어,P100024000,리바트,[클리어런스] 뉴프렌즈 T자 책장 선반,판매 중,클리어런스,100,3100025600,17,https://living.hyundailivart.co.kr/p/P100024000,https://static.hyundailivart.co.kr/upload_mall/goods/P100024000/C100006744_OPT1.jpg?RS=0X22&CS=22X22&AO=1,2026-08-02T22:30:00+09:00,https://living.hyundailivart.co.kr/p/P100024000
1214,책상/책장,,가구 > 책상/책장,P200107663,리바트하움,홀더트레이(단독 구매 불가),판매 중,,,11000,,https://living.hyundailivart.co.kr/p/P200107663,https://static.hyundailivart.co.kr/upload_mall/goods/P200107663/GM43655023_img.jpg?RS=0X250&CS=250X250&AO=1,2026-08-02T22:30:00+09:00,https://living.hyundailivart.co.kr/p/P200107663
1215,키즈/주니어,,가구 > 키즈/주니어,P100023997,리바트,[클리어런스] 뉴프렌즈 +자 책장 선반,판매 중,클리어런스,100,2900023700,18,https://living.hyundailivart.co.kr/p/P100023997,,2026-08-02T22:30:00+09:00,https://living.hyundailivart.co.kr/p/P100023997
1216,책상/책장,,가구 > 책상/책장,P200107662,리바트하움,하이브 데스크 오거나이저,판매 중,,,13000,,https://living.hyundailivart.co.kr/p/P200107662,https://static.hyundailivart.co.kr/upload_mall/goods/P200107662/GM43655008_img.jpg?RS=0X250&CS=250X250&AO=1,2026-08-02T22:30:00+09:00,https://living.hyundailivart.co.kr/p/P200107662
1217,책상/책장,,가구 > 책상/책장,P200107661,리바트하움,[리바트X리템] 데스크탑홀더 데스크테리어(단독 구매 불가),판매 중,리바트X리템,,13000,,https://living.hyundailivart.co.kr/p/P200107661,https://static.hyundailivart.co.kr/upload_mall/goods/P200107661/GM43655035_img.jpg?RS=0X250&CS=250X250&AO=1,2026-08-02T22:30:00+09:00,https://living.hyundailivart.co.kr/p/P200107661
1218,책상/책장,,가구 > 책상/책장,P200048898,리바트하움,블루투스 리시버,판매 중,,,27000,,https://living.hyundailivart.co.kr/p/P200048898,https://static.hyundailivart.co.kr/upload_mall/goods/P200048898/GM43652816_img.jpg?RS=0X250&CS=250X250&AO=1,2026-08-02T22:30:00+09:00,https://living.hyundailivart.co.kr/p/P200048898
1219,책상/책장,,가구 > 책상/책장,P100030858,리바트,[클리어런스] 프레일 북엔드,판매 중,클리어런스,100,120008500,29,https://living.hyundailivart.co.kr/p/P100030858,https://static.hyundailivart.co.kr/upload_mall/goods/P100030858/C100010614_OPT1.jpg?RS=0X22&CS=22X22&AO=1,2026-08-02T22:30:00+09:00,https://living.hyundailivart.co.kr/p/P100030858
1220,책상/책장,,가구 > 책상/책장,P200107660,리바트하움,[리바트X리템] 콤보 책꽂이 데스크테리어(단독 구매 불가),판매 중,리바트X리템,,19000,,https://living.hyundailivart.co.kr/p/P200107660,https://static.hyundailivart.co.kr/upload_mall/goods/P200107660/GM43654992_img.jpg?RS=0X250&CS=250X250&AO=1,2026-08-02T22:30:00+09:00,https://living.hyundailivart.co.kr/p/P200107660
1221,책상/책장,,가구 > 책상/책장,P200199583,리바트하움,오브제 학생 책상세트+뉴 부스트 의자 패키지,판매 중,,,480000,,https://living.hyundailivart.co.kr/p/P200199583,https://static.hyundailivart.co.kr/upload_mall/goods/P200199583/GM43996242_img.jpg?RS=0X250&CS=250X250&AO=1,2026-08-02T22:30:00+09:00,https://living.hyundailivart.co.kr/p/P200199583
1222,책상/책장,,가구 > 책상/책장,P200199582,리바트하움,오브제 튜터 책상세트+뉴 부스트 의자 패키지,판매 중,,,855000,,https://living.hyundailivart.co.kr/p/P200199582,https://static.hyundailivart.co.kr/upload_mall/goods/P200199582/GM43996232_img.jpg?RS=0X250&CS=250X250&AO=1,2026-08-02T22:30:00+09:00,https://living.hyundailivart.co.kr/p/P200199582
1223,책상/책장,,가구 > 책상/책장,P200199287,리바트,[천연가죽 데스크패드 증정] 어셈블 6단 800 독서실 책상 플랩도어형,판매 중,천연가죽 데스크패드 증정,,585000,,https://living.hyundailivart.co.kr/p/P200199287,https://static.hyundailivart.co.kr/upload_mall/goods/P200199287/GM44002152_img.jpg?RS=0X250&CS=250X250&AO=1,2026-08-02T22:30:00+09:00,https://living.hyundailivart.co.kr/p/P200199287
1224,책상/책장,,가구 > 책상/책장,P200199285,리바트,[천연가죽 데스크패드 증정] 어셈블 6단 800 독서실 책상,판매 중,천연가죽 데스크패드 증정,,517000,,https://living.hyundailivart.co.kr/p/P200199285,https://static.hyundailivart.co.kr/upload_mall/goods/P200199285/GM44002120_img.jpg?RS=0X250&CS=250X250&AO=1,2026-08-02T22:30:00+09:00,https://living.hyundailivart.co.kr/p/P200199285
1225,책상/책장,,가구 > 책상/책장,P200199284,리바트,[천연가죽 데스크패드 증정] 어셈블 5단 800 독서실 책상 플랩도어형,판매 중,천연가죽 데스크패드 증정,,575000,,https://living.hyundailivart.co.kr/p/P200199284,https://static.hyundailivart.co.kr/upload_mall/goods/P200199284/GM44002090_img.jpg?RS=0X250&CS=250X250&AO=1,2026-08-02T22:30:00+09:00,https://living.hyundailivart.co.kr/p/P200199284
1226,책상/책장,,가구 > 책상/책장,P200199282,리바트,[천연가죽 데스크패드 증정] 어셈블 5단 800 독서실 책상,판매 중,천연가죽 데스크패드 증정,,507000,,https://living.hyundailivart.co.kr/p/P200199282,https://static.hyundailivart.co.kr/upload_mall/goods/P200199282/GM44002060_img.jpg?RS=0X250&CS=250X250&AO=1,2026-08-02T22:30:00+09:00,https://living.hyundailivart.co.kr/p/P200199282
1227,책상/책장,,가구 > 책상/책장,P200199279,리바트,어셈블 6단 600 상하부도어형 책장,판매 중,,,345000,,https://living.hyundailivart.co.kr/p/P200199279,https://static.hyundailivart.co.kr/upload_mall/goods/P200199279/GM44001960_img.jpg?RS=0X250&CS=250X250&AO=1,2026-08-02T22:30:00+09:00,https://living.hyundailivart.co.kr/p/P200199279
1228,책상/책장,,가구 > 책상/책장,P200199278,리바트,어셈블 5단 600 상하부도어형 책장,판매 중,,,331000,,https://living.hyundailivart.co.kr/p/P200199278,https://static.hyundailivart.co.kr/upload_mall/goods/P200199278/GM44001930_img.jpg?RS=0X250&CS=250X250&AO=1,2026-08-02T22:30:00+09:00,https://living.hyundailivart.co.kr/p/P200199278
1229,책상/책장,,가구 > 책상/책장,P200199276,리바트,어셈블 5단 800 하부도어형 책장,판매 중,,,326000,,https://living.hyundailivart.co.kr/p/P200199276,https://static.hyundailivart.co.kr/upload_mall/goods/P200199276/GM44001870_img.jpg?RS=0X250&CS=250X250&AO=1,2026-08-02T22:30:00+09:00,https://living.hyundailivart.co.kr/p/P200199276
1230,책상/책장,,가구 > 책상/책장,P200199275,리바트,어셈블 6단 600 하부도어형 책장,판매 중,,,282000,,https://living.hyundailivart.co.kr/p/P200199275,https://static.hyundailivart.co.kr/upload_mall/goods/P200199275/GM44001840_img.jpg?RS=0X250&CS=250X250&AO=1,2026-08-02T22:30:00+09:00,https://living.hyundailivart.co.kr/p/P200199275
1231,책상/책장,,가구 > 책상/책장,P200199274,리바트,어셈블 5단 600 하부도어형 책장,판매 중,,,268000,,https://living.hyundailivart.co.kr/p/P200199274,https://static.hyundailivart.co.kr/upload_mall/goods/P200199274/GM44001810_img.jpg?RS=0X250&CS=250X250&AO=1,2026-08-02T22:30:00+09:00,https://living.hyundailivart.co.kr/p/P200199274
1232,책상/책장,,가구 > 책상/책장,P200199272,리바트,어셈블 5단 800 책장,판매 중,,,248000,,https://living.hyundailivart.co.kr/p/P200199272,https://static.hyundailivart.co.kr/upload_mall/goods/P200199272/GM44001741_img.jpg?RS=0X250&CS=250X250&AO=1,2026-08-02T22:30:00+09:00,https://living.hyundailivart.co.kr/p/P200199272
1233,책상/책장,,가구 > 책상/책장,P200199237,리바트,어셈블 3단 이동서랍,판매 중,,,223000,,https://living.hyundailivart.co.kr/p/P200199237,https://static.hyundailivart.co.kr/upload_mall/goods/P200199237/GM44001651_img.jpg?RS=0X250&CS=250X250&AO=1,2026-08-02T22:30:00+09:00,https://living.hyundailivart.co.kr/p/P200199237
1234,책상/책장,,가구 > 책상/책장,P200199236,리바트,어셈블 2단 이동서랍,판매 중,,,185000,,https://living.hyundailivart.co.kr/p/P200199236,https://static.hyundailivart.co.kr/upload_mall/goods/P200199236/GM44001530_img.jpg?RS=0X250&CS=250X250&AO=1,2026-08-02T22:30:00+09:00,https://living.hyundailivart.co.kr/p/P200199236
1235,책상/책장,,가구 > 책상/책장,P200199219,리바트,[천연가죽 데스크패드 증정] 어셈블 6단 1400 모션데스크 책상세트 플랩도어+콘센트형(스틸타공판형),판매 중,천연가죽 데스크패드 증정,,1523000,,https://living.hyundailivart.co.kr/p/P200199219,https://static.hyundailivart.co.kr/upload_mall/goods/P200199219/GM44004141_img.jpg?RS=0X250&CS=250X250&AO=1,2026-08-02T22:30:00+09:00,https://living.hyundailivart.co.kr/p/P200199219
1236,책상/책장,,가구 > 책상/책장,P200199218,리바트,[천연가죽 데스크패드 증정] 어셈블 6단 1400 모션데스크 책상세트 플랩도어+콘센트형,판매 중,천연가죽 데스크패드 증정,,1396000,,https://living.hyundailivart.co.kr/p/P200199218,https://static.hyundailivart.co.kr/upload_mall/goods/P200199218/GM44004111_img.jpg?RS=0X250&CS=250X250&AO=1,2026-08-02T22:30:00+09:00,https://living.hyundailivart.co.kr/p/P200199218
1237,책상/책장,,가구 > 책상/책장,P200199217,리바트,[천연가죽 데스크패드 증정] 어셈블 5단 1400 모션데스크 책상세트 플랩도어+콘센트형(스틸타공판형),판매 중,천연가죽 데스크패드 증정,,1431000,,https://living.hyundailivart.co.kr/p/P200199217,https://static.hyundailivart.co.kr/upload_mall/goods/P200199217/GM44004081_img.jpg?RS=0X250&CS=250X250&AO=1,2026-08-02T22:30:00+09:00,https://living.hyundailivart.co.kr/p/P200199217
1238,책상/책장,,가구 > 책상/책장,P200199216,리바트,[천연가죽 데스크패드 증정] 어셈블 5단 1400 모션데스크 책상세트 플랩도어+콘센트형,판매 중,천연가죽 데스크패드 증정,,1324000,,https://living.hyundailivart.co.kr/p/P200199216,https://static.hyundailivart.co.kr/upload_mall/goods/P200199216/GM44004051_img.jpg?RS=0X250&CS=250X250&AO=1,2026-08-02T22:30:00+09:00,https://living.hyundailivart.co.kr/p/P200199216
1239,책상/책장,,가구 > 책상/책장,P200199215,리바트,[천연가죽 데스크패드 증정] 어셈블 6단 1200 모션데스크 책상세트 플랩도어+콘센트형(스틸타공판형),판매 중,천연가죽 데스크패드 증정,,1323000,,https://living.hyundailivart.co.kr/p/P200199215,https://static.hyundailivart.co.kr/upload_mall/goods/P200199215/GM44004021_img.jpg?RS=0X250&CS=250X250&AO=1,2026-08-02T22:30:00+09:00,https://living.hyundailivart.co.kr/p/P200199215
1240,책상/책장,,가구 > 책상/책장,P200199214,리바트,[천연가죽 데스크패드 증정] 어셈블 6단 1200 모션데스크 책상세트 플랩도어+콘센트형,판매 중,천연가죽 데스크패드 증정,,1194000,,https://living.hyundailivart.co.kr/p/P200199214,https://static.hyundailivart.co.kr/upload_mall/goods/P200199214/GM44003991_img.jpg?RS=0X250&CS=250X250&AO=1,2026-08-02T22:30:00+09:00,https://living.hyundailivart.co.kr/p/P200199214
1241,책상/책장,,가구 > 책상/책장,P200199213,리바트,[천연가죽 데스크패드 증정] 어셈블 5단 1200 모션데스크 책상세트 플랩도어+콘센트형(스틸타공판형),판매 중,천연가죽 데스크패드 증정,,1246000,,https://living.hyundailivart.co.kr/p/P200199213,https://static.hyundailivart.co.kr/upload_mall/goods/P200199213/GM44003961_img.jpg?RS=0X250&CS=250X250&AO=1,2026-08-02T22:30:00+09:00,https://living.hyundailivart.co.kr/p/P200199213
1242,책상/책장,,가구 > 책상/책장,P200199212,리바트,[천연가죽 데스크패드 증정] 어셈블 5단 1200 모션데스크 책상세트 플랩도어+콘센트형,판매 중,천연가죽 데스크패드 증정,,1138000,,https://living.hyundailivart.co.kr/p/P200199212,https://static.hyundailivart.co.kr/upload_mall/goods/P200199212/GM44003922_img.jpg?RS=0X250&CS=250X250&AO=1,2026-08-02T22:30:00+09:00,https://living.hyundailivart.co.kr/p/P200199212
1243,책상/책장,,가구 > 책상/책장,P200199211,리바트,[천연가죽 데스크패드 증정] 어셈블 6단 1400 모션데스크 책상세트 콘센트형(스틸타공판형),판매 중,천연가죽 데스크패드 증정,,1395000,,https://living.hyundailivart.co.kr/p/P200199211,https://static.hyundailivart.co.kr/upload_mall/goods/P200199211/GM44003892_img.jpg?RS=0X250&CS=250X250&AO=1,2026-08-02T22:30:00+09:00,https://living.hyundailivart.co.kr/p/P200199211
1244,책상/책장,,가구 > 책상/책장,P200199210,리바트,[천연가죽 데스크패드 증정] 어셈블 6단 1400 모션데스크 책상세트 콘센트형,판매 중,천연가죽 데스크패드 증정,,1268000,,https://living.hyundailivart.co.kr/p/P200199210,https://static.hyundailivart.co.kr/upload_mall/goods/P200199210/GM44003862_img.jpg?RS=0X250&CS=250X250&AO=1,2026-08-02T22:30:00+09:00,https://living.hyundailivart.co.kr/p/P200199210
1245,책상/책장,,가구 > 책상/책장,P200199209,리바트,[천연가죽 데스크패드 증정] 어셈블 5단 1400 모션데스크 책상세트 콘센트형(스틸타공판형),판매 중,천연가죽 데스크패드 증정,,1303000,,https://living.hyundailivart.co.kr/p/P200199209,https://static.hyundailivart.co.kr/upload_mall/goods/P200199209/GM44003832_img.jpg?RS=0X250&CS=250X250&AO=1,2026-08-02T22:30:00+09:00,https://living.hyundailivart.co.kr/p/P200199209
1246,책상/책장,,가구 > 책상/책장,P200199208,리바트,[천연가죽 데스크패드 증정] 어셈블 5단 1400 모션데스크 책상세트 콘센트형,판매 중,천연가죽 데스크패드 증정,,1196000,,https://living.hyundailivart.co.kr/p/P200199208,https://static.hyundailivart.co.kr/upload_mall/goods/P200199208/GM44003797_img.jpg?RS=0X250&CS=250X250&AO=1,2026-08-02T22:30:00+09:00,https://living.hyundailivart.co.kr/p/P200199208
1247,책상/책장,,가구 > 책상/책장,P200199207,리바트,[천연가죽 데스크패드 증정] 어셈블 6단 1200 모션데스크 책상세트 콘센트형(스틸타공판형),판매 중,천연가죽 데스크패드 증정,,1199000,,https://living.hyundailivart.co.kr/p/P200199207,https://static.hyundailivart.co.kr/upload_mall/goods/P200199207/GM44003767_img.jpg?RS=0X250&CS=250X250&AO=1,2026-08-02T22:30:00+09:00,https://living.hyundailivart.co.kr/p/P200199207
1248,책상/책장,,가구 > 책상/책장,P200199206,리바트,[천연가죽 데스크패드 증정] 어셈블 6단 1200 모션데스크 책상세트 콘센트형,판매 중,천연가죽 데스크패드 증정,,1070000,,https://living.hyundailivart.co.kr/p/P200199206,https://static.hyundailivart.co.kr/upload_mall/goods/P200199206/GM44003728_img.jpg?RS=0X250&CS=250X250&AO=1,2026-08-02T22:30:00+09:00,https://living.hyundailivart.co.kr/p/P200199206
1249,책상/책장,,가구 > 책상/책장,P200199205,리바트,[천연가죽 데스크패드 증정] 어셈블 5단 1200 모션데스크 책상세트 콘센트형(스틸타공판형),판매 중,천연가죽 데스크패드 증정,,1122000,,https://living.hyundailivart.co.kr/p/P200199205,https://static.hyundailivart.co.kr/upload_mall/goods/P200199205/GM44003698_img.jpg?RS=0X250&CS=250X250&AO=1,2026-08-02T22:30:00+09:00,https://living.hyundailivart.co.kr/p/P200199205
1250,책상/책장,,가구 > 책상/책장,P200199204,리바트,[천연가죽 데스크패드 증정] 어셈블 5단 1200 모션데스크 책상세트 콘센트형,판매 중,천연가죽 데스크패드 증정,,1014000,,https://living.hyundailivart.co.kr/p/P200199204,https://static.hyundailivart.co.kr/upload_mall/goods/P200199204/GM44003662_img.jpg?RS=0X250&CS=250X250&AO=1,2026-08-02T22:30:00+09:00,https://living.hyundailivart.co.kr/p/P200199204
1251,책상/책장,,가구 > 책상/책장,P200199203,리바트,[천연가죽 데스크패드 증정] 어셈블 6단 1400 모션데스크 책상세트 플랩도어형(스틸타공판형),판매 중,천연가죽 데스크패드 증정,,1427000,,https://living.hyundailivart.co.kr/p/P200199203,https://static.hyundailivart.co.kr/upload_mall/goods/P200199203/GM44001020_img.jpg?RS=0X250&CS=250X250&AO=1,2026-08-02T22:30:00+09:00,https://living.hyundailivart.co.kr/p/P200199203
1252,책상/책장,,가구 > 책상/책장,P200199202,리바트,[천연가죽 데스크패드 증정] 어셈블 6단 1400 모션데스크 책상세트 플랩도어형,판매 중,천연가죽 데스크패드 증정,,1300000,,https://living.hyundailivart.co.kr/p/P200199202,https://static.hyundailivart.co.kr/upload_mall/goods/P200199202/GM44000990_img.jpg?RS=0X250&CS=250X250&AO=1,2026-08-02T22:30:00+09:00,https://living.hyundailivart.co.kr/p/P200199202
1253,책상/책장,,가구 > 책상/책장,P200199201,리바트,[천연가죽 데스크패드 증정] 어셈블 5단 1400 모션데스크 책상세트 플랩도어형(스틸타공판형),판매 중,천연가죽 데스크패드 증정,,1335000,,https://living.hyundailivart.co.kr/p/P200199201,https://static.hyundailivart.co.kr/upload_mall/goods/P200199201/GM44000960_img.jpg?RS=0X250&CS=250X250&AO=1,2026-08-02T22:30:00+09:00,https://living.hyundailivart.co.kr/p/P200199201
1254,책상/책장,,가구 > 책상/책장,P200199200,리바트,[천연가죽 데스크패드 증정] 어셈블 5단 1400 모션데스크 책상세트 플랩도어형,판매 중,천연가죽 데스크패드 증정,,1228000,,https://living.hyundailivart.co.kr/p/P200199200,https://static.hyundailivart.co.kr/upload_mall/goods/P200199200/GM44000924_img.jpg?RS=0X250&CS=250X250&AO=1,2026-08-02T22:30:00+09:00,https://living.hyundailivart.co.kr/p/P200199200
1255,책상/책장,,가구 > 책상/책장,P200199199,리바트,[천연가죽 데스크패드 증정] 어셈블 6단 1200 모션데스크 책상세트 플랩도어형(스틸타공판형),판매 중,천연가죽 데스크패드 증정,,1242000,,https://living.hyundailivart.co.kr/p/P200199199,https://static.hyundailivart.co.kr/upload_mall/goods/P200199199/GM44000890_img.jpg?RS=0X250&CS=250X250&AO=1,2026-08-02T22:30:00+09:00,https://living.hyundailivart.co.kr/p/P200199199
1256,책상/책장,,가구 > 책상/책장,P200199198,리바트,[천연가죽 데스크패드 증정] 어셈블 6단 1200 모션데스크 책상세트 플랩도어형,판매 중,천연가죽 데스크패드 증정,,1113000,,https://living.hyundailivart.co.kr/p/P200199198,https://static.hyundailivart.co.kr/upload_mall/goods/P200199198/GM44000860_img.jpg?RS=0X250&CS=250X250&AO=1,2026-08-02T22:30:00+09:00,https://living.hyundailivart.co.kr/p/P200199198
1257,책상/책장,,가구 > 책상/책장,P200199197,리바트,[천연가죽 데스크패드 증정] 어셈블 5단 1200 모션데스크 책상세트 플랩도어형(스틸타공판형),판매 중,천연가죽 데스크패드 증정,,1165000,,https://living.hyundailivart.co.kr/p/P200199197,https://static.hyundailivart.co.kr/upload_mall/goods/P200199197/GM44000825_img.jpg?RS=0X250&CS=250X250&AO=1,2026-08-02T22:30:00+09:00,https://living.hyundailivart.co.kr/p/P200199197
1258,책상/책장,,가구 > 책상/책장,P200199196,리바트,[천연가죽 데스크패드 증정] 어셈블 5단 1200 모션데스크 책상세트 플랩도어형,판매 중,천연가죽 데스크패드 증정,,1057000,,https://living.hyundailivart.co.kr/p/P200199196,https://static.hyundailivart.co.kr/upload_mall/goods/P200199196/GM44000752_img.jpg?RS=0X250&CS=250X250&AO=1,2026-08-02T22:30:00+09:00,https://living.hyundailivart.co.kr/p/P200199196
1259,책상/책장,,가구 > 책상/책장,P200199195,리바트,[천연가죽 데스크패드 증정] 어셈블 6단 1400 모션데스크 책상세트(스틸타공판형),판매 중,천연가죽 데스크패드 증정,,1299000,,https://living.hyundailivart.co.kr/p/P200199195,https://static.hyundailivart.co.kr/upload_mall/goods/P200199195/GM44000702_img.jpg?RS=0X250&CS=250X250&AO=1,2026-08-02T22:30:00+09:00,https://living.hyundailivart.co.kr/p/P200199195
1260,책상/책장,,가구 > 책상/책장,P200199194,리바트,[천연가죽 데스크패드 증정] 어셈블 6단 1400 모션데스크 책상세트,판매 중,천연가죽 데스크패드 증정,,1172000,,https://living.hyundailivart.co.kr/p/P200199194,https://static.hyundailivart.co.kr/upload_mall/goods/P200199194/GM44000672_img.jpg?RS=0X250&CS=250X250&AO=1,2026-08-02T22:30:00+09:00,https://living.hyundailivart.co.kr/p/P200199194
1261,책상/책장,,가구 > 책상/책장,P200199193,리바트,[천연가죽 데스크패드 증정] 어셈블 5단 1400 모션데스크 책상세트(스틸타공판형),판매 중,천연가죽 데스크패드 증정,,1207000,,https://living.hyundailivart.co.kr/p/P200199193,https://static.hyundailivart.co.kr/upload_mall/goods/P200199193/GM44000622_img.jpg?RS=0X250&CS=250X250&AO=1,2026-08-02T22:30:00+09:00,https://living.hyundailivart.co.kr/p/P200199193
1262,책상/책장,,가구 > 책상/책장,P200199192,리바트,[천연가죽 데스크패드 증정] 어셈블 5단 1400 모션데스크 책상세트,판매 중,천연가죽 데스크패드 증정,,1100000,,https://living.hyundailivart.co.kr/p/P200199192,https://static.hyundailivart.co.kr/upload_mall/goods/P200199192/GM44000572_img.jpg?RS=0X250&CS=250X250&AO=1,2026-08-02T22:30:00+09:00,https://living.hyundailivart.co.kr/p/P200199192
1263,책상/책장,,가구 > 책상/책장,P200199191,리바트,[천연가죽 데스크패드 증정] 어셈블 6단 1200 모션데스크 책상세트(스틸타공판형),판매 중,천연가죽 데스크패드 증정,,1118000,,https://living.hyundailivart.co.kr/p/P200199191,https://static.hyundailivart.co.kr/upload_mall/goods/P200199191/GM44000532_img.jpg?RS=0X250&CS=250X250&AO=1,2026-08-02T22:30:00+09:00,https://living.hyundailivart.co.kr/p/P200199191
1264,책상/책장,,가구 > 책상/책장,P200199190,리바트,[천연가죽 데스크패드 증정] 어셈블 6단 1200 모션데스크 책상세트,판매 중,천연가죽 데스크패드 증정,,989000,,https://living.hyundailivart.co.kr/p/P200199190,https://static.hyundailivart.co.kr/upload_mall/goods/P200199190/GM44000482_img.jpg?RS=0X250&CS=250X250&AO=1,2026-08-02T22:30:00+09:00,https://living.hyundailivart.co.kr/p/P200199190
1265,책상/책장,,가구 > 책상/책장,P200199189,리바트,[천연가죽 데스크패드 증정] 어셈블 5단 1200 모션데스크 책상세트(스틸타공판형),판매 중,천연가죽 데스크패드 증정,,1041000,,https://living.hyundailivart.co.kr/p/P200199189,https://static.hyundailivart.co.kr/upload_mall/goods/P200199189/GM44000430_img.jpg?RS=0X250&CS=250X250&AO=1,2026-08-02T22:30:00+09:00,https://living.hyundailivart.co.kr/p/P200199189
1266,책상/책장,,가구 > 책상/책장,P200199188,리바트,[천연가죽 데스크패드 증정] 어셈블 5단 1200 모션데스크 책상세트,판매 중,천연가죽 데스크패드 증정,,933000,,https://living.hyundailivart.co.kr/p/P200199188,https://static.hyundailivart.co.kr/upload_mall/goods/P200199188/GM44000358_img.jpg?RS=0X250&CS=250X250&AO=1,2026-08-02T22:30:00+09:00,https://living.hyundailivart.co.kr/p/P200199188
1267,책상/책장,,가구 > 책상/책장,P200199123,리바트,[천연가죽 데스크패드 증정] 어셈블 6단 1400 단독 책상세트 플랩도어+콘센트형(스틸타공판형),판매 중,천연가죽 데스크패드 증정,,1233000,,https://living.hyundailivart.co.kr/p/P200199123,https://static.hyundailivart.co.kr/upload_mall/goods/P200199123/GM44003632_img.jpg?RS=0X250&CS=250X250&AO=1,2026-08-02T22:30:00+09:00,https://living.hyundailivart.co.kr/p/P200199123
1268,책상/책장,,가구 > 책상/책장,P200199122,리바트,[천연가죽 데스크패드 증정] 어셈블 6단 1400 단독 책상세트 플랩도어+콘센트형,판매 중,천연가죽 데스크패드 증정,,1106000,,https://living.hyundailivart.co.kr/p/P200199122,https://static.hyundailivart.co.kr/upload_mall/goods/P200199122/GM44003602_img.jpg?RS=0X250&CS=250X250&AO=1,2026-08-02T22:30:00+09:00,https://living.hyundailivart.co.kr/p/P200199122
1269,책상/책장,,가구 > 책상/책장,P200199121,리바트,[천연가죽 데스크패드 증정] 어셈블 5단 1400 단독 책상세트 플랩도어+콘센트형(스틸타공판형),판매 중,천연가죽 데스크패드 증정,,1141000,,https://living.hyundailivart.co.kr/p/P200199121,https://static.hyundailivart.co.kr/upload_mall/goods/P200199121/GM44003572_img.jpg?RS=0X250&CS=250X250&AO=1,2026-08-02T22:30:00+09:00,https://living.hyundailivart.co.kr/p/P200199121
1270,책상/책장,,가구 > 책상/책장,P200199120,리바트,[천연가죽 데스크패드 증정] 어셈블 5단 1400 단독 책상세트 플랩도어+콘센트형,판매 중,천연가죽 데스크패드 증정,,1034000,,https://living.hyundailivart.co.kr/p/P200199120,https://static.hyundailivart.co.kr/upload_mall/goods/P200199120/GM44003542_img.jpg?RS=0X250&CS=250X250&AO=1,2026-08-02T22:30:00+09:00,https://living.hyundailivart.co.kr/p/P200199120
1271,책상/책장,,가구 > 책상/책장,P200199119,리바트,[천연가죽 데스크패드 증정] 어셈블 6단 1200 단독 책상세트 플랩도어+콘센트형(스틸타공판형),판매 중,천연가죽 데스크패드 증정,,1038000,,https://living.hyundailivart.co.kr/p/P200199119,https://static.hyundailivart.co.kr/upload_mall/goods/P200199119/GM44003512_img.jpg?RS=0X250&CS=250X250&AO=1,2026-08-02T22:30:00+09:00,https://living.hyundailivart.co.kr/p/P200199119
1272,책상/책장,,가구 > 책상/책장,P200199118,리바트,[천연가죽 데스크패드 증정] 어셈블 6단 1200 단독 책상세트 플랩도어+콘센트형,판매 중,천연가죽 데스크패드 증정,,909000,,https://living.hyundailivart.co.kr/p/P200199118,https://static.hyundailivart.co.kr/upload_mall/goods/P200199118/GM44003482_img.jpg?RS=0X250&CS=250X250&AO=1,2026-08-02T22:30:00+09:00,https://living.hyundailivart.co.kr/p/P200199118
1273,책상/책장,,가구 > 책상/책장,P200199117,리바트,[천연가죽 데스크패드 증정] 어셈블 5단 1200 단독 책상세트 플랩도어+콘센트형(스틸타공판형),판매 중,천연가죽 데스크패드 증정,,961000,,https://living.hyundailivart.co.kr/p/P200199117,https://static.hyundailivart.co.kr/upload_mall/goods/P200199117/GM44003452_img.jpg?RS=0X250&CS=250X250&AO=1,2026-08-02T22:30:00+09:00,https://living.hyundailivart.co.kr/p/P200199117
1274,책상/책장,,가구 > 책상/책장,P200199116,리바트,[천연가죽 데스크패드 증정] 어셈블 5단 1200 단독 책상세트 플랩도어+콘센트형,판매 중,천연가죽 데스크패드 증정,,853000,,https://living.hyundailivart.co.kr/p/P200199116,https://static.hyundailivart.co.kr/upload_mall/goods/P200199116/GM44003422_img.jpg?RS=0X250&CS=250X250&AO=1,2026-08-02T22:30:00+09:00,https://living.hyundailivart.co.kr/p/P200199116
1275,책상/책장,,가구 > 책상/책장,P200199115,리바트,[천연가죽 데스크패드 증정] 어셈블 6단 1400 단독 책상세트 콘센트형(스틸타공판형),판매 중,천연가죽 데스크패드 증정,,1105000,,https://living.hyundailivart.co.kr/p/P200199115,https://static.hyundailivart.co.kr/upload_mall/goods/P200199115/GM44003392_img.jpg?RS=0X250&CS=250X250&AO=1,2026-08-02T22:30:00+09:00,https://living.hyundailivart.co.kr/p/P200199115
1276,책상/책장,,가구 > 책상/책장,P200199114,리바트,[천연가죽 데스크패드 증정] 어셈블 6단 1400 단독 책상세트 콘센트형,판매 중,천연가죽 데스크패드 증정,,978000,,https://living.hyundailivart.co.kr/p/P200199114,https://static.hyundailivart.co.kr/upload_mall/goods/P200199114/GM44003362_img.jpg?RS=0X250&CS=250X250&AO=1,2026-08-02T22:30:00+09:00,https://living.hyundailivart.co.kr/p/P200199114
1277,책상/책장,,가구 > 책상/책장,P200199113,리바트,[천연가죽 데스크패드 증정] 어셈블 5단 1400 단독 책상세트 콘센트형(스틸타공판형),판매 중,천연가죽 데스크패드 증정,,1013000,,https://living.hyundailivart.co.kr/p/P200199113,https://static.hyundailivart.co.kr/upload_mall/goods/P200199113/GM44003269_img.jpg?RS=0X250&CS=250X250&AO=1,2026-08-02T22:30:00+09:00,https://living.hyundailivart.co.kr/p/P200199113
1278,책상/책장,,가구 > 책상/책장,P200199112,리바트,[천연가죽 데스크패드 증정] 어셈블 5단 1400 단독 책상세트 콘센트형,판매 중,천연가죽 데스크패드 증정,,906000,,https://living.hyundailivart.co.kr/p/P200199112,https://static.hyundailivart.co.kr/upload_mall/goods/P200199112/GM44003230_img.jpg?RS=0X250&CS=250X250&AO=1,2026-08-02T22:30:00+09:00,https://living.hyundailivart.co.kr/p/P200199112
1279,책상/책장,,가구 > 책상/책장,P200199111,리바트,[천연가죽 데스크패드 증정] 어셈블 6단 1200 단독 책상세트 콘센트형(스틸타공판형),판매 중,천연가죽 데스크패드 증정,,914000,,https://living.hyundailivart.co.kr/p/P200199111,https://static.hyundailivart.co.kr/upload_mall/goods/P200199111/GM44003200_img.jpg?RS=0X250&CS=250X250&AO=1,2026-08-02T22:30:00+09:00,https://living.hyundailivart.co.kr/p/P200199111
1280,책상/책장,,가구 > 책상/책장,P200199110,리바트,[천연가죽 데스크패드 증정] 어셈블 6단 1200 단독 책상세트 콘센트형,판매 중,천연가죽 데스크패드 증정,,785000,,https://living.hyundailivart.co.kr/p/P200199110,https://static.hyundailivart.co.kr/upload_mall/goods/P200199110/GM44003161_img.jpg?RS=0X250&CS=250X250&AO=1,2026-08-02T22:30:00+09:00,https://living.hyundailivart.co.kr/p/P200199110
1281,책상/책장,,가구 > 책상/책장,P200199109,리바트,[천연가죽 데스크패드 증정] 어셈블 5단 1200 단독 책상세트 콘센트형(스틸타공판형),판매 중,천연가죽 데스크패드 증정,,837000,,https://living.hyundailivart.co.kr/p/P200199109,https://static.hyundailivart.co.kr/upload_mall/goods/P200199109/GM44003131_img.jpg?RS=0X250&CS=250X250&AO=1,2026-08-02T22:30:00+09:00,https://living.hyundailivart.co.kr/p/P200199109
1282,책상/책장,,가구 > 책상/책장,P200199107,리바트,[천연가죽 데스크패드 증정] 어셈블 6단 1400 단독 책상세트 플랩도어형(스틸타공판형),판매 중,천연가죽 데스크패드 증정,,1137000,,https://living.hyundailivart.co.kr/p/P200199107,https://static.hyundailivart.co.kr/upload_mall/goods/P200199107/GM44000275_img.jpg?RS=0X250&CS=250X250&AO=1,2026-08-02T22:30:00+09:00,https://living.hyundailivart.co.kr/p/P200199107
1283,책상/책장,,가구 > 책상/책장,P200199106,리바트,[천연가죽 데스크패드 증정] 어셈블 6단 1400 단독 책상세트 플랩도어형,판매 중,천연가죽 데스크패드 증정,,1010000,,https://living.hyundailivart.co.kr/p/P200199106,https://static.hyundailivart.co.kr/upload_mall/goods/P200199106/GM44000245_img.jpg?RS=0X250&CS=250X250&AO=1,2026-08-02T22:30:00+09:00,https://living.hyundailivart.co.kr/p/P200199106
1284,책상/책장,,가구 > 책상/책장,P200199105,리바트,[천연가죽 데스크패드 증정] 어셈블 5단 1400 단독 책상세트 플랩도어형(스틸타공판형),판매 중,천연가죽 데스크패드 증정,,1045000,,https://living.hyundailivart.co.kr/p/P200199105,https://static.hyundailivart.co.kr/upload_mall/goods/P200199105/GM44000215_img.jpg?RS=0X250&CS=250X250&AO=1,2026-08-02T22:30:00+09:00,https://living.hyundailivart.co.kr/p/P200199105
1285,책상/책장,,가구 > 책상/책장,P200199104,리바트,[천연가죽 데스크패드 증정] 어셈블 5단 1400 단독 책상세트 플랩도어형,판매 중,천연가죽 데스크패드 증정,,938000,,https://living.hyundailivart.co.kr/p/P200199104,https://static.hyundailivart.co.kr/upload_mall/goods/P200199104/GM44000185_img.jpg?RS=0X250&CS=250X250&AO=1,2026-08-02T22:30:00+09:00,https://living.hyundailivart.co.kr/p/P200199104
1286,책상/책장,,가구 > 책상/책장,P200199103,리바트,[천연가죽 데스크패드 증정] 어셈블 6단 1200 단독 책상세트 플랩도어형(스틸타공판형),판매 중,천연가죽 데스크패드 증정,,957000,,https://living.hyundailivart.co.kr/p/P200199103,https://static.hyundailivart.co.kr/upload_mall/goods/P200199103/GM44000145_img.jpg?RS=0X250&CS=250X250&AO=1,2026-08-02T22:30:00+09:00,https://living.hyundailivart.co.kr/p/P200199103
1287,책상/책장,,가구 > 책상/책장,P200199102,리바트,[천연가죽 데스크패드 증정] 어셈블 6단 1200 단독 책상세트 플랩도어형,판매 중,천연가죽 데스크패드 증정,,828000,,https://living.hyundailivart.co.kr/p/P200199102,https://static.hyundailivart.co.kr/upload_mall/goods/P200199102/GM44000105_img.jpg?RS=0X250&CS=250X250&AO=1,2026-08-02T22:30:00+09:00,https://living.hyundailivart.co.kr/p/P200199102
1288,책상/책장,,가구 > 책상/책장,P200199101,리바트,[천연가죽 데스크패드 증정] 어셈블 5단 1200 단독 책상세트 플랩도어형(스틸타공판형),판매 중,천연가죽 데스크패드 증정,,880000,,https://living.hyundailivart.co.kr/p/P200199101,https://static.hyundailivart.co.kr/upload_mall/goods/P200199101/GM44000055_img.jpg?RS=0X250&CS=250X250&AO=1,2026-08-02T22:30:00+09:00,https://living.hyundailivart.co.kr/p/P200199101
1289,책상/책장,,가구 > 책상/책장,P200199100,리바트,[천연가죽 데스크패드 증정] 어셈블 5단 1200 단독 책상세트 플랩도어형,판매 중,천연가죽 데스크패드 증정,,772000,,https://living.hyundailivart.co.kr/p/P200199100,https://static.hyundailivart.co.kr/upload_mall/goods/P200199100/GM44000016_img.jpg?RS=0X250&CS=250X250&AO=1,2026-08-02T22:30:00+09:00,https://living.hyundailivart.co.kr/p/P200199100
1290,책상/책장,,가구 > 책상/책장,P200199099,리바트,[천연가죽 데스크패드 증정] 어셈블 6단 1400 단독 책상세트(스틸타공판형),판매 중,천연가죽 데스크패드 증정,,1009000,,https://living.hyundailivart.co.kr/p/P200199099,https://static.hyundailivart.co.kr/upload_mall/goods/P200199099/GM43999976_img.jpg?RS=0X250&CS=250X250&AO=1,2026-08-02T22:30:00+09:00,https://living.hyundailivart.co.kr/p/P200199099
1291,책상/책장,,가구 > 책상/책장,P200199098,리바트,[천연가죽 데스크패드 증정] 어셈블 6단 1400 단독 책상세트,판매 중,천연가죽 데스크패드 증정,,882000,,https://living.hyundailivart.co.kr/p/P200199098,https://static.hyundailivart.co.kr/upload_mall/goods/P200199098/GM43999936_img.jpg?RS=0X250&CS=250X250&AO=1,2026-08-02T22:30:00+09:00,https://living.hyundailivart.co.kr/p/P200199098
1292,책상/책장,,가구 > 책상/책장,P200199097,리바트,[천연가죽 데스크패드 증정] 어셈블 5단 1400 단독 책상세트(스틸타공판형),판매 중,천연가죽 데스크패드 증정,,917000,,https://living.hyundailivart.co.kr/p/P200199097,https://static.hyundailivart.co.kr/upload_mall/goods/P200199097/GM43999866_img.jpg?RS=0X250&CS=250X250&AO=1,2026-08-02T22:30:00+09:00,https://living.hyundailivart.co.kr/p/P200199097
1293,책상/책장,,가구 > 책상/책장,P200199096,리바트,[천연가죽 데스크패드 증정] 어셈블 5단 1400 단독 책상세트,판매 중,천연가죽 데스크패드 증정,,810000,,https://living.hyundailivart.co.kr/p/P200199096,https://static.hyundailivart.co.kr/upload_mall/goods/P200199096/GM43999816_img.jpg?RS=0X250&CS=250X250&AO=1,2026-08-02T22:30:00+09:00,https://living.hyundailivart.co.kr/p/P200199096
1294,책상/책장,,가구 > 책상/책장,P200199095,리바트,[천연가죽 데스크패드 증정] 어셈블 6단 1200 단독 책상세트(스틸타공판형),판매 중,천연가죽 데스크패드 증정,,833000,,https://living.hyundailivart.co.kr/p/P200199095,https://static.hyundailivart.co.kr/upload_mall/goods/P200199095/GM43999786_img.jpg?RS=0X250&CS=250X250&AO=1,2026-08-02T22:30:00+09:00,https://living.hyundailivart.co.kr/p/P200199095
1295,책상/책장,,가구 > 책상/책장,P200199094,리바트,[천연가죽 데스크패드 증정] 어셈블 6단 1200 단독 책상세트,판매 중,천연가죽 데스크패드 증정,,704000,,https://living.hyundailivart.co.kr/p/P200199094,https://static.hyundailivart.co.kr/upload_mall/goods/P200199094/GM44000795_img.jpg?RS=0X250&CS=250X250&AO=1,2026-08-02T22:30:00+09:00,https://living.hyundailivart.co.kr/p/P200199094
1296,책상/책장,,가구 > 책상/책장,P200199093,리바트,[천연가죽 데스크패드 증정] 어셈블 5단 1200 단독 책상세트(스틸타공판형),판매 중,천연가죽 데스크패드 증정,,756000,,https://living.hyundailivart.co.kr/p/P200199093,https://static.hyundailivart.co.kr/upload_mall/goods/P200199093/GM43999716_img.jpg?RS=0X250&CS=250X250&AO=1,2026-08-02T22:30:00+09:00,https://living.hyundailivart.co.kr/p/P200199093
1297,책상/책장,,가구 > 책상/책장,P200199092,리바트,[천연가죽 데스크패드 증정] 어셈블 5단 1200 단독 책상세트,판매 중,천연가죽 데스크패드 증정,,648000,,https://living.hyundailivart.co.kr/p/P200199092,https://static.hyundailivart.co.kr/upload_mall/goods/P200199092/GM43999670_img.jpg?RS=0X250&CS=250X250&AO=1,2026-08-02T22:30:00+09:00,https://living.hyundailivart.co.kr/p/P200199092
1298,책상/책장,,가구 > 책상/책장,P200199027,리바트,[천연가죽 데스크패드 증정] 어셈블 6단 1200 각도높이조절 책상세트 포밍엣지형(스틸타공판형),판매 중,천연가죽 데스크패드 증정,,895000,,https://living.hyundailivart.co.kr/p/P200199027,https://static.hyundailivart.co.kr/upload_mall/goods/P200199027/GM43999640_img.jpg?RS=0X250&CS=250X250&AO=1,2026-08-02T22:30:00+09:00,https://living.hyundailivart.co.kr/p/P200199027
1299,책상/책장,,가구 > 책상/책장,P200199026,리바트,[천연가죽 데스크패드 증정] 어셈블 6단 1200 각도높이조절 책상세트 포밍엣지형,판매 중,천연가죽 데스크패드 증정,,766000,,https://living.hyundailivart.co.kr/p/P200199026,https://static.hyundailivart.co.kr/upload_mall/goods/P200199026/GM43999610_img.jpg?RS=0X250&CS=250X250&AO=1,2026-08-02T22:30:00+09:00,https://living.hyundailivart.co.kr/p/P200199026
1300,책상/책장,,가구 > 책상/책장,P200199025,리바트,[천연가죽 데스크패드 증정] 어셈블 5단 1200 각도높이조절 책상세트 포밍엣지형(스틸타공판형),판매 중,천연가죽 데스크패드 증정,,818000,,https://living.hyundailivart.co.kr/p/P200199025,https://static.hyundailivart.co.kr/upload_mall/goods/P200199025/GM43999580_img.jpg?RS=0X250&CS=250X250&AO=1,2026-08-02T22:30:00+09:00,https://living.hyundailivart.co.kr/p/P200199025
1301,책상/책장,,가구 > 책상/책장,P200199024,리바트,[천연가죽 데스크패드 증정] 어셈블 5단 1200 각도높이조절 책상세트 포밍엣지형,판매 중,천연가죽 데스크패드 증정,,710000,,https://living.hyundailivart.co.kr/p/P200199024,https://static.hyundailivart.co.kr/upload_mall/goods/P200199024/GM43999540_img.jpg?RS=0X250&CS=250X250&AO=1,2026-08-02T22:30:00+09:00,https://living.hyundailivart.co.kr/p/P200199024
1302,책상/책장,,가구 > 책상/책장,P200199023,리바트,[천연가죽 데스크패드 증정] 어셈블 6단 1200 각도높이조절 책상세트 플랩도어형(스틸타공판형),판매 중,천연가죽 데스크패드 증정,,955000,,https://living.hyundailivart.co.kr/p/P200199023,https://static.hyundailivart.co.kr/upload_mall/goods/P200199023/GM43999487_img.jpg?RS=0X250&CS=250X250&AO=1,2026-08-02T22:30:00+09:00,https://living.hyundailivart.co.kr/p/P200199023
1303,책상/책장,,가구 > 책상/책장,P200199022,리바트,[천연가죽 데스크패드 증정] 어셈블 6단 1200 각도높이조절 책상세트 플랩도어형,판매 중,천연가죽 데스크패드 증정,,826000,,https://living.hyundailivart.co.kr/p/P200199022,https://static.hyundailivart.co.kr/upload_mall/goods/P200199022/GM43999457_img.jpg?RS=0X250&CS=250X250&AO=1,2026-08-02T22:30:00+09:00,https://living.hyundailivart.co.kr/p/P200199022
1304,책상/책장,,가구 > 책상/책장,P200199021,리바트,[천연가죽 데스크패드 증정] 어셈블 5단 1200 각도높이조절 책상세트 플랩도어형(스틸타공판형),판매 중,천연가죽 데스크패드 증정,,878000,,https://living.hyundailivart.co.kr/p/P200199021,https://static.hyundailivart.co.kr/upload_mall/goods/P200199021/GM43999427_img.jpg?RS=0X250&CS=250X250&AO=1,2026-08-02T22:30:00+09:00,https://living.hyundailivart.co.kr/p/P200199021
1305,책상/책장,,가구 > 책상/책장,P200199020,리바트,[천연가죽 데스크패드 증정] 어셈블 5단 1200 각도높이조절 책상세트 플랩도어형,판매 중,천연가죽 데스크패드 증정,,770000,,https://living.hyundailivart.co.kr/p/P200199020,https://static.hyundailivart.co.kr/upload_mall/goods/P200199020/GM43999397_img.jpg?RS=0X250&CS=250X250&AO=1,2026-08-02T22:30:00+09:00,https://living.hyundailivart.co.kr/p/P200199020
1306,책상/책장,,가구 > 책상/책장,P200199019,리바트,[천연가죽 데스크패드 증정] 어셈블 6단 1200 각도높이조절 책상세트(스틸타공판형),판매 중,천연가죽 데스크패드 증정,,831000,,https://living.hyundailivart.co.kr/p/P200199019,https://static.hyundailivart.co.kr/upload_mall/goods/P200199019/GM43999367_img.jpg?RS=0X250&CS=250X250&AO=1,2026-08-02T22:30:00+09:00,https://living.hyundailivart.co.kr/p/P200199019
1307,책상/책장,,가구 > 책상/책장,P200199018,리바트,[천연가죽 데스크패드 증정] 어셈블 6단 1200 각도높이조절 책상세트,판매 중,천연가죽 데스크패드 증정,,702000,,https://living.hyundailivart.co.kr/p/P200199018,https://static.hyundailivart.co.kr/upload_mall/goods/P200199018/GM43999337_img.jpg?RS=0X250&CS=250X250&AO=1,2026-08-02T22:30:00+09:00,https://living.hyundailivart.co.kr/p/P200199018
1308,책상/책장,,가구 > 책상/책장,P200199017,리바트,[천연가죽 데스크패드 증정] 어셈블 5단 1200 각도높이조절 책상세트(스틸타공판형),판매 중,천연가죽 데스크패드 증정,,754000,,https://living.hyundailivart.co.kr/p/P200199017,https://static.hyundailivart.co.kr/upload_mall/goods/P200199017/GM43999307_img.jpg?RS=0X250&CS=250X250&AO=1,2026-08-02T22:30:00+09:00,https://living.hyundailivart.co.kr/p/P200199017
1309,책상/책장,,가구 > 책상/책장,P200199016,리바트,[천연가죽 데스크패드 증정] 어셈블 5단 1200 각도높이조절 책상세트,판매 중,천연가죽 데스크패드 증정,,646000,,https://living.hyundailivart.co.kr/p/P200199016,https://static.hyundailivart.co.kr/upload_mall/goods/P200199016/GM43999272_img.jpg?RS=0X250&CS=250X250&AO=1,2026-08-02T22:30:00+09:00,https://living.hyundailivart.co.kr/p/P200199016
1310,책상/책장,,가구 > 책상/책장,P200198991,리바트,[천연가죽 데스크패드 증정] 어셈블 6단 1400 일반 책상세트 플랩도어+콘센트형(스틸타공판형),판매 중,천연가죽 데스크패드 증정,,1003000,,https://living.hyundailivart.co.kr/p/P200198991,https://static.hyundailivart.co.kr/upload_mall/goods/P200198991/GM44003005_img.jpg?RS=0X250&CS=250X250&AO=1,2026-08-02T22:30:00+09:00,https://living.hyundailivart.co.kr/p/P200198991
1311,책상/책장,,가구 > 책상/책장,P200198988,리바트,[천연가죽 데스크패드 증정] 어셈블 6단 1400 일반 책상세트 플랩도어+콘센트형,판매 중,천연가죽 데스크패드 증정,,876000,,https://living.hyundailivart.co.kr/p/P200198988,https://static.hyundailivart.co.kr/upload_mall/goods/P200198988/GM44002965_img.jpg?RS=0X250&CS=250X250&AO=1,2026-08-02T22:30:00+09:00,https://living.hyundailivart.co.kr/p/P200198988
1312,책상/책장,,가구 > 책상/책장,P200198985,리바트,[천연가죽 데스크패드 증정] 어셈블 5단 1400 일반 책상세트 플랩도어+콘센트형(스틸타공판형),판매 중,천연가죽 데스크패드 증정,,911000,,https://living.hyundailivart.co.kr/p/P200198985,https://static.hyundailivart.co.kr/upload_mall/goods/P200198985/GM44002930_img.jpg?RS=0X250&CS=250X250&AO=1,2026-08-02T22:30:00+09:00,https://living.hyundailivart.co.kr/p/P200198985
1313,책상/책장,,가구 > 책상/책장,P200198982,리바트,[천연가죽 데스크패드 증정] 어셈블 5단 1400 일반 책상세트 플랩도어+콘센트형,판매 중,천연가죽 데스크패드 증정,,804000,,https://living.hyundailivart.co.kr/p/P200198982,https://static.hyundailivart.co.kr/upload_mall/goods/P200198982/GM44002900_img.jpg?RS=0X250&CS=250X250&AO=1,2026-08-02T22:30:00+09:00,https://living.hyundailivart.co.kr/p/P200198982
1314,책상/책장,,가구 > 책상/책장,P200198979,리바트,[천연가죽 데스크패드 증정] 어셈블 6단 1200 일반 책상세트 플랩도어+콘센트형(스틸타공판형),판매 중,천연가죽 데스크패드 증정,,849000,,https://living.hyundailivart.co.kr/p/P200198979,https://static.hyundailivart.co.kr/upload_mall/goods/P200198979/GM44002870_img.jpg?RS=0X250&CS=250X250&AO=1,2026-08-02T22:30:00+09:00,https://living.hyundailivart.co.kr/p/P200198979
1315,책상/책장,,가구 > 책상/책장,P200198976,리바트,[천연가죽 데스크패드 증정] 어셈블 6단 1200 일반 책상세트 플랩도어+콘센트형,판매 중,천연가죽 데스크패드 증정,,720000,,https://living.hyundailivart.co.kr/p/P200198976,https://static.hyundailivart.co.kr/upload_mall/goods/P200198976/GM44002840_img.jpg?RS=0X250&CS=250X250&AO=1,2026-08-02T22:30:00+09:00,https://living.hyundailivart.co.kr/p/P200198976
1316,책상/책장,,가구 > 책상/책장,P200198973,리바트,[천연가죽 데스크패드 증정] 어셈블 5단 1200 일반 책상세트 플랩도어+콘센트형(스틸타공판형),판매 중,천연가죽 데스크패드 증정,,772000,,https://living.hyundailivart.co.kr/p/P200198973,https://static.hyundailivart.co.kr/upload_mall/goods/P200198973/GM44002810_img.jpg?RS=0X250&CS=250X250&AO=1,2026-08-02T22:30:00+09:00,https://living.hyundailivart.co.kr/p/P200198973
1317,책상/책장,,가구 > 책상/책장,P200198970,리바트,[천연가죽 데스크패드 증정] 어셈블 5단 1200 일반 책상세트 플랩도어+콘센트형,판매 중,천연가죽 데스크패드 증정,,664000,,https://living.hyundailivart.co.kr/p/P200198970,https://static.hyundailivart.co.kr/upload_mall/goods/P200198970/GM44002780_img.jpg?RS=0X250&CS=250X250&AO=1,2026-08-02T22:30:00+09:00,https://living.hyundailivart.co.kr/p/P200198970
1318,책상/책장,,가구 > 책상/책장,P200198967,리바트,[천연가죽 데스크패드 증정] 어셈블 6단 1400 일반 책상세트 콘센트형(스틸타공판형),판매 중,천연가죽 데스크패드 증정,,875000,,https://living.hyundailivart.co.kr/p/P200198967,https://static.hyundailivart.co.kr/upload_mall/goods/P200198967/GM44002750_img.jpg?RS=0X250&CS=250X250&AO=1,2026-08-02T22:30:00+09:00,https://living.hyundailivart.co.kr/p/P200198967
1319,책상/책장,,가구 > 책상/책장,P200198964,리바트,[천연가죽 데스크패드 증정] 어셈블 6단 1400 일반 책상세트 콘센트형,판매 중,천연가죽 데스크패드 증정,,748000,,https://living.hyundailivart.co.kr/p/P200198964,https://static.hyundailivart.co.kr/upload_mall/goods/P200198964/GM44002714_img.jpg?RS=0X250&CS=250X250&AO=1,2026-08-02T22:30:00+09:00,https://living.hyundailivart.co.kr/p/P200198964
1320,책상/책장,,가구 > 책상/책장,P200198961,리바트,[천연가죽 데스크패드 증정] 어셈블 5단 1400 일반 책상세트 콘센트형(스틸타공판형),판매 중,천연가죽 데스크패드 증정,,783000,,https://living.hyundailivart.co.kr/p/P200198961,https://static.hyundailivart.co.kr/upload_mall/goods/P200198961/GM44002678_img.jpg?RS=0X250&CS=250X250&AO=1,2026-08-02T22:30:00+09:00,https://living.hyundailivart.co.kr/p/P200198961
1321,책상/책장,,가구 > 책상/책장,P200198958,리바트,[천연가죽 데스크패드 증정] 어셈블 5단 1400 일반 책상세트 콘센트형,판매 중,천연가죽 데스크패드 증정,,676000,,https://living.hyundailivart.co.kr/p/P200198958,https://static.hyundailivart.co.kr/upload_mall/goods/P200198958/GM44002648_img.jpg?RS=0X250&CS=250X250&AO=1,2026-08-02T22:30:00+09:00,https://living.hyundailivart.co.kr/p/P200198958
1322,책상/책장,,가구 > 책상/책장,P200198952,리바트,[천연가죽 데스크패드 증정] 어셈블 6단 1200 일반 책상세트 콘센트형,판매 중,천연가죽 데스크패드 증정,,596000,,https://living.hyundailivart.co.kr/p/P200198952,https://static.hyundailivart.co.kr/upload_mall/goods/P200198952/GM44002584_img.jpg?RS=0X250&CS=250X250&AO=1,2026-08-02T22:30:00+09:00,https://living.hyundailivart.co.kr/p/P200198952
1323,책상/책장,,가구 > 책상/책장,P200198949,리바트,[천연가죽 데스크패드 증정] 어셈블 5단 1200 일반 책상세트 콘센트형(스틸타공판형),판매 중,천연가죽 데스크패드 증정,,648000,,https://living.hyundailivart.co.kr/p/P200198949,https://static.hyundailivart.co.kr/upload_mall/goods/P200198949/GM44002550_img.jpg?RS=0X250&CS=250X250&AO=1,2026-08-02T22:30:00+09:00,https://living.hyundailivart.co.kr/p/P200198949
1324,책상/책장,,가구 > 책상/책장,P200198946,리바트,[천연가죽 데스크패드 증정] 어셈블 5단 1200 일반 책상세트 콘센트형,판매 중,천연가죽 데스크패드 증정,,540000,,https://living.hyundailivart.co.kr/p/P200198946,https://static.hyundailivart.co.kr/upload_mall/goods/P200198946/GM44002508_img.jpg?RS=0X250&CS=250X250&AO=1,2026-08-02T22:30:00+09:00,https://living.hyundailivart.co.kr/p/P200198946
1325,책상/책장,,가구 > 책상/책장,P200198942,리바트,[천연가죽 데스크패드 증정] 어셈블 6단 1400 일반 책상세트 플랩도어형(스틸타공판형),판매 중,천연가죽 데스크패드 증정,,918000,,https://living.hyundailivart.co.kr/p/P200198942,https://static.hyundailivart.co.kr/upload_mall/goods/P200198942/GM43999238_img.jpg?RS=0X250&CS=250X250&AO=1,2026-08-02T22:30:00+09:00,https://living.hyundailivart.co.kr/p/P200198942
1326,책상/책장,,가구 > 책상/책장,P200198939,리바트,[천연가죽 데스크패드 증정] 어셈블 6단 1400 일반 책상세트 플랩도어형,판매 중,천연가죽 데스크패드 증정,,791000,,https://living.hyundailivart.co.kr/p/P200198939,https://static.hyundailivart.co.kr/upload_mall/goods/P200198939/GM43999208_img.jpg?RS=0X250&CS=250X250&AO=1,2026-08-02T22:30:00+09:00,https://living.hyundailivart.co.kr/p/P200198939
1327,책상/책장,,가구 > 책상/책장,P200198936,리바트,[천연가죽 데스크패드 증정] 어셈블 5단 1400 일반 책상세트 플랩도어형(스틸타공판형),판매 중,천연가죽 데스크패드 증정,,826000,,https://living.hyundailivart.co.kr/p/P200198936,https://static.hyundailivart.co.kr/upload_mall/goods/P200198936/GM43999178_img.jpg?RS=0X250&CS=250X250&AO=1,2026-08-02T22:30:00+09:00,https://living.hyundailivart.co.kr/p/P200198936
1328,책상/책장,,가구 > 책상/책장,P200198933,리바트,[천연가죽 데스크패드 증정] 어셈블 5단 1400 일반 책상세트 플랩도어형,판매 중,천연가죽 데스크패드 증정,,719000,,https://living.hyundailivart.co.kr/p/P200198933,https://static.hyundailivart.co.kr/upload_mall/goods/P200198933/GM43999148_img.jpg?RS=0X250&CS=250X250&AO=1,2026-08-02T22:30:00+09:00,https://living.hyundailivart.co.kr/p/P200198933
1329,책상/책장,,가구 > 책상/책장,P200198930,리바트,[천연가죽 데스크패드 증정] 어셈블 6단 1200 일반 책상세트 플랩도어형(스틸타공판형),판매 중,천연가죽 데스크패드 증정,,766000,,https://living.hyundailivart.co.kr/p/P200198930,https://static.hyundailivart.co.kr/upload_mall/goods/P200198930/GM43999114_img.jpg?RS=0X250&CS=250X250&AO=1,2026-08-02T22:30:00+09:00,https://living.hyundailivart.co.kr/p/P200198930
1330,책상/책장,,가구 > 책상/책장,P200198927,리바트,[천연가죽 데스크패드 증정] 어셈블 6단 1200 일반 책상세트 플랩도어형,판매 중,천연가죽 데스크패드 증정,,637000,,https://living.hyundailivart.co.kr/p/P200198927,https://static.hyundailivart.co.kr/upload_mall/goods/P200198927/GM43999081_img.jpg?RS=0X250&CS=250X250&AO=1,2026-08-02T22:30:00+09:00,https://living.hyundailivart.co.kr/p/P200198927
1331,책상/책장,,가구 > 책상/책장,P200198924,리바트,[천연가죽 데스크패드 증정] 어셈블 5단 1200 일반 책상세트 플랩도어형(스틸타공판형),판매 중,천연가죽 데스크패드 증정,,689000,,https://living.hyundailivart.co.kr/p/P200198924,https://static.hyundailivart.co.kr/upload_mall/goods/P200198924/GM43999046_img.jpg?RS=0X250&CS=250X250&AO=1,2026-08-02T22:30:00+09:00,https://living.hyundailivart.co.kr/p/P200198924
1332,책상/책장,,가구 > 책상/책장,P200198921,리바트,[천연가죽 데스크패드 증정] 어셈블 5단 1200 일반 책상세트 플랩도어형,판매 중,천연가죽 데스크패드 증정,,581000,,https://living.hyundailivart.co.kr/p/P200198921,https://static.hyundailivart.co.kr/upload_mall/goods/P200198921/GM43999016_img.jpg?RS=0X250&CS=250X250&AO=1,2026-08-02T22:30:00+09:00,https://living.hyundailivart.co.kr/p/P200198921
1333,책상/책장,,가구 > 책상/책장,P200198918,리바트,[천연가죽 데스크패드 증정] 어셈블 6단 1400 일반 책상세트(스틸타공판형),판매 중,천연가죽 데스크패드 증정,,790000,,https://living.hyundailivart.co.kr/p/P200198918,https://static.hyundailivart.co.kr/upload_mall/goods/P200198918/GM43998986_img.jpg?RS=0X250&CS=250X250&AO=1,2026-08-02T22:30:00+09:00,https://living.hyundailivart.co.kr/p/P200198918
1334,책상/책장,,가구 > 책상/책장,P200198915,리바트,[천연가죽 데스크패드 증정] 어셈블 6단 1400 일반 책상세트,판매 중,천연가죽 데스크패드 증정,,663000,,https://living.hyundailivart.co.kr/p/P200198915,https://static.hyundailivart.co.kr/upload_mall/goods/P200198915/GM43998956_img.jpg?RS=0X250&CS=250X250&AO=1,2026-08-02T22:30:00+09:00,https://living.hyundailivart.co.kr/p/P200198915
1335,책상/책장,,가구 > 책상/책장,P200198912,리바트,[천연가죽 데스크패드 증정] 어셈블 5단 1400 일반 책상세트(스틸타공판형),판매 중,천연가죽 데스크패드 증정,,698000,,https://living.hyundailivart.co.kr/p/P200198912,https://static.hyundailivart.co.kr/upload_mall/goods/P200198912/GM43998926_img.jpg?RS=0X250&CS=250X250&AO=1,2026-08-02T22:30:00+09:00,https://living.hyundailivart.co.kr/p/P200198912
1336,책상/책장,,가구 > 책상/책장,P200198909,리바트,[천연가죽 데스크패드 증정] 어셈블 5단 1400 일반 책상세트,판매 중,천연가죽 데스크패드 증정,,591000,,https://living.hyundailivart.co.kr/p/P200198909,https://static.hyundailivart.co.kr/upload_mall/goods/P200198909/GM43998896_img.jpg?RS=0X250&CS=250X250&AO=1,2026-08-02T22:30:00+09:00,https://living.hyundailivart.co.kr/p/P200198909
1337,책상/책장,,가구 > 책상/책장,P200198906,리바트,[천연가죽 데스크패드 증정] 어셈블 6단 1200 일반 책상세트(스틸타공판형),판매 중,천연가죽 데스크패드 증정,,642000,,https://living.hyundailivart.co.kr/p/P200198906,https://static.hyundailivart.co.kr/upload_mall/goods/P200198906/GM43998866_img.jpg?RS=0X250&CS=250X250&AO=1,2026-08-02T22:30:00+09:00,https://living.hyundailivart.co.kr/p/P200198906
1338,책상/책장,,가구 > 책상/책장,P200198903,리바트,[천연가죽 데스크패드 증정] 어셈블 6단 1200 일반 책상세트,판매 중,천연가죽 데스크패드 증정,,513000,,https://living.hyundailivart.co.kr/p/P200198903,https://static.hyundailivart.co.kr/upload_mall/goods/P200198903/GM43998836_img.jpg?RS=0X250&CS=250X250&AO=1,2026-08-02T22:30:00+09:00,https://living.hyundailivart.co.kr/p/P200198903
1339,책상/책장,,가구 > 책상/책장,P200198900,리바트,[천연가죽 데스크패드 증정] 어셈블 5단 1200 일반 책상세트(스틸타공판형),판매 중,천연가죽 데스크패드 증정,,565000,,https://living.hyundailivart.co.kr/p/P200198900,https://static.hyundailivart.co.kr/upload_mall/goods/P200198900/GM43998806_img.jpg?RS=0X250&CS=250X250&AO=1,2026-08-02T22:30:00+09:00,https://living.hyundailivart.co.kr/p/P200198900
1340,책상/책장,,가구 > 책상/책장,P200198897,리바트,[천연가죽 데스크패드 증정] 어셈블 5단 1200 일반 책상세트,판매 중,천연가죽 데스크패드 증정,,457000,,https://living.hyundailivart.co.kr/p/P200198897,https://static.hyundailivart.co.kr/upload_mall/goods/P200198897/GM43998776_img.jpg?RS=0X250&CS=250X250&AO=1,2026-08-02T22:30:00+09:00,https://living.hyundailivart.co.kr/p/P200198897
1341,책상/책장,,가구 > 책상/책장,P200198659,리바트집테리어,THE ROOM 더룸 중고등 학습집중 책상,판매 중,,100,655000524000,20,https://living.hyundailivart.co.kr/p/P200198659,https://static.hyundailivart.co.kr/upload_mall/goods/P200198659/GM43957211_img.jpg?RS=0X250&CS=250X250&AO=1,2026-08-02T22:30:00+09:00,https://living.hyundailivart.co.kr/p/P200198659
1342,책상/책장,,가구 > 책상/책장,P200198364,리바트,포브 1200 5단 책상세트,판매 중,,100,977000245000,75,https://living.hyundailivart.co.kr/p/P200198364,https://static.hyundailivart.co.kr/upload_mall/goods/P200198364/GM43951843_img.jpg?RS=0X250&CS=250X250&AO=1,2026-08-02T22:30:00+09:00,https://living.hyundailivart.co.kr/p/P200198364
1343,책상/책장,,가구 > 책상/책장,P200198312,리바트,[천연가죽 데스크패드 증정] 마스타브 1400 서랍형 책상,판매 중,천연가죽 데스크패드 증정,,854000,,https://living.hyundailivart.co.kr/p/P200198312,https://static.hyundailivart.co.kr/upload_mall/goods/P200198312/GM43944916_img.jpg?RS=0X250&CS=250X250&AO=1,2026-08-02T22:30:00+09:00,https://living.hyundailivart.co.kr/p/P200198312
1344,책상/책장,,가구 > 책상/책장,P200197974,리바트하움,올라 멀티탭 프리스탠딩형,판매 중,,,235000,,https://living.hyundailivart.co.kr/p/P200197974,https://static.hyundailivart.co.kr/upload_mall/goods/P200197974/GM43929698_img.jpg?RS=0X250&CS=250X250&AO=1,2026-08-02T22:30:00+09:00,https://living.hyundailivart.co.kr/p/P200197974
1345,책상/책장,,가구 > 책상/책장,P200197813,리바트,[천연가죽 데스크패드 증정] 어셈블 화이트보드,판매 중,천연가죽 데스크패드 증정,,249000,,https://living.hyundailivart.co.kr/p/P200197813,https://static.hyundailivart.co.kr/upload_mall/goods/P200197813/GM43927800_img.jpg?RS=0X250&CS=250X250&AO=1,2026-08-02T22:30:00+09:00,https://living.hyundailivart.co.kr/p/P200197813
1346,책상/책장,,가구 > 책상/책장,P200196700,리바트,[천연가죽 데스크패드 증정] 어셈블 1200 각도높이조절 책상,판매 중,천연가죽 데스크패드 증정,,434000,,https://living.hyundailivart.co.kr/p/P200196700,https://static.hyundailivart.co.kr/upload_mall/goods/P200196700/GM43901282_img.jpg?RS=0X250&CS=250X250&AO=1,2026-08-02T22:30:00+09:00,https://living.hyundailivart.co.kr/p/P200196700
1347,책상/책장,,가구 > 책상/책장,P200196698,리바트,[천연가죽 데스크패드 증정] 어셈블 일반책상 1200(일반/콘센트형),판매 중,천연가죽 데스크패드 증정,,245000,,https://living.hyundailivart.co.kr/p/P200196698,https://static.hyundailivart.co.kr/upload_mall/goods/P200196698/GM43889257_img.jpg?RS=0X250&CS=250X250&AO=1,2026-08-02T22:30:00+09:00,https://living.hyundailivart.co.kr/p/P200196698
1348,책상/책장,,가구 > 책상/책장,P200196697,리바트,[천연가죽 데스크패드 증정] 어셈블 일반책상 1400 (일반/콘센트형),판매 중,천연가죽 데스크패드 증정,,321000,,https://living.hyundailivart.co.kr/p/P200196697,https://static.hyundailivart.co.kr/upload_mall/goods/P200196697/GM43889334_img.jpg?RS=0X250&CS=250X250&AO=1,2026-08-02T22:30:00+09:00,https://living.hyundailivart.co.kr/p/P200196697
1349,책상/책장,,가구 > 책상/책장,P200196695,리바트,[천연가죽 데스크패드 증정] 어셈블1400 단독책상 (일반/콘센트형),판매 중,천연가죽 데스크패드 증정,,286000,,https://living.hyundailivart.co.kr/p/P200196695,https://static.hyundailivart.co.kr/upload_mall/goods/P200196695/GM43950974_img.jpg?RS=0X250&CS=250X250&AO=1,2026-08-02T22:30:00+09:00,https://living.hyundailivart.co.kr/p/P200196695
1350,책상/책장,,가구 > 책상/책장,P200196693,리바트,[천연가죽 데스크패드 증정] 어셈블1200 단독책상 (일반/콘센트형),판매 중,천연가죽 데스크패드 증정,,229000,,https://living.hyundailivart.co.kr/p/P200196693,https://static.hyundailivart.co.kr/upload_mall/goods/P200196693/GM43950968_img.jpg?RS=0X250&CS=250X250&AO=1,2026-08-02T22:30:00+09:00,https://living.hyundailivart.co.kr/p/P200196693
1351,책상/책장,,가구 > 책상/책장,P200191513,리바트,JUST ON STUDY 집중학습 솔루션 기기,판매 중,,,280000,,https://living.hyundailivart.co.kr/p/P200191513,https://static.hyundailivart.co.kr/upload_mall/goods/P200191513/GM43725903_img.jpg?RS=0X250&CS=250X250&AO=1,2026-08-02T22:30:00+09:00,https://living.hyundailivart.co.kr/p/P200191513
1352,책상/책장,,가구 > 책상/책장,P200191022,리바트,마스타브 인서트 서랍,판매 중,,,304000,,https://living.hyundailivart.co.kr/p/P200191022,https://static.hyundailivart.co.kr/upload_mall/goods/P200191022/GM43707525_img.jpg?RS=0X250&CS=250X250&AO=1,2026-08-02T22:30:00+09:00,https://living.hyundailivart.co.kr/p/P200191022
1353,책상/책장,,가구 > 책상/책장,P200191019,리바트,마스타브 800 5단 책장,판매 중,,,344000,,https://living.hyundailivart.co.kr/p/P200191019,https://static.hyundailivart.co.kr/upload_mall/goods/P200191019/GM43707564_img.jpg?RS=0X250&CS=250X250&AO=1,2026-08-02T22:30:00+09:00,https://living.hyundailivart.co.kr/p/P200191019
1354,책상/책장,,가구 > 책상/책장,P200191017,리바트,마스타브 600 5단 책장,판매 중,,,291000,,https://living.hyundailivart.co.kr/p/P200191017,https://static.hyundailivart.co.kr/upload_mall/goods/P200191017/GM43707549_img.jpg?RS=0X250&CS=250X250&AO=1,2026-08-02T22:30:00+09:00,https://living.hyundailivart.co.kr/p/P200191017
1355,책상/책장,,가구 > 책상/책장,P200190978,리바트 세계가구,[클리어런스] 말라카 1200 책상 상부수납형,판매 중,클리어런스,100,350000276400,21,https://living.hyundailivart.co.kr/p/P200190978,https://static.hyundailivart.co.kr/upload_mall/goods/P200190978/GM43702367_img.jpg?RS=0X250&CS=250X250&AO=1,2026-08-02T22:30:00+09:00,https://living.hyundailivart.co.kr/p/P200190978
1356,키즈/주니어,,가구 > 키즈/주니어,P200189304,리바트,리토 2단 이동서랍,판매 중,,,169000,,https://living.hyundailivart.co.kr/p/P200189304,https://static.hyundailivart.co.kr/upload_mall/goods/P200189304/GM43696937_img.jpg?RS=0X250&CS=250X250&AO=1,2026-08-02T22:30:00+09:00,https://living.hyundailivart.co.kr/p/P200189304
1357,키즈/주니어,,가구 > 키즈/주니어,P200189290,리바트,리토 800 5단 책장 (도어형),판매 중,,,288000,,https://living.hyundailivart.co.kr/p/P200189290,https://static.hyundailivart.co.kr/upload_mall/goods/P200189290/GM43687936_img.jpg?RS=0X250&CS=250X250&AO=1,2026-08-02T22:30:00+09:00,https://living.hyundailivart.co.kr/p/P200189290
1358,키즈/주니어,,가구 > 키즈/주니어,P200189289,리바트,리토 800 5단 책장,판매 중,,,233000,,https://living.hyundailivart.co.kr/p/P200189289,https://static.hyundailivart.co.kr/upload_mall/goods/P200189289/GM43687926_img.jpg?RS=0X250&CS=250X250&AO=1,2026-08-02T22:30:00+09:00,https://living.hyundailivart.co.kr/p/P200189289
1359,책상/책장,,가구 > 책상/책장,P200189287,리바트,리토 600 5단 책장 (도어형),판매 중,,,234000,,https://living.hyundailivart.co.kr/p/P200189287,https://static.hyundailivart.co.kr/upload_mall/goods/P200189287/GM43687780_img.jpg?RS=0X250&CS=250X250&AO=1,2026-08-02T22:30:00+09:00,https://living.hyundailivart.co.kr/p/P200189287
1360,키즈/주니어,,가구 > 키즈/주니어,P200189286,리바트,리토 600 5단 책장,판매 중,,,197000,,https://living.hyundailivart.co.kr/p/P200189286,https://static.hyundailivart.co.kr/upload_mall/goods/P200189286/GM43687770_img.jpg?RS=0X250&CS=250X250&AO=1,2026-08-02T22:30:00+09:00,https://living.hyundailivart.co.kr/p/P200189286
1361,키즈/주니어,,가구 > 키즈/주니어,P200189269,리바트,리토 1200 책상세트 플랩도어형,판매 중,,,423000,,https://living.hyundailivart.co.kr/p/P200189269,https://static.hyundailivart.co.kr/upload_mall/goods/P200189269/GM43687811_img.jpg?RS=0X250&CS=250X250&AO=1,2026-08-02T22:30:00+09:00,https://living.hyundailivart.co.kr/p/P200189269
1362,키즈/주니어,,가구 > 키즈/주니어,P200189268,리바트,리토 1200 책상세트,판매 중,,,351000,,https://living.hyundailivart.co.kr/p/P200189268,https://static.hyundailivart.co.kr/upload_mall/goods/P200189268/GM43687801_img.jpg?RS=0X250&CS=250X250&AO=1,2026-08-02T22:30:00+09:00,https://living.hyundailivart.co.kr/p/P200189268
1363,키즈/주니어,,가구 > 키즈/주니어,P200189267,리바트,리토 1200 책상,판매 중,,,167000,,https://living.hyundailivart.co.kr/p/P200189267,https://static.hyundailivart.co.kr/upload_mall/goods/P200189267/GM43687791_img.jpg?RS=0X250&CS=250X250&AO=1,2026-08-02T22:30:00+09:00,https://living.hyundailivart.co.kr/p/P200189267
1364,책상/책장,,가구 > 책상/책장,P200186258,리바트,"1200 집중형 책상 (ㄷ자 멀티파티션 SET, 로넌 조인)",판매 중,,,461000,,https://living.hyundailivart.co.kr/p/P200186258,https://static.hyundailivart.co.kr/upload_mall/goods/P200186258/GM43582061_img.jpg?RS=0X250&CS=250X250&AO=1,2026-08-02T22:30:00+09:00,https://living.hyundailivart.co.kr/p/P200186258
1365,책상/책장,,가구 > 책상/책장,P200186257,리바트,"1200 집중형 책상 (ㄱ자 멀티파티션 SET, 로넌 조인)",판매 중,,,366000,,https://living.hyundailivart.co.kr/p/P200186257,https://static.hyundailivart.co.kr/upload_mall/goods/P200186257/GM43582056_img.jpg?RS=0X250&CS=250X250&AO=1,2026-08-02T22:30:00+09:00,https://living.hyundailivart.co.kr/p/P200186257
1366,책상/책장,,가구 > 책상/책장,P200185416,리바트,1200 멀티 파티션,판매 중,,,95000,,https://living.hyundailivart.co.kr/p/P200185416,https://static.hyundailivart.co.kr/upload_mall/goods/P200185416/GM43582054_img.jpg?RS=0X250&CS=250X250&AO=1,2026-08-02T22:30:00+09:00,https://living.hyundailivart.co.kr/p/P200185416
1367,책상/책장,,가구 > 책상/책장,P200181617,리바트,"[클리어런스] 로넌 1200 책상세트 (2단서랍, 조명 포함)",판매 중,클리어런스,100,622000506300,19,https://living.hyundailivart.co.kr/p/P200181617,https://static.hyundailivart.co.kr/upload_mall/goods/P200181617/GM43508442_img.jpg?RS=0X250&CS=250X250&AO=1,2026-08-02T22:30:00+09:00,https://living.hyundailivart.co.kr/p/P200181617
1368,책상/책장,,가구 > 책상/책장,P200176350,리바트,코이 플랩도어 (일반형/빗각형),판매 중,,100,10400077000,26,https://living.hyundailivart.co.kr/p/P200176350,https://static.hyundailivart.co.kr/upload_mall/goods/P200176350/GM43417172_img.jpg?RS=0X250&CS=250X250&AO=1,2026-08-02T22:30:00+09:00,https://living.hyundailivart.co.kr/p/P200176350
1369,책상/책장,,가구 > 책상/책장,P200173944,리바트,[클리어런스] 프렌즈 소호 1800 ㄷ자 책상세트 (컴퓨터서랍장),판매 중,클리어런스,100,326000247000,24,https://living.hyundailivart.co.kr/p/P200173944,https://static.hyundailivart.co.kr/upload_mall/goods/P200173944/GM43370174_img.jpg?RS=0X250&CS=250X250&AO=1,2026-08-02T22:30:00+09:00,https://living.hyundailivart.co.kr/p/P200173944
1370,책상/책장,,가구 > 책상/책장,P200163797,리바트,[클리어런스] 로넌 화이트 1400 철제 책상,판매 중,클리어런스,100,204000144400,29,https://living.hyundailivart.co.kr/p/P200163797,https://static.hyundailivart.co.kr/upload_mall/goods/P200163797/GM43180529_img.jpg?RS=0X250&CS=250X250&AO=1,2026-08-02T22:30:00+09:00,https://living.hyundailivart.co.kr/p/P200163797
1371,책상/책장,,가구 > 책상/책장,P200163791,리바트,[클리어런스] 로넌 화이트 1200 각도높이조절책상세트 플랩도어형,판매 중,클리어런스,100,707000459800,35,https://living.hyundailivart.co.kr/p/P200163791,https://static.hyundailivart.co.kr/upload_mall/goods/P200163791/GM43180499_img.jpg?RS=0X250&CS=250X250&AO=1,2026-08-02T22:30:00+09:00,https://living.hyundailivart.co.kr/p/P200163791
1372,책상/책장,,가구 > 책상/책장,P200163790,리바트,[클리어런스] 로넌 화이트 1200 각도높이조절책상세트,판매 중,클리어런스,100,626000418000,33,https://living.hyundailivart.co.kr/p/P200163790,https://static.hyundailivart.co.kr/upload_mall/goods/P200163790/GM43180489_img.jpg?RS=0X250&CS=250X250&AO=1,2026-08-02T22:30:00+09:00,https://living.hyundailivart.co.kr/p/P200163790
1373,책상/책장,,가구 > 책상/책장,P200163735,리바트,[클리어런스] 로넌 화이트 1200 각도높이조절책상,판매 중,클리어런스,100,451000292600,35,https://living.hyundailivart.co.kr/p/P200163735,https://static.hyundailivart.co.kr/upload_mall/goods/P200163735/GM43180479_img.jpg?RS=0X250&CS=250X250&AO=1,2026-08-02T22:30:00+09:00,https://living.hyundailivart.co.kr/p/P200163735
1374,책상/책장,,가구 > 책상/책장,P200144634,리바트,뉴루디 800 3단 서랍장,판매 중,,,350000,,https://living.hyundailivart.co.kr/p/P200144634,https://static.hyundailivart.co.kr/upload_mall/goods/P200144634/GM42855758_img.jpg?RS=0X250&CS=250X250&AO=1,2026-08-02T22:30:00+09:00,https://living.hyundailivart.co.kr/p/P200144634
1375,책상/책장,,가구 > 책상/책장,P200144633,리바트,뉴루디 800 하부도어,판매 중,,,59000,,https://living.hyundailivart.co.kr/p/P200144633,https://static.hyundailivart.co.kr/upload_mall/goods/P200144633/GM42855730_img.jpg?RS=0X250&CS=250X250&AO=1,2026-08-02T22:30:00+09:00,https://living.hyundailivart.co.kr/p/P200144633
1376,책상/책장,,가구 > 책상/책장,P200144632,리바트,뉴루디 800 플랩도어,판매 중,,,52000,,https://living.hyundailivart.co.kr/p/P200144632,https://static.hyundailivart.co.kr/upload_mall/goods/P200144632/GM42855720_img.jpg?RS=0X250&CS=250X250&AO=1,2026-08-02T22:30:00+09:00,https://living.hyundailivart.co.kr/p/P200144632
1377,책상/책장,,가구 > 책상/책장,P200144631,리바트,뉴루디 600 하부도어,판매 중,,,59000,,https://living.hyundailivart.co.kr/p/P200144631,https://static.hyundailivart.co.kr/upload_mall/goods/P200144631/GM42855255_img.jpg?RS=0X250&CS=250X250&AO=1,2026-08-02T22:30:00+09:00,https://living.hyundailivart.co.kr/p/P200144631
1378,키즈/주니어,,가구 > 키즈/주니어,P200144630,리바트,뉴루디 600 상부 플랩도어,판매 중,,,51000,,https://living.hyundailivart.co.kr/p/P200144630,https://static.hyundailivart.co.kr/upload_mall/goods/P200144630/GM42855236_img.jpg?RS=0X250&CS=250X250&AO=1,2026-08-02T22:30:00+09:00,https://living.hyundailivart.co.kr/p/P200144630
1379,책상/책장,,가구 > 책상/책장,P200133494,리바트,그라나다 포레 1800 뉴노멀 수납책장,판매 중,,,1185000,,https://living.hyundailivart.co.kr/p/P200133494,https://static.hyundailivart.co.kr/upload_mall/goods/P200133494/GM42639064_img.jpg?RS=0X250&CS=250X250&AO=1,2026-08-02T22:30:00+09:00,https://living.hyundailivart.co.kr/p/P200133494
1380,책상/책장,,가구 > 책상/책장,P200133446,리바트,그라나다 포레 600 뉴노멀 책장(애쉬),판매 중,,,207000,,https://living.hyundailivart.co.kr/p/P200133446,https://static.hyundailivart.co.kr/upload_mall/goods/P200133446/GM42638526_img.jpg?RS=0X250&CS=250X250&AO=1,2026-08-02T22:30:00+09:00,https://living.hyundailivart.co.kr/p/P200133446
1381,책상/책장,,가구 > 책상/책장,P200131048,리바트,그라나다 포레 수납박스 슬라이딩 도어,판매 중,,,112000,,https://living.hyundailivart.co.kr/p/P200131048,https://static.hyundailivart.co.kr/upload_mall/goods/P200131048/GM42639746_img.jpg?RS=0X250&CS=250X250&AO=1,2026-08-02T22:30:00+09:00,https://living.hyundailivart.co.kr/p/P200131048
1382,책상/책장,,가구 > 책상/책장,P200131046,리바트,그라나다 포레 800책장 상부 플랩도어,판매 중,,,67000,,https://living.hyundailivart.co.kr/p/P200131046,https://static.hyundailivart.co.kr/upload_mall/goods/P200131046/GM42639654_img.jpg?RS=0X250&CS=250X250&AO=1,2026-08-02T22:30:00+09:00,https://living.hyundailivart.co.kr/p/P200131046
1383,책상/책장,,가구 > 책상/책장,P200131043,리바트,그라나다 포레 600 책장 도어,판매 중,,,59000,,https://living.hyundailivart.co.kr/p/P200131043,https://static.hyundailivart.co.kr/upload_mall/goods/P200131043/GM42639700_img.jpg?RS=0X250&CS=250X250&AO=1,2026-08-02T22:30:00+09:00,https://living.hyundailivart.co.kr/p/P200131043
1384,책상/책장,,가구 > 책상/책장,P200131037,리바트,[천연가죽 데스크패드 증정] 그라나다 포레 1500 뉴노멀 책상,판매 중,천연가죽 데스크패드 증정,,951000,,https://living.hyundailivart.co.kr/p/P200131037,https://static.hyundailivart.co.kr/upload_mall/goods/P200131037/GM42637026_img.jpg?RS=0X250&CS=250X250&AO=1,2026-08-02T22:30:00+09:00,https://living.hyundailivart.co.kr/p/P200131037
1385,책상/책장,,가구 > 책상/책장,P200124509,리바트 세계가구,[클리어런스] 프리즘 1단 수납,판매 중,클리어런스,100,9400043000,54,https://living.hyundailivart.co.kr/p/P200124509,https://static.hyundailivart.co.kr/upload_mall/goods/P200124509/0.png?RS=0X250&CS=250X250&AO=1,2026-08-02T22:30:00+09:00,https://living.hyundailivart.co.kr/p/P200124509
1386,책상/책장,,가구 > 책상/책장,P200121376,리바트,마이온 800 3단책장,판매 중,,100,268000123200,54,https://living.hyundailivart.co.kr/p/P200121376,https://static.hyundailivart.co.kr/upload_mall/goods/P200121376/GM42472065_img.jpg?RS=0X250&CS=250X250&AO=1,2026-08-02T22:30:00+09:00,https://living.hyundailivart.co.kr/p/P200121376
1387,책상/책장,,가구 > 책상/책장,P200121362,리바트,마이온 800 2단책장,판매 중,,100,19500089700,54,https://living.hyundailivart.co.kr/p/P200121362,https://static.hyundailivart.co.kr/upload_mall/goods/P200121362/GM42472055_img.jpg?RS=0X250&CS=250X250&AO=1,2026-08-02T22:30:00+09:00,https://living.hyundailivart.co.kr/p/P200121362
1388,책상/책장,,가구 > 책상/책장,P200121355,리바트,마이온 800 독서실책상,판매 중,,100,492000226300,54,https://living.hyundailivart.co.kr/p/P200121355,https://static.hyundailivart.co.kr/upload_mall/goods/P200121355/GM42470413_img.jpg?RS=0X250&CS=250X250&AO=1,2026-08-02T22:30:00+09:00,https://living.hyundailivart.co.kr/p/P200121355
1389,책상/책장,,가구 > 책상/책장,P200121344,리바트,마이온 1600 책상 콘센트형,판매 중,,100,542000249300,54,https://living.hyundailivart.co.kr/p/P200121344,https://static.hyundailivart.co.kr/upload_mall/goods/P200121344/GM42470349_img.jpg?RS=0X250&CS=250X250&AO=1,2026-08-02T22:30:00+09:00,https://living.hyundailivart.co.kr/p/P200121344
1390,책상/책장,,가구 > 책상/책장,P200121343,리바트,마이온 1600 책상,판매 중,,100,472000217100,54,https://living.hyundailivart.co.kr/p/P200121343,https://static.hyundailivart.co.kr/upload_mall/goods/P200121343/GM42470320_img.jpg?RS=0X250&CS=250X250&AO=1,2026-08-02T22:30:00+09:00,https://living.hyundailivart.co.kr/p/P200121343
1391,책상/책장,,가구 > 책상/책장,P200121336,리바트,마이온 1400 책상 콘센트형,판매 중,,100,491000225800,54,https://living.hyundailivart.co.kr/p/P200121336,https://static.hyundailivart.co.kr/upload_mall/goods/P200121336/GM42470310_img.jpg?RS=0X250&CS=250X250&AO=1,2026-08-02T22:30:00+09:00,https://living.hyundailivart.co.kr/p/P200121336
1392,책상/책장,,가구 > 책상/책장,P200109709,리바트,[클리어런스] 프렙 철제 행잉 패널,판매 중,클리어런스,100,5900036100,39,https://living.hyundailivart.co.kr/p/P200109709,https://static.hyundailivart.co.kr/upload_mall/goods/P200109709/GM42198926_img.jpg?RS=0X250&CS=250X250&AO=1,2026-08-02T22:30:00+09:00,https://living.hyundailivart.co.kr/p/P200109709
1393,책상/책장,,가구 > 책상/책장,P200107669,리바트하움,[리바트X에이플럼] 슬림 오거나이저 데스크테리어(단독 구매 불가),판매 중,리바트X에이플럼,,18000,,https://living.hyundailivart.co.kr/p/P200107669,https://static.hyundailivart.co.kr/upload_mall/goods/P200107669/GM43655014_img.jpg?RS=0X250&CS=250X250&AO=1,2026-08-02T22:30:00+09:00,https://living.hyundailivart.co.kr/p/P200107669
1394,책상/책장,,가구 > 책상/책장,P200107667,리바트하움,[리바트X에이플럼] 북스탠디 책꽂이 데스크테리어(단독 구매 불가),판매 중,리바트X에이플럼,,29000,,https://living.hyundailivart.co.kr/p/P200107667,https://static.hyundailivart.co.kr/upload_mall/goods/P200107667/GM43655004_img.jpg?RS=0X250&CS=250X250&AO=1,2026-08-02T22:30:00+09:00,https://living.hyundailivart.co.kr/p/P200107667
1395,책상/책장,,가구 > 책상/책장,P200107666,리바트하움,[리바트X에이플럼] 펜트레이 데스크테리어(단독 구매 불가),판매 중,리바트X에이플럼,,22000,,https://living.hyundailivart.co.kr/p/P200107666,https://static.hyundailivart.co.kr/upload_mall/goods/P200107666/GM43655047_img.jpg?RS=0X250&CS=250X250&AO=1,2026-08-02T22:30:00+09:00,https://living.hyundailivart.co.kr/p/P200107666
1396,책상/책장,,가구 > 책상/책장,P200106817,리바트,[클리어런스] 프렙 800 콘센트형 독서실 책상,판매 중,클리어런스,100,378000200400,47,https://living.hyundailivart.co.kr/p/P200106817,https://static.hyundailivart.co.kr/upload_mall/goods/P200106817/GM42158130_img.jpg?RS=0X250&CS=250X250&AO=1,2026-08-02T22:30:00+09:00,https://living.hyundailivart.co.kr/p/P200106817
1397,키즈/주니어,,가구 > 키즈/주니어,P200103603,리바트,[클리어런스] 꼼므 어린이 각도조절책상,판매 중,클리어런스,100,239000204200,15,https://living.hyundailivart.co.kr/p/P200103603,https://static.hyundailivart.co.kr/upload_mall/goods/P200103603/GM42057103_img.jpg?RS=0X250&CS=250X250&AO=1,2026-08-02T22:30:00+09:00,https://living.hyundailivart.co.kr/p/P200103603
1398,책상/책장,,가구 > 책상/책장,P200095299,리바트,브론 400 4단캐비넷(5단높이),판매 중,,,88000,,https://living.hyundailivart.co.kr/p/P200095299,https://static.hyundailivart.co.kr/upload_mall/goods/P200095299/GM41931171_img.jpg?RS=0X250&CS=250X250&AO=1,2026-08-02T22:30:00+09:00,https://living.hyundailivart.co.kr/p/P200095299
1399,책상/책장,,가구 > 책상/책장,P200081261,리바트,뉴리브로 라이트 1400 전면책장,판매 중,,100,480000220800,54,https://living.hyundailivart.co.kr/p/P200081261,https://static.hyundailivart.co.kr/upload_mall/goods/P200081261/GM41631036_img.jpg?RS=0X250&CS=250X250&AO=1,2026-08-02T22:30:00+09:00,https://living.hyundailivart.co.kr/p/P200081261
1400,키즈/주니어,,가구 > 키즈/주니어,P200072864,리바트,[클리어런스] 로넌 1200 각도높이조절 책상,판매 중,클리어런스,100,414000292600,29,https://living.hyundailivart.co.kr/p/P200072864,https://static.hyundailivart.co.kr/upload_mall/goods/P200072864/GM41418536_img.jpg?RS=0X250&CS=250X250&AO=1,2026-08-02T22:30:00+09:00,https://living.hyundailivart.co.kr/p/P200072864
1401,책상/책장,,가구 > 책상/책장,P200072846,리바트,[클리어런스] 로넌 1200 책상,판매 중,클리어런스,100,144000108300,25,https://living.hyundailivart.co.kr/p/P200072846,https://static.hyundailivart.co.kr/upload_mall/goods/P200072846/GM41418550_img.jpg?RS=0X250&CS=250X250&AO=1,2026-08-02T22:30:00+09:00,https://living.hyundailivart.co.kr/p/P200072846
1402,키즈/주니어,,가구 > 키즈/주니어,P200061060,리바트키즈,몰리 키즈 1200 높은상부장 수동각도조절책상 세트,판매 중,,100,797000406400,49,https://living.hyundailivart.co.kr/p/P200061060,https://static.hyundailivart.co.kr/upload_mall/goods/P200061060/GM41158556_img.jpg?RS=0X250&CS=250X250&AO=1,2026-08-02T22:30:00+09:00,https://living.hyundailivart.co.kr/p/P200061060
1403,키즈/주니어,,가구 > 키즈/주니어,P200061056,리바트키즈,몰리 키즈 1200 낮은상부장 수동각도조절책상 세트,판매 중,,100,627000319700,49,https://living.hyundailivart.co.kr/p/P200061056,https://static.hyundailivart.co.kr/upload_mall/goods/P200061056/GM41158512_img.jpg?RS=0X250&CS=250X250&AO=1,2026-08-02T22:30:00+09:00,https://living.hyundailivart.co.kr/p/P200061056
1404,키즈/주니어,,가구 > 키즈/주니어,P200059686,리바트키즈,몰리 키즈 1200 높은상부장 일반책상 세트,판매 중,,100,622000317200,49,https://living.hyundailivart.co.kr/p/P200059686,https://static.hyundailivart.co.kr/upload_mall/goods/P200059686/GM41133656_img.jpg?RS=0X250&CS=250X250&AO=1,2026-08-02T22:30:00+09:00,https://living.hyundailivart.co.kr/p/P200059686
1405,키즈/주니어,,가구 > 키즈/주니어,P200059679,리바트키즈,몰리 키즈 1200 낮은상부장 일반책상 세트,판매 중,,100,452000230500,49,https://living.hyundailivart.co.kr/p/P200059679,https://static.hyundailivart.co.kr/upload_mall/goods/P200059679/GM41133666_img.jpg?RS=0X250&CS=250X250&AO=1,2026-08-02T22:30:00+09:00,https://living.hyundailivart.co.kr/p/P200059679
1406,키즈/주니어,,가구 > 키즈/주니어,P200057987,리바트키즈,몰리 키즈 1200 각도조절책상,판매 중,,100,537000273800,49,https://living.hyundailivart.co.kr/p/P200057987,https://static.hyundailivart.co.kr/upload_mall/goods/P200057987/GM41092728_img.jpg?RS=0X250&CS=250X250&AO=1,2026-08-02T22:30:00+09:00,https://living.hyundailivart.co.kr/p/P200057987
1407,키즈/주니어,,가구 > 키즈/주니어,P200057983,리바트키즈,몰리 키즈 1200 일반책상,판매 중,,100,362000184600,49,https://living.hyundailivart.co.kr/p/P200057983,https://static.hyundailivart.co.kr/upload_mall/goods/P200057983/GM41092648_img.jpg?RS=0X250&CS=250X250&AO=1,2026-08-02T22:30:00+09:00,https://living.hyundailivart.co.kr/p/P200057983
1408,책상/책장,,가구 > 책상/책장,P200057668,리바트,포브 1200 일반책상,판매 중,,100,403000158000,61,https://living.hyundailivart.co.kr/p/P200057668,https://static.hyundailivart.co.kr/upload_mall/goods/P200057668/GM41092452_img.jpg?RS=0X250&CS=250X250&AO=1,2026-08-02T22:30:00+09:00,https://living.hyundailivart.co.kr/p/P200057668
1409,책상/책장,,가구 > 책상/책장,P200046830,리바트,브론 400 4단캐비넷(5단높이) 월넛,판매 중,,,88000,,https://living.hyundailivart.co.kr/p/P200046830,https://static.hyundailivart.co.kr/upload_mall/goods/P200046830/GM40824678_img.jpg?RS=0X250&CS=250X250&AO=1,2026-08-02T22:30:00+09:00,https://living.hyundailivart.co.kr/p/P200046830
1410,책상/책장,,가구 > 책상/책장,P200042961,리바트,브론 수납장 400 4단 캐비넷,판매 중,,,88000,,https://living.hyundailivart.co.kr/p/P200042961,https://static.hyundailivart.co.kr/upload_mall/goods/P200042961/GM40722779_img.jpg?RS=0X250&CS=250X250&AO=1,2026-08-02T22:30:00+09:00,https://living.hyundailivart.co.kr/p/P200042961
1411,책상/책장,,가구 > 책상/책장,P200042944,리바트,브론 400 4단캐비넷(5단높이) 다크그레이,판매 중,,,88000,,https://living.hyundailivart.co.kr/p/P200042944,https://static.hyundailivart.co.kr/upload_mall/goods/P200042944/GM40728130_img.jpg?RS=0X250&CS=250X250&AO=1,2026-08-02T22:30:00+09:00,https://living.hyundailivart.co.kr/p/P200042944
1412,책상/책장,,가구 > 책상/책장,P200025330,리바트,뉴리브로1200 플랩도어,판매 중,,100,17200079100,54,https://living.hyundailivart.co.kr/p/P200025330,https://static.hyundailivart.co.kr/upload_mall/goods/P200025330/GM40329124_img.jpg?RS=0X250&CS=250X250&AO=1,2026-08-02T22:30:00+09:00,https://living.hyundailivart.co.kr/p/P200025330
1413,책상/책장,,가구 > 책상/책장,P200025319,리바트,뉴리브로 1400 플랩도어,판매 중,,100,18000082800,54,https://living.hyundailivart.co.kr/p/P200025319,https://static.hyundailivart.co.kr/upload_mall/goods/P200025319/GM40329212_img.jpg?RS=0X250&CS=250X250&AO=1,2026-08-02T22:30:00+09:00,https://living.hyundailivart.co.kr/p/P200025319
1414,책상/책장,,가구 > 책상/책장,P200024866,리바트,조인 우드 600 6단 플랩도어 책장,판매 중,,,294000,,https://living.hyundailivart.co.kr/p/P200024866,https://static.hyundailivart.co.kr/upload_mall/goods/P200024866/GM40323884_img.jpg?RS=0X250&CS=250X250&AO=1,2026-08-02T22:30:00+09:00,https://living.hyundailivart.co.kr/p/P200024866
1415,책상/책장,,가구 > 책상/책장,P200024852,리바트,조인 우드 800 5단 서랍형 책장,판매 중,,,375000,,https://living.hyundailivart.co.kr/p/P200024852,https://static.hyundailivart.co.kr/upload_mall/goods/P200024852/GM40322875_img.jpg?RS=0X250&CS=250X250&AO=1,2026-08-02T22:30:00+09:00,https://living.hyundailivart.co.kr/p/P200024852
1416,책상/책장,,가구 > 책상/책장,P200024851,리바트,조인 우드 800 6단 서랍형 책장,판매 중,,,400000,,https://living.hyundailivart.co.kr/p/P200024851,https://static.hyundailivart.co.kr/upload_mall/goods/P200024851/GM40322891_img.jpg?RS=0X250&CS=250X250&AO=1,2026-08-02T22:30:00+09:00,https://living.hyundailivart.co.kr/p/P200024851
1417,책상/책장,,가구 > 책상/책장,P200024549,리바트,마이온 1400 플렉서블 가림판,판매 중,,100,13400061600,54,https://living.hyundailivart.co.kr/p/P200024549,https://static.hyundailivart.co.kr/upload_mall/goods/P200024549/GM40257824_img.jpg?RS=0X250&CS=250X250&AO=1,2026-08-02T22:30:00+09:00,https://living.hyundailivart.co.kr/p/P200024549
1418,책상/책장,,가구 > 책상/책장,P200023222,리바트,마이온 800 2.5단 책장,판매 중,,100,283000130100,54,https://living.hyundailivart.co.kr/p/P200023222,https://static.hyundailivart.co.kr/upload_mall/goods/P200023222/GM40256771_img.jpg?RS=0X250&CS=250X250&AO=1,2026-08-02T22:30:00+09:00,https://living.hyundailivart.co.kr/p/P200023222
1419,책상/책장,,가구 > 책상/책장,P200023144,리바트,마이온 도어 (400/600),판매 중,,100,7700035400,54,https://living.hyundailivart.co.kr/p/P200023144,https://static.hyundailivart.co.kr/upload_mall/goods/P200023144/GM40257618_img.jpg?RS=0X250&CS=250X250&AO=1,2026-08-02T22:30:00+09:00,https://living.hyundailivart.co.kr/p/P200023144
1420,책상/책장,,가구 > 책상/책장,P200023001,리바트,[천연가죽 데스크패드 증정] 조인 1800 서랍형 책상,판매 중,천연가죽 데스크패드 증정,,496000,,https://living.hyundailivart.co.kr/p/P200023001,https://static.hyundailivart.co.kr/upload_mall/goods/P200023001/GM40230048_img.jpg?RS=0X250&CS=250X250&AO=1,2026-08-02T22:30:00+09:00,https://living.hyundailivart.co.kr/p/P200023001
1421,책상/책장,,가구 > 책상/책장,P200022997,리바트,[천연가죽 데스크패드 증정] 조인 1500 서랍형 책상,판매 중,천연가죽 데스크패드 증정,,459000,,https://living.hyundailivart.co.kr/p/P200022997,https://static.hyundailivart.co.kr/upload_mall/goods/P200022997/GM40230125_img.jpg?RS=0X250&CS=250X250&AO=1,2026-08-02T22:30:00+09:00,https://living.hyundailivart.co.kr/p/P200022997
1422,책상/책장,,가구 > 책상/책장,P200022989,리바트,[천연가죽 데스크패드 증정] 조인 1200 서랍형 책상,판매 중,천연가죽 데스크패드 증정,,422000,,https://living.hyundailivart.co.kr/p/P200022989,https://static.hyundailivart.co.kr/upload_mall/goods/P200022989/GM40230153_img.jpg?RS=0X250&CS=250X250&AO=1,2026-08-02T22:30:00+09:00,https://living.hyundailivart.co.kr/p/P200022989
1423,책상/책장,,가구 > 책상/책장,P200022982,리바트,[천연가죽 데스크패드 증정] 조인 1200 책상,판매 중,천연가죽 데스크패드 증정,,205000,,https://living.hyundailivart.co.kr/p/P200022982,https://static.hyundailivart.co.kr/upload_mall/goods/P200022982/GM40230183_img.jpg?RS=0X250&CS=250X250&AO=1,2026-08-02T22:30:00+09:00,https://living.hyundailivart.co.kr/p/P200022982
1424,책상/책장,,가구 > 책상/책장,P200022897,리바트,마이온 400 6단 책장,판매 중,,100,267000122800,54,https://living.hyundailivart.co.kr/p/P200022897,https://static.hyundailivart.co.kr/upload_mall/goods/P200022897/GM40257014_img.jpg?RS=0X250&CS=250X250&AO=1,2026-08-02T22:30:00+09:00,https://living.hyundailivart.co.kr/p/P200022897
1425,책상/책장,,가구 > 책상/책장,P200022891,리바트,마이온 600 5단 책장,판매 중,,100,295000135700,54,https://living.hyundailivart.co.kr/p/P200022891,https://static.hyundailivart.co.kr/upload_mall/goods/P200022891/GM40227956_img.jpg?RS=0X250&CS=250X250&AO=1,2026-08-02T22:30:00+09:00,https://living.hyundailivart.co.kr/p/P200022891
1426,책상/책장,,가구 > 책상/책장,P200022885,리바트,마이온 800 독서실 책상,판매 중,,100,987000454000,54,https://living.hyundailivart.co.kr/p/P200022885,https://static.hyundailivart.co.kr/upload_mall/goods/P200022885/GM40228173_img.jpg?RS=0X250&CS=250X250&AO=1,2026-08-02T22:30:00+09:00,https://living.hyundailivart.co.kr/p/P200022885
1427,책상/책장,,가구 > 책상/책장,P200022882,리바트,마이온 1400 6단 책상장,판매 중,,100,896000412100,54,https://living.hyundailivart.co.kr/p/P200022882,https://static.hyundailivart.co.kr/upload_mall/goods/P200022882/GM40228193_img.jpg?RS=0X250&CS=250X250&AO=1,2026-08-02T22:30:00+09:00,https://living.hyundailivart.co.kr/p/P200022882
1428,책상/책장,,가구 > 책상/책장,P200022879,리바트,마이온 1400 5단 책상장,판매 중,,100,798000367000,54,https://living.hyundailivart.co.kr/p/P200022879,https://static.hyundailivart.co.kr/upload_mall/goods/P200022879/GM40228204_img.jpg?RS=0X250&CS=250X250&AO=1,2026-08-02T22:30:00+09:00,https://living.hyundailivart.co.kr/p/P200022879
1429,책상/책장,,가구 > 책상/책장,P200022870,리바트,마이온 1400 책상(D600),판매 중,,100,324000149000,54,https://living.hyundailivart.co.kr/p/P200022870,https://static.hyundailivart.co.kr/upload_mall/goods/P200022870/GM40228251_img.jpg?RS=0X250&CS=250X250&AO=1,2026-08-02T22:30:00+09:00,https://living.hyundailivart.co.kr/p/P200022870
1430,책상/책장,,가구 > 책상/책장,P100036314,리바트,팝 소가구 드로 2단 책장(연결형),판매 중,,,223000,,https://living.hyundailivart.co.kr/p/P100036314,,2026-08-02T22:30:00+09:00,https://living.hyundailivart.co.kr/p/P100036314
1431,책상/책장,,가구 > 책상/책장,P100031321,리바트,[클리어런스] 프레일 1200 전면책상 우형,판매 중,클리어런스,100,602000299200,50,https://living.hyundailivart.co.kr/p/P100031321,https://static.hyundailivart.co.kr/upload_mall/goods/P100031321/GM41143612_img.jpg?RS=0X250&CS=250X250&AO=1,2026-08-02T22:30:00+09:00,https://living.hyundailivart.co.kr/p/P100031321
1432,책상/책장,,가구 > 책상/책장,P100030864,리바트,[클리어런스] 프레일 원형 스틸메모보드,판매 중,클리어런스,100,8600060800,29,https://living.hyundailivart.co.kr/p/P100030864,https://static.hyundailivart.co.kr/upload_mall/goods/P100030864/C100010617_OPT1.jpg?RS=0X22&CS=22X22&AO=1,2026-08-02T22:30:00+09:00,https://living.hyundailivart.co.kr/p/P100030864
1433,책상/책장,,가구 > 책상/책장,P100030817,리바트,[클리어런스] 프레일 600 5단 일반형 책장,판매 중,클리어런스,100,246000143400,42,https://living.hyundailivart.co.kr/p/P100030817,,2026-08-02T22:30:00+09:00,https://living.hyundailivart.co.kr/p/P100030817
1434,책상/책장,,가구 > 책상/책장,P100030805,리바트,[클리어런스] 프레일 600 5단 수납형 책장,판매 중,클리어런스,100,349000208000,40,https://living.hyundailivart.co.kr/p/P100030805,,2026-08-02T22:30:00+09:00,https://living.hyundailivart.co.kr/p/P100030805
1435,책상/책장,,가구 > 책상/책장,P100030686,리바트,[클리어런스] 프레일 1200 h책상 좌형,판매 중,클리어런스,100,427000202300,53,https://living.hyundailivart.co.kr/p/P100030686,,2026-08-02T22:30:00+09:00,https://living.hyundailivart.co.kr/p/P100030686
1436,책상/책장,,가구 > 책상/책장,P100030667,리바트,[클리어런스] 프레일 1500 스크린보드형 일자책상,판매 중,클리어런스,100,398000228000,43,https://living.hyundailivart.co.kr/p/P100030667,,2026-08-02T22:30:00+09:00,https://living.hyundailivart.co.kr/p/P100030667
1437,책상/책장,,가구 > 책상/책장,P100030649,리바트,[클리어런스] 프레일 1200 스크린보드형 일자책상,판매 중,클리어런스,100,345000195700,43,https://living.hyundailivart.co.kr/p/P100030649,,2026-08-02T22:30:00+09:00,https://living.hyundailivart.co.kr/p/P100030649
1438,책상/책장,,가구 > 책상/책장,P100030623,리바트,[클리어런스] 프레일 1200 일자책상,판매 중,클리어런스,100,248000134900,46,https://living.hyundailivart.co.kr/p/P100030623,,2026-08-02T22:30:00+09:00,https://living.hyundailivart.co.kr/p/P100030623
1439,책상/책장,,가구 > 책상/책장,P100030106,리바트,조인(JOIN) 스틸 800 6단 책장,판매 중,,,326000,,https://living.hyundailivart.co.kr/p/P100030106,,2026-08-02T22:30:00+09:00,https://living.hyundailivart.co.kr/p/P100030106
1440,책상/책장,,가구 > 책상/책장,P100030090,리바트,조인(JOIN) 우드 800 5단 책장 도어형,판매 중,,,432000,,https://living.hyundailivart.co.kr/p/P100030090,,2026-08-02T22:30:00+09:00,https://living.hyundailivart.co.kr/p/P100030090
1441,책상/책장,,가구 > 책상/책장,P100030086,리바트,조인(JOIN) 우드 800 5단 책장 유리도어형,판매 중,,,551000,,https://living.hyundailivart.co.kr/p/P100030086,,2026-08-02T22:30:00+09:00,https://living.hyundailivart.co.kr/p/P100030086
1442,책상/책장,,가구 > 책상/책장,P100030078,리바트,조인(JOIN) 우드 800 5단 책장,판매 중,,,242000,,https://living.hyundailivart.co.kr/p/P100030078,,2026-08-02T22:30:00+09:00,https://living.hyundailivart.co.kr/p/P100030078
1443,책상/책장,,가구 > 책상/책장,P100030074,리바트,조인(JOIN) 우드 400 6단 책장,판매 중,,,195000,,https://living.hyundailivart.co.kr/p/P100030074,,2026-08-02T22:30:00+09:00,https://living.hyundailivart.co.kr/p/P100030074
1444,책상/책장,,가구 > 책상/책장,P100030070,리바트,조인(JOIN) 우드 600 6단책장 서랍장형,판매 중,,,353000,,https://living.hyundailivart.co.kr/p/P100030070,,2026-08-02T22:30:00+09:00,https://living.hyundailivart.co.kr/p/P100030070
1445,책상/책장,,가구 > 책상/책장,P100030058,리바트,조인(JOIN) 우드 800 6단책장 하부/플랩도어형,판매 중,,,425000,,https://living.hyundailivart.co.kr/p/P100030058,,2026-08-02T22:30:00+09:00,https://living.hyundailivart.co.kr/p/P100030058
1446,키즈/주니어,,가구 > 키즈/주니어,P100027013,리바트,[클리어런스] 꼼므 주니어 각도조절 책상세트,판매 중,클리어런스,100,908000460700,49,https://living.hyundailivart.co.kr/p/P100027013,https://static.hyundailivart.co.kr/upload_mall/goods/P100027013/GM10083171_img.jpg?RS=0X250&CS=250X250&AO=1,2026-08-02T22:30:00+09:00,https://living.hyundailivart.co.kr/p/P100027013
1447,책상/책장,,가구 > 책상/책장,P100025572,리바트,[클리어런스] 프렌즈 스틸 2000 5단 책장,판매 중,클리어런스,100,402000319200,21,https://living.hyundailivart.co.kr/p/P100025572,,2026-08-02T22:30:00+09:00,https://living.hyundailivart.co.kr/p/P100025572
1448,책상/책장,,가구 > 책상/책장,P100024022,리바트,[클리어런스] 뉴프렌즈 1200 ㄷ자 책상(강화유리 포함),판매 중,클리어런스,100,160000117800,26,https://living.hyundailivart.co.kr/p/P100024022,,2026-08-02T22:30:00+09:00,https://living.hyundailivart.co.kr/p/P100024022
1449,책상/책장,,가구 > 책상/책장,P100024019,리바트,[클리어런스] 뉴프렌즈 1500 ㄷ자 책상(강화유리 포함),판매 중,클리어런스,100,182000134900,26,https://living.hyundailivart.co.kr/p/P100024019,,2026-08-02T22:30:00+09:00,https://living.hyundailivart.co.kr/p/P100024019
1450,키즈/주니어,,가구 > 키즈/주니어,P100023985,리바트,[클리어런스] 뉴프렌즈 1단 1200 수납장,판매 중,클리어런스,100,143000109200,24,https://living.hyundailivart.co.kr/p/P100023985,,2026-08-02T22:30:00+09:00,https://living.hyundailivart.co.kr/p/P100023985
1451,키즈/주니어,,가구 > 키즈/주니어,P100022866,리바트,[클리어런스] 로넌 2단 600 교구장,판매 중,클리어런스,100,135000120600,11,https://living.hyundailivart.co.kr/p/P100022866,https://static.hyundailivart.co.kr/upload_mall/goods/P100022866/C100006277_OPT1.jpg?RS=0X22&CS=22X22&AO=1,2026-08-02T22:30:00+09:00,https://living.hyundailivart.co.kr/p/P100022866
1452,키즈/주니어,,가구 > 키즈/주니어,P100019960,리바트,"[클리어런스] 800 스마트 조명 (꼼므 주니어, 노하 책상전용)",판매 중,클리어런스,100,124000103500,17,https://living.hyundailivart.co.kr/p/P100019960,https://static.hyundailivart.co.kr/upload_mall/goods/P100019960/GM10056390_img.jpg?RS=0X250&CS=250X250&AO=1,2026-08-02T22:30:00+09:00,https://living.hyundailivart.co.kr/p/P100019960
1453,키즈/주니어,,가구 > 키즈/주니어,P100018353,리바트,[클리어런스] 노하 800 책장,판매 중,클리어런스,100,223000163400,27,https://living.hyundailivart.co.kr/p/P100018353,,2026-08-02T22:30:00+09:00,https://living.hyundailivart.co.kr/p/P100018353
1454,키즈/주니어,,가구 > 키즈/주니어,P100018352,리바트,[클리어런스] 노하 1200 책장,판매 중,클리어런스,100,317000242200,24,https://living.hyundailivart.co.kr/p/P100018352,,2026-08-02T22:30:00+09:00,https://living.hyundailivart.co.kr/p/P100018352
1455,책상/책장,,가구 > 책상/책장,P100014281,리바트,[클리어런스] 프렌즈 소호 컴퓨터 서랍장,판매 중,클리어런스,100,12800096900,24,https://living.hyundailivart.co.kr/p/P100014281,,2026-08-02T22:30:00+09:00,https://living.hyundailivart.co.kr/p/P100014281
1456,의자,,가구 > 의자,P200086559,리바트하움,뉴 테크닉 의자,판매 중,,,335000,,https://living.hyundailivart.co.kr/p/P200086559,https://static.hyundailivart.co.kr/upload_mall/goods/P200086559/GM43995566_img.jpg?RS=0X250&CS=250X250&AO=1,2026-08-02T22:30:00+09:00,https://living.hyundailivart.co.kr/p/P200086559
1457,키즈/주니어,,가구 > 키즈/주니어,P100027524,리바트,[클리어런스] 그로잉 학생 의자 SET (무회전중심봉+일반캐스터) 발받침포함,판매 중,클리어런스,100,280000226100,19,https://living.hyundailivart.co.kr/p/P100027524,https://static.hyundailivart.co.kr/upload_mall/goods/P100027524/GM40980091_img.jpg?RS=0X250&CS=250X250&AO=1,2026-08-02T22:30:00+09:00,https://living.hyundailivart.co.kr/p/P100027524
1458,의자,,가구 > 의자,P200170130,리바트하움,밸리오소 중역의자,판매 중,,,531000,,https://living.hyundailivart.co.kr/p/P200170130,https://static.hyundailivart.co.kr/upload_mall/goods/P200170130/GM43610264_img.jpg?RS=0X250&CS=250X250&AO=1,2026-08-02T22:30:00+09:00,https://living.hyundailivart.co.kr/p/P200170130
1459,키즈/주니어,,가구 > 키즈/주니어,P100030159,리바트,"[클리어런스] 뚜뚜 높이조절 키즈의자 병아리,베어",판매 중,클리어런스,100,175000116800,33,https://living.hyundailivart.co.kr/p/P100030159,https://static.hyundailivart.co.kr/upload_mall/goods/P100030159/GM40463917_img.jpg?RS=0X250&CS=250X250&AO=1,2026-08-02T22:30:00+09:00,https://living.hyundailivart.co.kr/p/P100030159
1460,키즈/주니어,,가구 > 키즈/주니어,P100024297,리바트,볼라벤 학습/서재 의자,판매 중,,100,14100094000,33,https://living.hyundailivart.co.kr/p/P100024297,,2026-08-02T22:30:00+09:00,https://living.hyundailivart.co.kr/p/P100024297
1461,의자,,가구 > 의자,P200012430,리바트하움,1841G 서재의자,판매 중,,,364000,,https://living.hyundailivart.co.kr/p/P200012430,https://static.hyundailivart.co.kr/upload_mall/goods/P200012430/GM43610718_img.jpg?RS=0X250&CS=250X250&AO=1,2026-08-02T22:30:00+09:00,https://living.hyundailivart.co.kr/p/P200012430
1462,의자,,가구 > 의자,P200112541,리바트하움,밸런스 의자,판매 중,,,259000,,https://living.hyundailivart.co.kr/p/P200112541,https://static.hyundailivart.co.kr/upload_mall/goods/P200112541/GM43610276_img.jpg?RS=0X250&CS=250X250&AO=1,2026-08-02T22:30:00+09:00,https://living.hyundailivart.co.kr/p/P200112541
1463,의자,,가구 > 의자,P200194578,리바트하움,아르코 의자 DIY,판매 중,,,357000,,https://living.hyundailivart.co.kr/p/P200194578,https://static.hyundailivart.co.kr/upload_mall/goods/P200194578/GM43812030_img.jpg?RS=0X250&CS=250X250&AO=1,2026-08-02T22:30:00+09:00,https://living.hyundailivart.co.kr/p/P200194578
1464,의자,,가구 > 의자,P200062094,리바트하움,조엘 의자,판매 중,,,163000,,https://living.hyundailivart.co.kr/p/P200062094,https://static.hyundailivart.co.kr/upload_mall/goods/P200062094/GM43610273_img.jpg?RS=0X250&CS=250X250&AO=1,2026-08-02T22:30:00+09:00,https://living.hyundailivart.co.kr/p/P200062094
1465,의자,,가구 > 의자,P200142787,리바트하움,콤피 2단 쿠션 발받침대,판매 중,,,33000,,https://living.hyundailivart.co.kr/p/P200142787,https://static.hyundailivart.co.kr/upload_mall/goods/P200142787/GM43653443_img.jpg?RS=0X250&CS=250X250&AO=1,2026-08-02T22:30:00+09:00,https://living.hyundailivart.co.kr/p/P200142787
1466,의자,,가구 > 의자,P200198083,리바트하움,테크닉 플로우 의자,판매 중,,,352000,,https://living.hyundailivart.co.kr/p/P200198083,https://static.hyundailivart.co.kr/upload_mall/goods/P200198083/GM43947193_img.jpg?RS=0X250&CS=250X250&AO=1,2026-08-02T22:30:00+09:00,https://living.hyundailivart.co.kr/p/P200198083
1467,의자,,가구 > 의자,P200188609,리바트하움,아르코 의자,판매 중,,,368000,,https://living.hyundailivart.co.kr/p/P200188609,https://static.hyundailivart.co.kr/upload_mall/goods/P200188609/GM43642500_img.jpg?RS=0X250&CS=250X250&AO=1,2026-08-02T22:30:00+09:00,https://living.hyundailivart.co.kr/p/P200188609
1468,의자,,가구 > 의자,P200185637,리바트하움,모브 의자 4종,판매 중,,,99000,,https://living.hyundailivart.co.kr/p/P200185637,https://static.hyundailivart.co.kr/upload_mall/goods/P200185637/GM43567368_img.jpg?RS=0X250&CS=250X250&AO=1,2026-08-02T22:30:00+09:00,https://living.hyundailivart.co.kr/p/P200185637
1469,키즈/주니어,,가구 > 키즈/주니어,P100027533,리바트,[클리어런스] 그로잉 학생 의자 SET (회전중심봉+싯브레이크캐스터) 발받침포함,판매 중,클리어런스,100,280000226100,19,https://living.hyundailivart.co.kr/p/P100027533,https://static.hyundailivart.co.kr/upload_mall/goods/P100027533/GM40980692_img.jpg?RS=0X250&CS=250X250&AO=1,2026-08-02T22:30:00+09:00,https://living.hyundailivart.co.kr/p/P100027533
1470,의자,,가구 > 의자,P200062101,리바트하움,메디오 의자,판매 중,,,92000,,https://living.hyundailivart.co.kr/p/P200062101,https://static.hyundailivart.co.kr/upload_mall/goods/P200062101/GM43644238_img.jpg?RS=0X250&CS=250X250&AO=1,2026-08-02T22:30:00+09:00,https://living.hyundailivart.co.kr/p/P200062101
1471,의자,,가구 > 의자,P200194573,리바트하움,밸런스 의자 DIY,판매 중,,,249000,,https://living.hyundailivart.co.kr/p/P200194573,https://static.hyundailivart.co.kr/upload_mall/goods/P200194573/GM43802653_img.jpg?RS=0X250&CS=250X250&AO=1,2026-08-02T22:30:00+09:00,https://living.hyundailivart.co.kr/p/P200194573
1472,의자,,가구 > 의자,P200194570,리바트하움,뉴 테크닉 의자 DIY,판매 중,,,350000,,https://living.hyundailivart.co.kr/p/P200194570,https://static.hyundailivart.co.kr/upload_mall/goods/P200194570/GM43811964_img.jpg?RS=0X250&CS=250X250&AO=1,2026-08-02T22:30:00+09:00,https://living.hyundailivart.co.kr/p/P200194570
1473,의자,,가구 > 의자,P200027581,리바트,리아 베이직 의자 헤드레스트형,판매 중,,100,265000194000,27,https://living.hyundailivart.co.kr/p/P200027581,https://static.hyundailivart.co.kr/upload_mall/goods/P200027581/GM40383920_img.jpg?RS=0X250&CS=250X250&AO=1,2026-08-02T22:30:00+09:00,https://living.hyundailivart.co.kr/p/P200027581
1474,의자,,가구 > 의자,P200015192,리바트하움,PERITZ 의자,판매 중,,,230000,,https://living.hyundailivart.co.kr/p/P200015192,https://static.hyundailivart.co.kr/upload_mall/goods/P200015192/GM43614503_img.jpg?RS=0X250&CS=250X250&AO=1,2026-08-02T22:30:00+09:00,https://living.hyundailivart.co.kr/p/P200015192
1475,의자,,가구 > 의자,P200012577,리바트오피스,세미나 플라스틱의자,판매 중,,,135000,,https://living.hyundailivart.co.kr/p/P200012577,https://static.hyundailivart.co.kr/upload_mall/goods/P200012577/GM43614628_img.jpg?RS=0X250&CS=250X250&AO=1,2026-08-02T22:30:00+09:00,https://living.hyundailivart.co.kr/p/P200012577
1476,키즈/주니어,,가구 > 키즈/주니어,P100027325,리바트,[클리어런스] 그로잉 의자 패브릭 좌판커버,판매 중,클리어런스,100,1600012300,23,https://living.hyundailivart.co.kr/p/P100027325,https://static.hyundailivart.co.kr/upload_mall/goods/P100027325/GM40344507_img.jpg?RS=0X250&CS=250X250&AO=1,2026-08-02T22:30:00+09:00,https://living.hyundailivart.co.kr/p/P100027325
1477,의자,,가구 > 의자,P200198453,리바트하움,아르코 EX 중역의자,판매 중,,,495000,,https://living.hyundailivart.co.kr/p/P200198453,https://static.hyundailivart.co.kr/upload_mall/goods/P200198453/GM43949385_img.jpg?RS=0X250&CS=250X250&AO=1,2026-08-02T22:30:00+09:00,https://living.hyundailivart.co.kr/p/P200198453
1478,키즈/주니어,,가구 > 키즈/주니어,P100027330,리바트,[클리어런스] 그로잉 의자 패브릭 등받이커버,판매 중,클리어런스,100,2000016100,20,https://living.hyundailivart.co.kr/p/P100027330,https://static.hyundailivart.co.kr/upload_mall/goods/P100027330/GM10084470_img.jpg?RS=0X250&CS=250X250&AO=1,2026-08-02T22:30:00+09:00,https://living.hyundailivart.co.kr/p/P100027330
1479,키즈/주니어,,가구 > 키즈/주니어,P100027289,리바트,[클리어런스] 그로잉 학생 의자 (무회전중심봉+일반캐스터),판매 중,클리어런스,100,257000206100,20,https://living.hyundailivart.co.kr/p/P100027289,https://static.hyundailivart.co.kr/upload_mall/goods/P100027289/GM10084271_img.jpg?RS=0X250&CS=250X250&AO=1,2026-08-02T22:30:00+09:00,https://living.hyundailivart.co.kr/p/P100027289
1480,의자,,가구 > 의자,P200027580,리바트,리아 베이직 의자 일반형,판매 중,,100,241000175000,27,https://living.hyundailivart.co.kr/p/P200027580,https://static.hyundailivart.co.kr/upload_mall/goods/P200027580/GM40383843_img.jpg?RS=0X250&CS=250X250&AO=1,2026-08-02T22:30:00+09:00,https://living.hyundailivart.co.kr/p/P200027580
1481,의자,,가구 > 의자,P200195247,리바트하움,[클리어런스] 테크닉 의자,판매 중,클리어런스,,253000,,https://living.hyundailivart.co.kr/p/P200195247,https://static.hyundailivart.co.kr/upload_mall/goods/P200195247/GM43826999_img.jpg?RS=0X250&CS=250X250&AO=1,2026-08-02T22:30:00+09:00,https://living.hyundailivart.co.kr/p/P200195247
1482,의자,,가구 > 의자,P200012621,리바트오피스,T557G 메쉬의자,판매 중,,,228000,,https://living.hyundailivart.co.kr/p/P200012621,https://static.hyundailivart.co.kr/upload_mall/goods/P200012621/GM43614566_img.jpg?RS=0X250&CS=250X250&AO=1,2026-08-02T22:30:00+09:00,https://living.hyundailivart.co.kr/p/P200012621
1483,의자,,가구 > 의자,P100032995,리바트하움,[클리어런스] 보니토의자,판매 중,클리어런스,,44000,,https://living.hyundailivart.co.kr/p/P100032995,https://static.hyundailivart.co.kr/upload_mall/goods/P100032995/GM43610876_img.jpg?RS=0X250&CS=250X250&AO=1,2026-08-02T22:30:00+09:00,https://living.hyundailivart.co.kr/p/P100032995
1484,의자,,가구 > 의자,P200012454,리바트하움,M1812G 다목적의자,판매 중,,,72000,,https://living.hyundailivart.co.kr/p/P200012454,https://static.hyundailivart.co.kr/upload_mall/goods/P200012454/GM43610945_img.jpg?RS=0X250&CS=250X250&AO=1,2026-08-02T22:30:00+09:00,https://living.hyundailivart.co.kr/p/P200012454
1485,의자,,가구 > 의자,P200077296,리바트하움,리프 암체어,판매 중,,,105000,,https://living.hyundailivart.co.kr/p/P200077296,https://static.hyundailivart.co.kr/upload_mall/goods/P200077296/GM43611013_img.jpg?RS=0X250&CS=250X250&AO=1,2026-08-02T22:30:00+09:00,https://living.hyundailivart.co.kr/p/P200077296
1486,의자,,가구 > 의자,P200109375,리바트하움,[클리어런스] 유니온 체어 와이어타입 (좌판패드포함),판매 중,클리어런스,,106000,,https://living.hyundailivart.co.kr/p/P200109375,https://static.hyundailivart.co.kr/upload_mall/goods/P200109375/GM43610646_img.jpg?RS=0X250&CS=250X250&AO=1,2026-08-02T22:30:00+09:00,https://living.hyundailivart.co.kr/p/P200109375
1487,의자,,가구 > 의자,P200198391,리바트하움,테크닉 메쉬 헤드레스트,판매 중,,,36000,,https://living.hyundailivart.co.kr/p/P200198391,https://static.hyundailivart.co.kr/upload_mall/goods/P200198391/GM43948280_img.jpg?RS=0X250&CS=250X250&AO=1,2026-08-02T22:30:00+09:00,https://living.hyundailivart.co.kr/p/P200198391
1488,의자,,가구 > 의자,P200194266,리바트,마이블 의자 회전형,판매 중,,,321000,,https://living.hyundailivart.co.kr/p/P200194266,,2026-08-02T22:30:00+09:00,https://living.hyundailivart.co.kr/p/P200194266
1489,키즈/주니어,,가구 > 키즈/주니어,P200188209,리바트,[클리어런스] 프라임 키즈 높이조절 의자,판매 중,클리어런스,100,266000216600,19,https://living.hyundailivart.co.kr/p/P200188209,https://static.hyundailivart.co.kr/upload_mall/goods/P200188209/GM43648704_img.jpg?RS=0X250&CS=250X250&AO=1,2026-08-02T22:30:00+09:00,https://living.hyundailivart.co.kr/p/P200188209
1490,의자,,가구 > 의자,P200124508,리바트 세계가구,프리즘 우드 스툴,판매 중,,100,10200048400,53,https://living.hyundailivart.co.kr/p/P200124508,https://static.hyundailivart.co.kr/upload_mall/goods/P200124508/GM42533022_img.jpg?RS=0X250&CS=250X250&AO=1,2026-08-02T22:30:00+09:00,https://living.hyundailivart.co.kr/p/P200124508
1491,의자,,가구 > 의자,P200077279,리바트하움,아페롤 의자,판매 중,,,145000,,https://living.hyundailivart.co.kr/p/P200077279,https://static.hyundailivart.co.kr/upload_mall/goods/P200077279/GM43604661_img.jpg?RS=0X250&CS=250X250&AO=1,2026-08-02T22:30:00+09:00,https://living.hyundailivart.co.kr/p/P200077279
1492,키즈/주니어,,가구 > 키즈/주니어,P200029966,리바트,그로잉 학생 의자 DIY,판매 중,,,257000,,https://living.hyundailivart.co.kr/p/P200029966,https://static.hyundailivart.co.kr/upload_mall/goods/P200029966/GM40981251_img.jpg?RS=0X250&CS=250X250&AO=1,2026-08-02T22:30:00+09:00,https://living.hyundailivart.co.kr/p/P200029966
1493,의자,,가구 > 의자,P200012617,리바트오피스,T353G 헤드레스트 메쉬의자,판매 중,,,397000,,https://living.hyundailivart.co.kr/p/P200012617,https://static.hyundailivart.co.kr/upload_mall/goods/P200012617/GM43614267_img.jpg?RS=0X250&CS=250X250&AO=1,2026-08-02T22:30:00+09:00,https://living.hyundailivart.co.kr/p/P200012617
1494,의자,,가구 > 의자,P200012616,리바트오피스,T353G 미들백 메쉬의자,판매 중,,,349000,,https://living.hyundailivart.co.kr/p/P200012616,https://static.hyundailivart.co.kr/upload_mall/goods/P200012616/GM43614257_img.jpg?RS=0X250&CS=250X250&AO=1,2026-08-02T22:30:00+09:00,https://living.hyundailivart.co.kr/p/P200012616
1495,의자,,가구 > 의자,P100036940,리바트오피스,T353G 회의용 메쉬의자,판매 중,,,262000,,https://living.hyundailivart.co.kr/p/P100036940,https://static.hyundailivart.co.kr/upload_mall/goods/P100036940/GM43614012_img.jpg?RS=0X250&CS=250X250&AO=1,2026-08-02T22:30:00+09:00,https://living.hyundailivart.co.kr/p/P100036940
1496,의자,,가구 > 의자,P100036741,리바트오피스,FINE 플라스틱의자,판매 중,,,124000,,https://living.hyundailivart.co.kr/p/P100036741,https://static.hyundailivart.co.kr/upload_mall/goods/P100036741/GM43630188_img.jpg?RS=0X250&CS=250X250&AO=1,2026-08-02T22:30:00+09:00,https://living.hyundailivart.co.kr/p/P100036741
1497,의자,,가구 > 의자,P100036527,리바트오피스,T558 미들백 메쉬의자(일반형),판매 중,,,677000,,https://living.hyundailivart.co.kr/p/P100036527,https://static.hyundailivart.co.kr/upload_mall/goods/P100036527/GM43613928_img.jpg?RS=0X250&CS=250X250&AO=1,2026-08-02T22:30:00+09:00,https://living.hyundailivart.co.kr/p/P100036527
1498,키즈/주니어,,가구 > 키즈/주니어,P100030155,리바트,"[클리어런스] 뚜뚜 높이조절 키즈의자 핑크,블루",판매 중,클리어런스,100,135000106400,21,https://living.hyundailivart.co.kr/p/P100030155,https://static.hyundailivart.co.kr/upload_mall/goods/P100030155/GM40462961_img.jpg?RS=0X250&CS=250X250&AO=1,2026-08-02T22:30:00+09:00,https://living.hyundailivart.co.kr/p/P100030155
1499,의자,,가구 > 의자,P100027335,리바트,[클리어런스] 그로잉 의자 발받침대,판매 중,클리어런스,100,2300021800,5,https://living.hyundailivart.co.kr/p/P100027335,,2026-08-02T22:30:00+09:00,https://living.hyundailivart.co.kr/p/P100027335
1500,키즈/주니어,,가구 > 키즈/주니어,P100027307,리바트,[클리어런스] 그로잉 학생 의자 (회전중심봉+싯브레이크캐스터),판매 중,클리어런스,100,257000206100,20,https://living.hyundailivart.co.kr/p/P100027307,https://static.hyundailivart.co.kr/upload_mall/goods/P100027307/GM40979774_img.jpg?RS=0X250&CS=250X250&AO=1,2026-08-02T22:30:00+09:00,https://living.hyundailivart.co.kr/p/P100027307
1501,의자,,가구 > 의자,P100016126,리바트,마이블 의자 고정형,판매 중,,,333000,,https://living.hyundailivart.co.kr/p/P100016126,,2026-08-02T22:30:00+09:00,https://living.hyundailivart.co.kr/p/P100016126
1502,키즈/주니어,,가구 > 키즈/주니어,P200056283,리바트,[클리어런스] 꼼므 1200 아이책상+의자 세트(화이트/베이지),판매 중,클리어런스,100,265000160500,39,https://living.hyundailivart.co.kr/p/P200056283,https://static.hyundailivart.co.kr/upload_mall/goods/P200056283/GM41045093_img.jpg?RS=0X250&CS=250X250&AO=1,2026-08-02T22:30:00+09:00,https://living.hyundailivart.co.kr/p/P200056283
1503,키즈/주니어,,가구 > 키즈/주니어,P100033548,리바트키즈,블루라벨 집속의 작은집 슈퍼싱글 수납형침대 프레임,판매 중,,100,918000514000,44,https://living.hyundailivart.co.kr/p/P100033548,,2026-08-02T22:30:00+09:00,https://living.hyundailivart.co.kr/p/P100033548
1504,키즈/주니어,,가구 > 키즈/주니어,P200104212,리바트,"[클리어런스] 꼼므 주니어 2단 슬라이딩 수납 침대 (매트,가드 포함)",판매 중,클리어런스,100,13710001120000,18,https://living.hyundailivart.co.kr/p/P200104212,https://static.hyundailivart.co.kr/upload_mall/goods/P200104212/GM42069903_img.jpg?RS=0X250&CS=250X250&AO=1,2026-08-02T22:30:00+09:00,https://living.hyundailivart.co.kr/p/P200104212
1505,키즈/주니어,,가구 > 키즈/주니어,P100029286,리바트키즈,차곡차곡 슈퍼싱글 2층침대 프레임 세트,판매 중,,100,1548000866800,44,https://living.hyundailivart.co.kr/p/P100029286,https://static.hyundailivart.co.kr/upload_mall/goods/P100029286/GM10090420_img.jpg?RS=0X250&CS=250X250&AO=1,2026-08-02T22:30:00+09:00,https://living.hyundailivart.co.kr/p/P100029286
1506,키즈/주니어,,가구 > 키즈/주니어,P100025710,리바트,[클리어런스] 꼼므 길이조절 키즈침대 매트포함,판매 중,클리어런스,100,495000380000,23,https://living.hyundailivart.co.kr/p/P100025710,,2026-08-02T22:30:00+09:00,https://living.hyundailivart.co.kr/p/P100025710
1507,키즈/주니어,,가구 > 키즈/주니어,P100036329,리바트,"[클리어런스] 꼼므 주니어 수납 슈퍼싱글침대 (매트,가드 포함)",판매 중,클리어런스,100,780000672600,14,https://living.hyundailivart.co.kr/p/P100036329,https://static.hyundailivart.co.kr/upload_mall/goods/P100036329/GM10121559_img.jpg?RS=0X250&CS=250X250&AO=1,2026-08-02T22:30:00+09:00,https://living.hyundailivart.co.kr/p/P100036329
1508,키즈/주니어,,가구 > 키즈/주니어,P200025676,리바트키즈,키즈 엔슬립 밀크 슈퍼싱글 SS 매트리스,판매 중,,,312000,,https://living.hyundailivart.co.kr/p/P200025676,https://static.hyundailivart.co.kr/upload_mall/goods/P200025676/GM40371673_img.jpg?RS=0X250&CS=250X250&AO=1,2026-08-02T22:30:00+09:00,https://living.hyundailivart.co.kr/p/P200025676
1509,키즈/주니어,,가구 > 키즈/주니어,P200151704,리바트,[클리어런스] 꼼므 키즈 높은벙커 슈퍼싱글 침대 프레임,판매 중,클리어런스,100,1139000929100,18,https://living.hyundailivart.co.kr/p/P200151704,https://static.hyundailivart.co.kr/upload_mall/goods/P200151704/GM42968873_img.jpg?RS=0X250&CS=250X250&AO=1,2026-08-02T22:30:00+09:00,https://living.hyundailivart.co.kr/p/P200151704
1510,키즈/주니어,,가구 > 키즈/주니어,P100026812,리바트,[클리어런스] 꼼므 주니어 800 서랍형 옷장,판매 중,클리어런스,100,563000356200,37,https://living.hyundailivart.co.kr/p/P100026812,https://static.hyundailivart.co.kr/upload_mall/goods/P100026812/GM42059211_img.jpg?RS=0X250&CS=250X250&AO=1,2026-08-02T22:30:00+09:00,https://living.hyundailivart.co.kr/p/P100026812
1511,키즈/주니어,,가구 > 키즈/주니어,P100022828,리바트,[클리어런스] 스틸메모판세트 600 대형,판매 중,클리어런스,100,5700053200,7,https://living.hyundailivart.co.kr/p/P100022828,,2026-08-02T22:30:00+09:00,https://living.hyundailivart.co.kr/p/P100022828
1512,키즈/주니어,,가구 > 키즈/주니어,P200152307,리바트,[클리어런스] 꼼므 키즈 1200 슬라이딩 책장,판매 중,클리어런스,100,371000239400,35,https://living.hyundailivart.co.kr/p/P200152307,https://static.hyundailivart.co.kr/upload_mall/goods/P200152307/GM42987369_img.jpg?RS=0X250&CS=250X250&AO=1,2026-08-02T22:30:00+09:00,https://living.hyundailivart.co.kr/p/P200152307
1513,키즈/주니어,,가구 > 키즈/주니어,P200195211,리바트,[클리어런스] 프라임 키즈 각도높이조절 책상+의자+데스크패드 세트,판매 중,클리어런스,100,771000583300,24,https://living.hyundailivart.co.kr/p/P200195211,https://static.hyundailivart.co.kr/upload_mall/goods/P200195211/GM44087459_img.jpg?RS=0X250&CS=250X250&AO=1,2026-08-02T22:30:00+09:00,https://living.hyundailivart.co.kr/p/P200195211
1514,키즈/주니어,,가구 > 키즈/주니어,P100017513,리바트키즈,집속의 작은집 슈퍼싱글 수납형침대 프레임,판매 중,,100,918000514000,44,https://living.hyundailivart.co.kr/p/P100017513,,2026-08-02T22:30:00+09:00,https://living.hyundailivart.co.kr/p/P100017513
1515,키즈/주니어,,가구 > 키즈/주니어,P200152049,리바트,[클리어런스] 꼼므 키즈 2단 트롤리 책장,판매 중,클리어런스,100,12100088300,27,https://living.hyundailivart.co.kr/p/P200152049,https://static.hyundailivart.co.kr/upload_mall/goods/P200152049/GM42987267_img.jpg?RS=0X250&CS=250X250&AO=1,2026-08-02T22:30:00+09:00,https://living.hyundailivart.co.kr/p/P200152049
1516,키즈/주니어,,가구 > 키즈/주니어,P200152289,리바트,[클리어런스] 꼼므 키즈 3단 1200 칸막이 책장,판매 중,클리어런스,100,272000198500,27,https://living.hyundailivart.co.kr/p/P200152289,https://static.hyundailivart.co.kr/upload_mall/goods/P200152289/GM42987359_img.jpg?RS=0X250&CS=250X250&AO=1,2026-08-02T22:30:00+09:00,https://living.hyundailivart.co.kr/p/P200152289
1517,키즈/주니어,,가구 > 키즈/주니어,P200153164,리바트,[클리어런스] 꼼므 키즈 5단 서랍장,판매 중,클리어런스,100,404000361000,11,https://living.hyundailivart.co.kr/p/P200153164,https://static.hyundailivart.co.kr/upload_mall/goods/P200153164/GM42990753_img.jpg?RS=0X250&CS=250X250&AO=1,2026-08-02T22:30:00+09:00,https://living.hyundailivart.co.kr/p/P200153164
1518,키즈/주니어,,가구 > 키즈/주니어,P100022047,리바트,[클리어런스] 프렌즈아이 마카롱 2x5 수납장 슬림형,판매 중,클리어런스,100,285000157700,45,https://living.hyundailivart.co.kr/p/P100022047,https://static.hyundailivart.co.kr/upload_mall/goods/P100022047/GM41114353_img.jpg?RS=0X250&CS=250X250&AO=1,2026-08-02T22:30:00+09:00,https://living.hyundailivart.co.kr/p/P100022047
1519,키즈/주니어,,가구 > 키즈/주니어,P100021863,리바트,[클리어런스] 프렌즈아이 1200 슬라이딩전면책장,판매 중,클리어런스,100,333000246000,26,https://living.hyundailivart.co.kr/p/P100021863,https://static.hyundailivart.co.kr/upload_mall/goods/P100021863/GM41091908_img.jpg?RS=0X250&CS=250X250&AO=1,2026-08-02T22:30:00+09:00,https://living.hyundailivart.co.kr/p/P100021863
1520,키즈/주니어,,가구 > 키즈/주니어,P200152310,리바트,[클리어런스] 꼼므 키즈 1800 슬라이딩 책장,판매 중,클리어런스,100,494000316300,36,https://living.hyundailivart.co.kr/p/P200152310,https://static.hyundailivart.co.kr/upload_mall/goods/P200152310/GM42987379_img.jpg?RS=0X250&CS=250X250&AO=1,2026-08-02T22:30:00+09:00,https://living.hyundailivart.co.kr/p/P200152310
1521,키즈/주니어,,가구 > 키즈/주니어,P200059984,리바트키즈,몰리 키즈 서랍형/일반형 침대,판매 중,,100,917000467600,49,https://living.hyundailivart.co.kr/p/P200059984,https://static.hyundailivart.co.kr/upload_mall/goods/P200059984/GM41139097_img.jpg?RS=0X250&CS=250X250&AO=1,2026-08-02T22:30:00+09:00,https://living.hyundailivart.co.kr/p/P200059984
1522,키즈/주니어,,가구 > 키즈/주니어,P200196537,리바트,[클리어런스] 프라임 키즈 각도높이조절 콘센트형 컴팩트 책상+의자+데스크패드 세트,판매 중,클리어런스,100,793000583300,26,https://living.hyundailivart.co.kr/p/P200196537,https://static.hyundailivart.co.kr/upload_mall/goods/P200196537/GM43875889_img.jpg?RS=0X250&CS=250X250&AO=1,2026-08-02T22:30:00+09:00,https://living.hyundailivart.co.kr/p/P200196537
1523,키즈/주니어,,가구 > 키즈/주니어,P100033549,리바트키즈,블루라벨 차곡차곡 4단 서랍장 화이트,판매 중,,100,471000263700,44,https://living.hyundailivart.co.kr/p/P100033549,,2026-08-02T22:30:00+09:00,https://living.hyundailivart.co.kr/p/P100033549
1524,키즈/주니어,,가구 > 키즈/주니어,P200152202,리바트,[클리어런스] 꼼므 키즈 3단 800 칸막이 책장,판매 중,클리어런스,100,200000144400,28,https://living.hyundailivart.co.kr/p/P200152202,https://static.hyundailivart.co.kr/upload_mall/goods/P200152202/GM43007155_img.jpg?RS=0X250&CS=250X250&AO=1,2026-08-02T22:30:00+09:00,https://living.hyundailivart.co.kr/p/P200152202
1525,키즈/주니어,,가구 > 키즈/주니어,P100030175,리바트,"[클리어런스] 뚜뚜 키즈책상의자세트 병아리,베어",판매 중,클리어런스,100,281000205200,27,https://living.hyundailivart.co.kr/p/P100030175,https://static.hyundailivart.co.kr/upload_mall/goods/P100030175/GM41174315_img.jpg?RS=0X250&CS=250X250&AO=1,2026-08-02T22:30:00+09:00,https://living.hyundailivart.co.kr/p/P100030175
1526,키즈/주니어,,가구 > 키즈/주니어,P200191494,리바트,[클리어런스] 앤모어 침대 액세서리,판매 중,클리어런스,100,4600037000,20,https://living.hyundailivart.co.kr/p/P200191494,https://static.hyundailivart.co.kr/upload_mall/goods/P200191494/GM43740558_img.jpg?RS=0X250&CS=250X250&AO=1,2026-08-02T22:30:00+09:00,https://living.hyundailivart.co.kr/p/P200191494
1527,키즈/주니어,,가구 > 키즈/주니어,P200152208,리바트,[클리어런스] 꼼므 키즈 800 수납박스,판매 중,클리어런스,100,9500070300,26,https://living.hyundailivart.co.kr/p/P200152208,https://static.hyundailivart.co.kr/upload_mall/goods/P200152208/GM42987349_img.jpg?RS=0X250&CS=250X250&AO=1,2026-08-02T22:30:00+09:00,https://living.hyundailivart.co.kr/p/P200152208
1528,키즈/주니어,,가구 > 키즈/주니어,P100031043,리바트,[클리어런스] 꼼므 키즈 낮은벙커 슈퍼싱글 침대 프레임,판매 중,클리어런스,100,1255000938600,25,https://living.hyundailivart.co.kr/p/P100031043,https://static.hyundailivart.co.kr/upload_mall/goods/P100031043/GM42651631_img.jpg?RS=0X250&CS=250X250&AO=1,2026-08-02T22:30:00+09:00,https://living.hyundailivart.co.kr/p/P100031043
1529,키즈/주니어,,가구 > 키즈/주니어,P200152470,리바트,[클리어런스] 꼼므 키즈 1800 슬라이딩+칸막이책장,판매 중,클리어런스,100,707000466400,34,https://living.hyundailivart.co.kr/p/P200152470,https://static.hyundailivart.co.kr/upload_mall/goods/P200152470/GM42987450_img.jpg?RS=0X250&CS=250X250&AO=1,2026-08-02T22:30:00+09:00,https://living.hyundailivart.co.kr/p/P200152470
1530,키즈/주니어,,가구 > 키즈/주니어,P100022089,리바트,[클리어런스] 프렌즈아이 마카롱 3x5 수납장 슬림형,판매 중,클리어런스,100,429000209900,51,https://living.hyundailivart.co.kr/p/P100022089,https://static.hyundailivart.co.kr/upload_mall/goods/P100022089/GM41113866_img.jpg?RS=0X250&CS=250X250&AO=1,2026-08-02T22:30:00+09:00,https://living.hyundailivart.co.kr/p/P100022089
1531,키즈/주니어,,가구 > 키즈/주니어,P100022138,리바트,[클리어런스] 프렌즈아이 마카롱 옷장 서랍장,판매 중,클리어런스,100,372000270700,27,https://living.hyundailivart.co.kr/p/P100022138,,2026-08-02T22:30:00+09:00,https://living.hyundailivart.co.kr/p/P100022138
1532,키즈/주니어,,가구 > 키즈/주니어,P200056684,리바트,[클리어런스] 꼼므 800 아이책상+의자 세트,판매 중,클리어런스,100,206000152900,26,https://living.hyundailivart.co.kr/p/P200056684,https://static.hyundailivart.co.kr/upload_mall/goods/P200056684/GM41059032_img.jpg?RS=0X250&CS=250X250&AO=1,2026-08-02T22:30:00+09:00,https://living.hyundailivart.co.kr/p/P200056684
1533,키즈/주니어,,가구 > 키즈/주니어,P200152200,리바트,[클리어런스] 꼼므 키즈 3단 반원 책장,판매 중,클리어런스,100,11800087400,26,https://living.hyundailivart.co.kr/p/P200152200,https://static.hyundailivart.co.kr/upload_mall/goods/P200152200/GM42987493_img.jpg?RS=0X250&CS=250X250&AO=1,2026-08-02T22:30:00+09:00,https://living.hyundailivart.co.kr/p/P200152200
1534,키즈/주니어,,가구 > 키즈/주니어,P100017492,리바트키즈,뛰뛰 키즈 레이싱카 슈퍼싱글침대 프레임,판매 중,,,687000,,https://living.hyundailivart.co.kr/p/P100017492,,2026-08-02T22:30:00+09:00,https://living.hyundailivart.co.kr/p/P100017492
1535,키즈/주니어,,가구 > 키즈/주니어,P100025447,리바트키즈,숲속의 오두막 슈퍼싱글 2층수납형침대 프레임,판매 중,,100,1285000719600,44,https://living.hyundailivart.co.kr/p/P100025447,https://static.hyundailivart.co.kr/upload_mall/goods/P100025447/GM40321080_img.jpg?RS=0X250&CS=250X250&AO=1,2026-08-02T22:30:00+09:00,https://living.hyundailivart.co.kr/p/P100025447
1536,키즈/주니어,,가구 > 키즈/주니어,P200057996,리바트키즈,몰리 키즈 벙커침대,판매 중,,100,1437000732800,49,https://living.hyundailivart.co.kr/p/P200057996,https://static.hyundailivart.co.kr/upload_mall/goods/P200057996/GM41093790_img.jpg?RS=0X250&CS=250X250&AO=1,2026-08-02T22:30:00+09:00,https://living.hyundailivart.co.kr/p/P200057996
1537,키즈/주니어,,가구 > 키즈/주니어,P200152201,리바트,[클리어런스] 꼼므 키즈 3단 800 책장,판매 중,클리어런스,100,147000107300,27,https://living.hyundailivart.co.kr/p/P200152201,https://static.hyundailivart.co.kr/upload_mall/goods/P200152201/GM42987483_img.jpg?RS=0X250&CS=250X250&AO=1,2026-08-02T22:30:00+09:00,https://living.hyundailivart.co.kr/p/P200152201
1538,키즈/주니어,,가구 > 키즈/주니어,P100022876,리바트,[클리어런스] 로넌 800 옷장,판매 중,클리어런스,100,405000323000,20,https://living.hyundailivart.co.kr/p/P100022876,,2026-08-02T22:30:00+09:00,https://living.hyundailivart.co.kr/p/P100022876
1539,키즈/주니어,,가구 > 키즈/주니어,P200051100,리바트,"[클리어런스] 뚜뚜 키즈책상의자세트 시바,냥이",판매 중,클리어런스,100,281000205200,27,https://living.hyundailivart.co.kr/p/P200051100,https://static.hyundailivart.co.kr/upload_mall/goods/P200051100/GM40947086_img.jpg?RS=0X250&CS=250X250&AO=1,2026-08-02T22:30:00+09:00,https://living.hyundailivart.co.kr/p/P200051100
1540,키즈/주니어,,가구 > 키즈/주니어,P100022133,리바트,[클리어런스] 프렌즈아이 1800 슬라이딩전면책장,판매 중,클리어런스,100,425000310600,27,https://living.hyundailivart.co.kr/p/P100022133,https://static.hyundailivart.co.kr/upload_mall/goods/P100022133/GM41090696_img.jpg?RS=0X250&CS=250X250&AO=1,2026-08-02T22:30:00+09:00,https://living.hyundailivart.co.kr/p/P100022133
1541,키즈/주니어,,가구 > 키즈/주니어,P200152205,리바트,[클리어런스] 꼼므 키즈 3단 1600 책장,판매 중,클리어런스,100,272000198500,27,https://living.hyundailivart.co.kr/p/P200152205,https://static.hyundailivart.co.kr/upload_mall/goods/P200152205/GM42987329_img.jpg?RS=0X250&CS=250X250&AO=1,2026-08-02T22:30:00+09:00,https://living.hyundailivart.co.kr/p/P200152205
1542,키즈/주니어,,가구 > 키즈/주니어,P200152207,리바트,[클리어런스] 꼼므 키즈 3단 2400 책장,판매 중,클리어런스,100,391000286900,27,https://living.hyundailivart.co.kr/p/P200152207,https://static.hyundailivart.co.kr/upload_mall/goods/P200152207/GM42987339_img.jpg?RS=0X250&CS=250X250&AO=1,2026-08-02T22:30:00+09:00,https://living.hyundailivart.co.kr/p/P200152207
1543,키즈/주니어,,가구 > 키즈/주니어,P200014207,리바트,[클리어런스] 노하 3단 서랍,판매 중,클리어런스,100,224000136800,39,https://living.hyundailivart.co.kr/p/P200014207,https://static.hyundailivart.co.kr/upload_mall/goods/P200014207/GM40107288_img.jpg?RS=0X250&CS=250X250&AO=1,2026-08-02T22:30:00+09:00,https://living.hyundailivart.co.kr/p/P200014207
1544,키즈/주니어,,가구 > 키즈/주니어,P200144654,리바트,뉴루디 800 옷장(2단서랍형),판매 중,,,553000,,https://living.hyundailivart.co.kr/p/P200144654,https://static.hyundailivart.co.kr/upload_mall/goods/P200144654/GM42855827_img.jpg?RS=0X250&CS=250X250&AO=1,2026-08-02T22:30:00+09:00,https://living.hyundailivart.co.kr/p/P200144654
1545,키즈/주니어,,가구 > 키즈/주니어,P200124512,리바트 세계가구,[클리어런스] 프리즘 3단수납,판매 중,클리어런스,100,415000189000,54,https://living.hyundailivart.co.kr/p/P200124512,https://static.hyundailivart.co.kr/upload_mall/goods/P200124512/2.png?RS=0X250&CS=250X250&AO=1,2026-08-02T22:30:00+09:00,https://living.hyundailivart.co.kr/p/P200124512
1546,키즈/주니어,,가구 > 키즈/주니어,P200099509,리바트,[클리어런스] 꼼므 어린이 각도조절책상세트,판매 중,클리어런스,100,325000278300,14,https://living.hyundailivart.co.kr/p/P200099509,https://static.hyundailivart.co.kr/upload_mall/goods/P200099509/GM42057153_img.jpg?RS=0X250&CS=250X250&AO=1,2026-08-02T22:30:00+09:00,https://living.hyundailivart.co.kr/p/P200099509
1547,키즈/주니어,,가구 > 키즈/주니어,P200025502,리바트키즈,차곡차곡 4단 서랍장,판매 중,,100,471000263700,44,https://living.hyundailivart.co.kr/p/P200025502,https://static.hyundailivart.co.kr/upload_mall/goods/P200025502/GM40312861_img.jpg?RS=0X250&CS=250X250&AO=1,2026-08-02T22:30:00+09:00,https://living.hyundailivart.co.kr/p/P200025502
1548,키즈/주니어,,가구 > 키즈/주니어,P100033552,리바트키즈,블루라벨 암스테르담 옷장,판매 중,,,362000,,https://living.hyundailivart.co.kr/p/P100033552,,2026-08-02T22:30:00+09:00,https://living.hyundailivart.co.kr/p/P100033552
1549,키즈/주니어,,가구 > 키즈/주니어,P200144629,리바트,뉴루디 1200 5단 슬라이딩 책장,판매 중,,,597000,,https://living.hyundailivart.co.kr/p/P200144629,https://static.hyundailivart.co.kr/upload_mall/goods/P200144629/GM42855226_img.jpg?RS=0X250&CS=250X250&AO=1,2026-08-02T22:30:00+09:00,https://living.hyundailivart.co.kr/p/P200144629
1550,키즈/주니어,,가구 > 키즈/주니어,P200056973,리바트키즈,몰리 키즈 3x5 수납장 슬림형,판매 중,,100,468000238600,49,https://living.hyundailivart.co.kr/p/P200056973,https://static.hyundailivart.co.kr/upload_mall/goods/P200056973/GM41090109_img.jpg?RS=0X250&CS=250X250&AO=1,2026-08-02T22:30:00+09:00,https://living.hyundailivart.co.kr/p/P200056973
1551,키즈/주니어,,가구 > 키즈/주니어,P200049463,리바트,"[클리어런스] 뚜뚜 높이조절 키즈의자 시바,냥이",판매 중,클리어런스,100,175000116800,33,https://living.hyundailivart.co.kr/p/P200049463,https://static.hyundailivart.co.kr/upload_mall/goods/P200049463/GM43723051_img.jpg?RS=0X250&CS=250X250&AO=1,2026-08-02T22:30:00+09:00,https://living.hyundailivart.co.kr/p/P200049463
1552,키즈/주니어,,가구 > 키즈/주니어,P200195828,리바트,에이블 스마트 의자,판매 중,,,230000,,https://living.hyundailivart.co.kr/p/P200195828,https://static.hyundailivart.co.kr/upload_mall/goods/P200195828/GM43881628_img.jpg?RS=0X250&CS=250X250&AO=1,2026-08-02T22:30:00+09:00,https://living.hyundailivart.co.kr/p/P200195828
1553,키즈/주니어,,가구 > 키즈/주니어,P100022953,리바트,스마트 데스크 패드 (북서포터 포함),판매 중,,,66000,,https://living.hyundailivart.co.kr/p/P100022953,,2026-08-02T22:30:00+09:00,https://living.hyundailivart.co.kr/p/P100022953
1554,키즈/주니어,,가구 > 키즈/주니어,P100033578,리바트키즈,블루라벨 집과책나무 1200 수납책장,판매 중,,100,279000156200,44,https://living.hyundailivart.co.kr/p/P100033578,,2026-08-02T22:30:00+09:00,https://living.hyundailivart.co.kr/p/P100033578
1555,키즈/주니어,,가구 > 키즈/주니어,P200195734,리바트,[클리어런스] 프라임 의자 어린이용 플러스 스마트 의자 베이지,판매 중,클리어런스,100,263000216600,18,https://living.hyundailivart.co.kr/p/P200195734,https://static.hyundailivart.co.kr/upload_mall/goods/P200195734/GM43847322_img.jpg?RS=0X250&CS=250X250&AO=1,2026-08-02T22:30:00+09:00,https://living.hyundailivart.co.kr/p/P200195734
1556,키즈/주니어,,가구 > 키즈/주니어,P200057049,리바트키즈,몰리 키즈 1200 아치형 벤치 수납장(쿠션별도),판매 중,,100,771000393200,49,https://living.hyundailivart.co.kr/p/P200057049,https://static.hyundailivart.co.kr/upload_mall/goods/P200057049/GM41079543_img.jpg?RS=0X250&CS=250X250&AO=1,2026-08-02T22:30:00+09:00,https://living.hyundailivart.co.kr/p/P200057049
1557,키즈/주니어,,가구 > 키즈/주니어,P200195251,리바트,[클리어런스] 텔츠 토들러 유아매트 200 X 240,판매 중,클리어런스,100,555000405600,27,https://living.hyundailivart.co.kr/p/P200195251,https://static.hyundailivart.co.kr/upload_mall/goods/P200195251/GM43855711_img.jpg?RS=0X250&CS=250X250&AO=1,2026-08-02T22:30:00+09:00,https://living.hyundailivart.co.kr/p/P200195251
1558,키즈/주니어,,가구 > 키즈/주니어,P200133986,리바트,[클리어런스] 꼼므 키즈 슈퍼싱글 침대 프레임,판매 중,클리어런스,100,429000369500,14,https://living.hyundailivart.co.kr/p/P200133986,https://static.hyundailivart.co.kr/upload_mall/goods/P200133986/GM42699962_img.jpg?RS=0X250&CS=250X250&AO=1,2026-08-02T22:30:00+09:00,https://living.hyundailivart.co.kr/p/P200133986
1559,키즈/주니어,,가구 > 키즈/주니어,P200144657,리바트,[천연가죽 데스크패드 증정] 뉴루디 1200 일반책상,판매 중,천연가죽 데스크패드 증정,,368000,,https://living.hyundailivart.co.kr/p/P200144657,https://static.hyundailivart.co.kr/upload_mall/goods/P200144657/GM42855857_img.jpg?RS=0X250&CS=250X250&AO=1,2026-08-02T22:30:00+09:00,https://living.hyundailivart.co.kr/p/P200144657
1560,키즈/주니어,,가구 > 키즈/주니어,P200153198,리바트,[클리어런스] 꼼므 키즈 낮은 옷장,판매 중,클리어런스,100,210000180500,14,https://living.hyundailivart.co.kr/p/P200153198,https://static.hyundailivart.co.kr/upload_mall/goods/P200153198/GM42990763_img.jpg?RS=0X250&CS=250X250&AO=1,2026-08-02T22:30:00+09:00,https://living.hyundailivart.co.kr/p/P200153198
1561,키즈/주니어,,가구 > 키즈/주니어,P100033577,리바트키즈,블루라벨 집과 책나무 집모양 책장(소),판매 중,,100,204000114200,44,https://living.hyundailivart.co.kr/p/P100033577,,2026-08-02T22:30:00+09:00,https://living.hyundailivart.co.kr/p/P100033577
1562,키즈/주니어,,가구 > 키즈/주니어,P100026488,리바트,[클리어런스] 꼼므 아이의자,판매 중,클리어런스,100,3700034200,8,https://living.hyundailivart.co.kr/p/P100026488,,2026-08-02T22:30:00+09:00,https://living.hyundailivart.co.kr/p/P100026488
1563,키즈/주니어,,가구 > 키즈/주니어,P100031018,리바트,뉴꼼므 키즈 전면책상,판매 중,,100,199000175000,12,https://living.hyundailivart.co.kr/p/P100031018,https://static.hyundailivart.co.kr/upload_mall/goods/P100031018/GM10096830_img.jpg?RS=0X250&CS=250X250&AO=1,2026-08-02T22:30:00+09:00,https://living.hyundailivart.co.kr/p/P100031018
1564,키즈/주니어,,가구 > 키즈/주니어,P100031245,리바트키즈,달콩크림빵 2인소파 그레이,판매 중,,,351000,,https://living.hyundailivart.co.kr/p/P100031245,,2026-08-02T22:30:00+09:00,https://living.hyundailivart.co.kr/p/P100031245
1565,키즈/주니어,,가구 > 키즈/주니어,P200152430,리바트,[클리어런스] 꼼므 키즈 1200 슬라이딩+800 책장,판매 중,클리어런스,100,537000353400,34,https://living.hyundailivart.co.kr/p/P200152430,https://static.hyundailivart.co.kr/upload_mall/goods/P200152430/GM42987389_img.jpg?RS=0X250&CS=250X250&AO=1,2026-08-02T22:30:00+09:00,https://living.hyundailivart.co.kr/p/P200152430
1566,키즈/주니어,,가구 > 키즈/주니어,P200176198,리바트,코이 일반 책상,판매 중,,100,266000132000,50,https://living.hyundailivart.co.kr/p/P200176198,https://static.hyundailivart.co.kr/upload_mall/goods/P200176198/GM43408667_img.jpg?RS=0X250&CS=250X250&AO=1,2026-08-02T22:30:00+09:00,https://living.hyundailivart.co.kr/p/P200176198
1567,키즈/주니어,,가구 > 키즈/주니어,P200198021,리바트,[클리어런스] 프라임 키즈 클램프 조명,판매 중,클리어런스,100,154000108300,30,https://living.hyundailivart.co.kr/p/P200198021,https://static.hyundailivart.co.kr/upload_mall/goods/P200198021/GM43935966_img.jpg?RS=0X250&CS=250X250&AO=1,2026-08-02T22:30:00+09:00,https://living.hyundailivart.co.kr/p/P200198021
1568,키즈/주니어,,가구 > 키즈/주니어,P100029021,리바트,[클리어런스] 꼼므 1200 아이책상+의자 세트(핑크/블루),판매 중,클리어런스,100,265000160500,39,https://living.hyundailivart.co.kr/p/P100029021,,2026-08-02T22:30:00+09:00,https://living.hyundailivart.co.kr/p/P100029021
1569,키즈/주니어,,가구 > 키즈/주니어,P100033581,리바트키즈,블루라벨 차곡차곡 슈퍼싱글침대 프레임,판매 중,,100,570000319200,44,https://living.hyundailivart.co.kr/p/P100033581,,2026-08-02T22:30:00+09:00,https://living.hyundailivart.co.kr/p/P100033581
1570,키즈/주니어,,가구 > 키즈/주니어,P200152061,리바트,[클리어런스] 꼼므 키즈 3단 800 칸막이 책장 (깊은수납장),판매 중,클리어런스,100,213000155800,27,https://living.hyundailivart.co.kr/p/P200152061,https://static.hyundailivart.co.kr/upload_mall/goods/P200152061/GM42987287_img.jpg?RS=0X250&CS=250X250&AO=1,2026-08-02T22:30:00+09:00,https://living.hyundailivart.co.kr/p/P200152061
1571,키즈/주니어,,가구 > 키즈/주니어,P200188610,리바트,[클리어런스] 프라임 키즈 책상 데스크패드,판매 중,클리어런스,100,6600058900,11,https://living.hyundailivart.co.kr/p/P200188610,https://static.hyundailivart.co.kr/upload_mall/goods/P200188610/GM43663704_img.jpg?RS=0X250&CS=250X250&AO=1,2026-08-02T22:30:00+09:00,https://living.hyundailivart.co.kr/p/P200188610
1572,키즈/주니어,,가구 > 키즈/주니어,P200152047,리바트,[클리어런스] 꼼므 키즈 3단 반원 책장(깊은수납장),판매 중,클리어런스,100,137000100700,26,https://living.hyundailivart.co.kr/p/P200152047,https://static.hyundailivart.co.kr/upload_mall/goods/P200152047/GM42987241_img.jpg?RS=0X250&CS=250X250&AO=1,2026-08-02T22:30:00+09:00,https://living.hyundailivart.co.kr/p/P200152047
1573,키즈/주니어,,가구 > 키즈/주니어,P200027012,리바트,뉴리브로 6단 스틸 책장(600/800),판매 중,,100,477000219400,54,https://living.hyundailivart.co.kr/p/P200027012,https://static.hyundailivart.co.kr/upload_mall/goods/P200027012/GM40355922_img.jpg?RS=0X250&CS=250X250&AO=1,2026-08-02T22:30:00+09:00,https://living.hyundailivart.co.kr/p/P200027012
1574,키즈/주니어,,가구 > 키즈/주니어,P200152090,리바트,[클리어런스] 꼼므 키즈 2단 800 책장,판매 중,클리어런스,100,12300090200,27,https://living.hyundailivart.co.kr/p/P200152090,https://static.hyundailivart.co.kr/upload_mall/goods/P200152090/GM42987648_img.jpg?RS=0X250&CS=250X250&AO=1,2026-08-02T22:30:00+09:00,https://living.hyundailivart.co.kr/p/P200152090
1575,키즈/주니어,,가구 > 키즈/주니어,P200061448,리바트,[클리어런스] 뚜뚜 높이조절 키즈책상,판매 중,클리어런스,100,10600093100,12,https://living.hyundailivart.co.kr/p/P200061448,https://static.hyundailivart.co.kr/upload_mall/goods/P200061448/GM41168982_img.jpg?RS=0X250&CS=250X250&AO=1,2026-08-02T22:30:00+09:00,https://living.hyundailivart.co.kr/p/P200061448
1576,키즈/주니어,,가구 > 키즈/주니어,P200057023,리바트키즈,몰리 키즈 3x5 오픈박스형 수납장,판매 중,,100,528000269200,49,https://living.hyundailivart.co.kr/p/P200057023,https://static.hyundailivart.co.kr/upload_mall/goods/P200057023/GM41078934_img.jpg?RS=0X250&CS=250X250&AO=1,2026-08-02T22:30:00+09:00,https://living.hyundailivart.co.kr/p/P200057023
1577,키즈/주니어,,가구 > 키즈/주니어,P200152048,리바트,[클리어런스] 꼼므 키즈 1200 전면책장,판매 중,클리어런스,100,181000132000,27,https://living.hyundailivart.co.kr/p/P200152048,https://static.hyundailivart.co.kr/upload_mall/goods/P200152048/GM42987257_img.jpg?RS=0X250&CS=250X250&AO=1,2026-08-02T22:30:00+09:00,https://living.hyundailivart.co.kr/p/P200152048
1578,키즈/주니어,,가구 > 키즈/주니어,P200151182,리바트,[클리어런스] 로넌 침대 안전 가드,판매 중,클리어런스,100,7200047500,34,https://living.hyundailivart.co.kr/p/P200151182,https://static.hyundailivart.co.kr/upload_mall/goods/P200151182/GM42953802_img.jpg?RS=0X250&CS=250X250&AO=1,2026-08-02T22:30:00+09:00,https://living.hyundailivart.co.kr/p/P200151182
1579,키즈/주니어,,가구 > 키즈/주니어,P200152058,리바트,[클리어런스] 꼼므 키즈 3단 800 책장 (깊은수납장),판매 중,클리어런스,100,166000121600,27,https://living.hyundailivart.co.kr/p/P200152058,https://static.hyundailivart.co.kr/upload_mall/goods/P200152058/GM42987277_img.jpg?RS=0X250&CS=250X250&AO=1,2026-08-02T22:30:00+09:00,https://living.hyundailivart.co.kr/p/P200152058
1580,키즈/주니어,,가구 > 키즈/주니어,P100026508,리바트,[클리어런스] 꼼므 유아 하부수납장,판매 중,클리어런스,100,139000121600,13,https://living.hyundailivart.co.kr/p/P100026508,,2026-08-02T22:30:00+09:00,https://living.hyundailivart.co.kr/p/P100026508
1581,키즈/주니어,,가구 > 키즈/주니어,P100015025,리바트,[클리어런스] 꼼므 이동 행거,판매 중,클리어런스,100,143000122500,14,https://living.hyundailivart.co.kr/p/P100015025,https://static.hyundailivart.co.kr/upload_mall/goods/P100015025/GM10039574_img.jpg?RS=0X250&CS=250X250&AO=1,2026-08-02T22:30:00+09:00,https://living.hyundailivart.co.kr/p/P100015025
1582,키즈/주니어,,가구 > 키즈/주니어,P200195303,리바트 세계가구,[클리어런스] 피노 토들러 높이조절 사각 책상,판매 중,클리어런스,,116000,,https://living.hyundailivart.co.kr/p/P200195303,https://static.hyundailivart.co.kr/upload_mall/goods/P200195303/GM43848877_img.jpg?RS=0X250&CS=250X250&AO=1,2026-08-02T22:30:00+09:00,https://living.hyundailivart.co.kr/p/P200195303
1583,키즈/주니어,,가구 > 키즈/주니어,P200019373,리바트키즈,블루라벨 차곡차곡 수납박스(가로형/소),판매 중,,100,3000016800,44,https://living.hyundailivart.co.kr/p/P200019373,https://static.hyundailivart.co.kr/upload_mall/goods/P200019373/GM40136718_img.jpg?RS=0X250&CS=250X250&AO=1,2026-08-02T22:30:00+09:00,https://living.hyundailivart.co.kr/p/P200019373
1584,키즈/주니어,,가구 > 키즈/주니어,P100029272,리바트키즈,차곡차곡 2X5 수납장프레임 (수납박스별도),판매 중,,100,14500081200,44,https://living.hyundailivart.co.kr/p/P100029272,,2026-08-02T22:30:00+09:00,https://living.hyundailivart.co.kr/p/P100029272
1585,키즈/주니어,,가구 > 키즈/주니어,P100016366,리바트키즈,차곡차곡 1200 낮은 책장,판매 중,,100,14400080600,44,https://living.hyundailivart.co.kr/p/P100016366,,2026-08-02T22:30:00+09:00,https://living.hyundailivart.co.kr/p/P100016366
1586,키즈/주니어,,가구 > 키즈/주니어,P200058042,리바트키즈,몰리 키즈 슬라이딩 마카보드 책장,판매 중,,100,441000224900,49,https://living.hyundailivart.co.kr/p/P200058042,https://static.hyundailivart.co.kr/upload_mall/goods/P200057004/GM41078965_img.jpg?RS=0X250&CS=250X250&AO=1,2026-08-02T22:30:00+09:00,https://living.hyundailivart.co.kr/p/P200058042
1587,키즈/주니어,,가구 > 키즈/주니어,P100024099,리바트키즈,차곡차곡 수납박스 (세로형),판매 중,,100,140007800,44,https://living.hyundailivart.co.kr/p/P100024099,,2026-08-02T22:30:00+09:00,https://living.hyundailivart.co.kr/p/P100024099
1588,키즈/주니어,,가구 > 키즈/주니어,P100022061,리바트,[클리어런스] 프렌즈아이 마카롱 2x5 선반 수납장,판매 중,클리어런스,100,325000223200,31,https://living.hyundailivart.co.kr/p/P100022061,,2026-08-02T22:30:00+09:00,https://living.hyundailivart.co.kr/p/P100022061
1589,키즈/주니어,,가구 > 키즈/주니어,P200153199,리바트,[클리어런스] 꼼므 키즈 4단 선반장,판매 중,클리어런스,100,118000101600,14,https://living.hyundailivart.co.kr/p/P200153199,https://static.hyundailivart.co.kr/upload_mall/goods/P200153199/GM42990944_img.jpg?RS=0X250&CS=250X250&AO=1,2026-08-02T22:30:00+09:00,https://living.hyundailivart.co.kr/p/P200153199
1590,키즈/주니어,,가구 > 키즈/주니어,P200124511,리바트 세계가구,[클리어런스] 프리즘 와이드2단수납,판매 중,클리어런스,100,462000210000,55,https://living.hyundailivart.co.kr/p/P200124511,https://static.hyundailivart.co.kr/upload_mall/goods/P200124511/3.png?RS=0X250&CS=250X250&AO=1,2026-08-02T22:30:00+09:00,https://living.hyundailivart.co.kr/p/P200124511
1591,키즈/주니어,,가구 > 키즈/주니어,P200176273,리바트,코이 책상 2단 서랍장,판매 중,,100,19100095000,50,https://living.hyundailivart.co.kr/p/P200176273,https://static.hyundailivart.co.kr/upload_mall/goods/P200176273/GM43413370_img.jpg?RS=0X250&CS=250X250&AO=1,2026-08-02T22:30:00+09:00,https://living.hyundailivart.co.kr/p/P200176273
1592,키즈/주니어,,가구 > 키즈/주니어,P100030972,리바트,뉴꼼므 키즈 거울형 선반책장,판매 중,,100,215000188000,13,https://living.hyundailivart.co.kr/p/P100030972,,2026-08-02T22:30:00+09:00,https://living.hyundailivart.co.kr/p/P100030972
1593,키즈/주니어,,가구 > 키즈/주니어,P200059934,리바트키즈,몰리 키즈 800 2단 책장,판매 중,,100,17800090700,49,https://living.hyundailivart.co.kr/p/P200059934,https://static.hyundailivart.co.kr/upload_mall/goods/P200059934/GM41138405_img.jpg?RS=0X250&CS=250X250&AO=1,2026-08-02T22:30:00+09:00,https://living.hyundailivart.co.kr/p/P200059934
1594,키즈/주니어,,가구 > 키즈/주니어,P200152199,리바트,[클리어런스] 꼼므 키즈 2단 1200 칸막이 책장,판매 중,클리어런스,100,221000161500,27,https://living.hyundailivart.co.kr/p/P200152199,https://static.hyundailivart.co.kr/upload_mall/goods/P200152199/GM42987054_img.jpg?RS=0X250&CS=250X250&AO=1,2026-08-02T22:30:00+09:00,https://living.hyundailivart.co.kr/p/P200152199
1595,키즈/주니어,,가구 > 키즈/주니어,P200059783,리바트키즈,몰리 키즈 800 4단 책장,판매 중,,100,322000164200,49,https://living.hyundailivart.co.kr/p/P200059783,https://static.hyundailivart.co.kr/upload_mall/goods/P200059783/GM41135309_img.jpg?RS=0X250&CS=250X250&AO=1,2026-08-02T22:30:00+09:00,https://living.hyundailivart.co.kr/p/P200059783
1596,키즈/주니어,,가구 > 키즈/주니어,P100022033,리바트,[클리어런스] 프렌즈아이 마카롱 2x5 수납장,판매 중,클리어런스,100,273000157700,42,https://living.hyundailivart.co.kr/p/P100022033,https://static.hyundailivart.co.kr/upload_mall/goods/P100022033/C200037799_OPT1.jpg?RS=0X22&CS=22X22&AO=1,2026-08-02T22:30:00+09:00,https://living.hyundailivart.co.kr/p/P100022033
1597,키즈/주니어,,가구 > 키즈/주니어,P100029220,리바트키즈,차곡차곡 낮은 옷장,판매 중,,100,256000143300,44,https://living.hyundailivart.co.kr/p/P100029220,,2026-08-02T22:30:00+09:00,https://living.hyundailivart.co.kr/p/P100029220
1598,키즈/주니어,,가구 > 키즈/주니어,P100021867,리바트,[클리어런스] 프렌즈아이 마카롱 집책장,판매 중,클리어런스,100,197000138700,30,https://living.hyundailivart.co.kr/p/P100021867,https://static.hyundailivart.co.kr/upload_mall/goods/P100021867/C200042253_OPT1.jpg?RS=0X22&CS=22X22&AO=1,2026-08-02T22:30:00+09:00,https://living.hyundailivart.co.kr/p/P100021867
1599,키즈/주니어,,가구 > 키즈/주니어,P200144671,리바트,뉴루디 1200 책상 전용 낮은상부장,판매 중,,,125000,,https://living.hyundailivart.co.kr/p/P200144671,https://static.hyundailivart.co.kr/upload_mall/goods/P200144671/GM42855936_img.jpg?RS=0X250&CS=250X250&AO=1,2026-08-02T22:30:00+09:00,https://living.hyundailivart.co.kr/p/P200144671
1600,키즈/주니어,,가구 > 키즈/주니어,P200058051,리바트키즈,몰리 키즈 코너장 와이드형(뎁스295용),판매 중,,100,231000117800,49,https://living.hyundailivart.co.kr/p/P200058051,https://static.hyundailivart.co.kr/upload_mall/goods/P200058051/GM41094854_img.jpg?RS=0X250&CS=250X250&AO=1,2026-08-02T22:30:00+09:00,https://living.hyundailivart.co.kr/p/P200058051
1601,키즈/주니어,,가구 > 키즈/주니어,P200195301,리바트 세계가구,[클리어런스] 피노 토들러 높이조절 책상,판매 중,클리어런스,,116000,,https://living.hyundailivart.co.kr/p/P200195301,https://static.hyundailivart.co.kr/upload_mall/goods/P200195301/GM43848962_img.jpg?RS=0X250&CS=250X250&AO=1,2026-08-02T22:30:00+09:00,https://living.hyundailivart.co.kr/p/P200195301
1602,키즈/주니어,,가구 > 키즈/주니어,P100021990,리바트,[클리어런스] 프렌즈아이 마카롱 1x5 수납장,판매 중,클리어런스,100,154000112100,27,https://living.hyundailivart.co.kr/p/P100021990,https://static.hyundailivart.co.kr/upload_mall/goods/P100021990/GM41114244_img.jpg?RS=0X250&CS=250X250&AO=1,2026-08-02T22:30:00+09:00,https://living.hyundailivart.co.kr/p/P100021990
1603,키즈/주니어,,가구 > 키즈/주니어,P100029238,리바트키즈,차곡차곡 1X5 선반수납장프레임 (수납박스별도),판매 중,,100,183000102400,44,https://living.hyundailivart.co.kr/p/P100029238,,2026-08-02T22:30:00+09:00,https://living.hyundailivart.co.kr/p/P100029238
1604,키즈/주니어,,가구 > 키즈/주니어,P100026754,리바트,[클리어런스] 꼼므 주니어 2단 이동 서랍,판매 중,클리어런스,100,17200095000,45,https://living.hyundailivart.co.kr/p/P100026754,https://static.hyundailivart.co.kr/upload_mall/goods/P100026754/GM10081890_img.jpg?RS=0X250&CS=250X250&AO=1,2026-08-02T22:30:00+09:00,https://living.hyundailivart.co.kr/p/P100026754
1605,키즈/주니어,,가구 > 키즈/주니어,P100017506,리바트키즈,집속의 작은집 행거,판매 중,,100,15100084500,44,https://living.hyundailivart.co.kr/p/P100017506,,2026-08-02T22:30:00+09:00,https://living.hyundailivart.co.kr/p/P100017506
1606,키즈/주니어,,가구 > 키즈/주니어,P200066399,리바트,[클리어런스] 톨 키즈 어린이 높이조절 학습의자,판매 중,클리어런스,100,17600084500,52,https://living.hyundailivart.co.kr/p/P200066399,https://static.hyundailivart.co.kr/upload_mall/goods/P200066399/GM41281149_img.jpg?RS=0X250&CS=250X250&AO=1,2026-08-02T22:30:00+09:00,https://living.hyundailivart.co.kr/p/P200066399
1607,키즈/주니어,,가구 > 키즈/주니어,P200195297,리바트 세계가구,[클리어런스] 피노 토들러 높이조절 멀티 책상,판매 중,클리어런스,,90000,,https://living.hyundailivart.co.kr/p/P200195297,https://static.hyundailivart.co.kr/upload_mall/goods/P200195297/GM43849022_img.jpg?RS=0X250&CS=250X250&AO=1,2026-08-02T22:30:00+09:00,https://living.hyundailivart.co.kr/p/P200195297
1608,키즈/주니어,,가구 > 키즈/주니어,P200059425,리바트,[클리어런스] 프렌즈아이 마카롱 수납박스 (소) 2ea,판매 중,클리어런스,100,2200011400,48,https://living.hyundailivart.co.kr/p/P200059425,https://static.hyundailivart.co.kr/upload_mall/goods/P200059425/GM41128165_img.jpg?RS=0X250&CS=250X250&AO=1,2026-08-02T22:30:00+09:00,https://living.hyundailivart.co.kr/p/P200059425
1609,키즈/주니어,,가구 > 키즈/주니어,P200078254,리바트키즈,몰리 키즈 벤치장 쿠션,판매 중,,100,6300032100,49,https://living.hyundailivart.co.kr/p/P200078254,https://static.hyundailivart.co.kr/upload_mall/goods/P200078254/GM41552156_img.jpg?RS=0X250&CS=250X250&AO=1,2026-08-02T22:30:00+09:00,https://living.hyundailivart.co.kr/p/P200078254
1610,키즈/주니어,,가구 > 키즈/주니어,P200152089,리바트,[클리어런스] 꼼므 키즈 2단 반원 책장,판매 중,클리어런스,100,9800072200,26,https://living.hyundailivart.co.kr/p/P200152089,https://static.hyundailivart.co.kr/upload_mall/goods/P200152089/GM42987506_img.jpg?RS=0X250&CS=250X250&AO=1,2026-08-02T22:30:00+09:00,https://living.hyundailivart.co.kr/p/P200152089
1611,키즈/주니어,,가구 > 키즈/주니어,P200059427,리바트,[클리어런스] 프렌즈아이 마카롱 수납박스 (대),판매 중,클리어런스,100,2200011400,48,https://living.hyundailivart.co.kr/p/P200059427,https://static.hyundailivart.co.kr/upload_mall/goods/P200059427/GM41128191_img.jpg?RS=0X250&CS=250X250&AO=1,2026-08-02T22:30:00+09:00,https://living.hyundailivart.co.kr/p/P200059427
1612,키즈/주니어,,가구 > 키즈/주니어,P100033582,리바트키즈,블루라벨 차곡차곡 슈퍼싱글침대 - 침대 가드,판매 중,,100,6300035200,44,https://living.hyundailivart.co.kr/p/P100033582,,2026-08-02T22:30:00+09:00,https://living.hyundailivart.co.kr/p/P100033582
1613,키즈/주니어,,가구 > 키즈/주니어,P200057037,리바트키즈,몰리 키즈 벤치장(쿠션별도),판매 중,,100,11000056100,49,https://living.hyundailivart.co.kr/p/P200057037,https://static.hyundailivart.co.kr/upload_mall/goods/P200057037/GM41078984_img.jpg?RS=0X250&CS=250X250&AO=1,2026-08-02T22:30:00+09:00,https://living.hyundailivart.co.kr/p/P200057037
1614,키즈/주니어,,가구 > 키즈/주니어,P200136276,리바트,[클리어런스] 꼼므 키즈 침대 안전 가드,판매 중,클리어런스,100,6000055100,8,https://living.hyundailivart.co.kr/p/P200136276,https://static.hyundailivart.co.kr/upload_mall/goods/P200136276/GM42699409_img.jpg?RS=0X250&CS=250X250&AO=1,2026-08-02T22:30:00+09:00,https://living.hyundailivart.co.kr/p/P200136276
1615,키즈/주니어,,가구 > 키즈/주니어,P100026905,리바트,[클리어런스] 꼼므 주니어 침대 안전 가드,판매 중,클리어런스,100,6200057000,8,https://living.hyundailivart.co.kr/p/P100026905,https://static.hyundailivart.co.kr/upload_mall/goods/P100026905/GM10082659_img.jpg?RS=0X250&CS=250X250&AO=1,2026-08-02T22:30:00+09:00,https://living.hyundailivart.co.kr/p/P100026905
1616,키즈/주니어,,가구 > 키즈/주니어,P100026339,리바트,책상 가방걸이,판매 중,,100,1100010000,9,https://living.hyundailivart.co.kr/p/P100026339,,2026-08-02T22:30:00+09:00,https://living.hyundailivart.co.kr/p/P100026339
1617,키즈/주니어,,가구 > 키즈/주니어,P100029258,리바트키즈,차곡차곡 1X5 수납장프레임 (수납박스별도),판매 중,,100,8700048700,44,https://living.hyundailivart.co.kr/p/P100029258,,2026-08-02T22:30:00+09:00,https://living.hyundailivart.co.kr/p/P100029258
1618,키즈/주니어,,가구 > 키즈/주니어,P200176271,리바트,코이 책장 상부도어,판매 중,,100,4900037000,24,https://living.hyundailivart.co.kr/p/P200176271,https://static.hyundailivart.co.kr/upload_mall/goods/P200176271/GM43417746_img.jpg?RS=0X250&CS=250X250&AO=1,2026-08-02T22:30:00+09:00,https://living.hyundailivart.co.kr/p/P200176271
1619,키즈/주니어,,가구 > 키즈/주니어,P100018841,리바트,[클리어런스] 꼼므 손잡이,판매 중,클리어런스,100,40002800,30,https://living.hyundailivart.co.kr/p/P100018841,https://static.hyundailivart.co.kr/upload_mall/goods/P100018841/C100004007_OPT1.jpg?RS=0X22&CS=22X22&AO=1,2026-08-02T22:30:00+09:00,https://living.hyundailivart.co.kr/p/P100018841
1620,키즈/주니어,,가구 > 키즈/주니어,P200195278,리바트 세계가구,[클리어런스] 피노 토들러 우디 높이조절 의자,판매 중,클리어런스,100,3400032000,6,https://living.hyundailivart.co.kr/p/P200195278,https://static.hyundailivart.co.kr/upload_mall/goods/P200195278/GM43849183_img.jpg?RS=0X250&CS=250X250&AO=1,2026-08-02T22:30:00+09:00,https://living.hyundailivart.co.kr/p/P200195278
1621,키즈/주니어,,가구 > 키즈/주니어,P200059426,리바트,[클리어런스] 프렌즈아이 마카롱 수납박스 (중),판매 중,클리어런스,100,150008500,43,https://living.hyundailivart.co.kr/p/P200059426,https://static.hyundailivart.co.kr/upload_mall/goods/P200059426/GM41128179_img.jpg?RS=0X250&CS=250X250&AO=1,2026-08-02T22:30:00+09:00,https://living.hyundailivart.co.kr/p/P200059426
1622,키즈/주니어,,가구 > 키즈/주니어,P200044237,리바트,[클리어런스] 톨 키즈 후크 가방걸이,판매 중,클리어런스,100,130007600,42,https://living.hyundailivart.co.kr/p/P200044237,https://static.hyundailivart.co.kr/upload_mall/goods/P200044237/GM40749433_img.jpg?RS=0X250&CS=250X250&AO=1,2026-08-02T22:30:00+09:00,https://living.hyundailivart.co.kr/p/P200044237
1623,키즈/주니어,,가구 > 키즈/주니어,P200198670,리바트,[클리어런스] 로넌 화이트 1400 책상 상부장(책상미포함),판매 중,클리어런스,100,321000220400,31,https://living.hyundailivart.co.kr/p/P200198670,https://static.hyundailivart.co.kr/upload_mall/goods/P200198670/GM43961422_img.jpg?RS=0X250&CS=250X250&AO=1,2026-08-02T22:30:00+09:00,https://living.hyundailivart.co.kr/p/P200198670
1624,키즈/주니어,,가구 > 키즈/주니어,P200198627,리바트,포브 라운드형 패브릭 침대 프레임 구형 가드포함,판매 중,,100,1558000510000,67,https://living.hyundailivart.co.kr/p/P200198627,https://static.hyundailivart.co.kr/upload_mall/goods/P200198627/GM43953692_img.jpg?RS=0X250&CS=250X250&AO=1,2026-08-02T22:30:00+09:00,https://living.hyundailivart.co.kr/p/P200198627
1625,키즈/주니어,,가구 > 키즈/주니어,P200198626,리바트,포브 자녀가구 침대 스퀘어형 침대(SS) 핑크 / 가드포함,판매 중,,100,1558000510000,67,https://living.hyundailivart.co.kr/p/P200198626,https://static.hyundailivart.co.kr/upload_mall/goods/P200057793/GM41358233_img.jpg?RS=0X250&CS=250X250&AO=1,2026-08-02T22:30:00+09:00,https://living.hyundailivart.co.kr/p/P200198626
1626,키즈/주니어,,가구 > 키즈/주니어,P200198625,리바트,포브 자녀가구 침대 스퀘어형 침대(SS) 핑크,판매 중,,100,1386000467000,66,https://living.hyundailivart.co.kr/p/P200198625,https://static.hyundailivart.co.kr/upload_mall/goods/P200057786/GM41358317_img.jpg?RS=0X250&CS=250X250&AO=1,2026-08-02T22:30:00+09:00,https://living.hyundailivart.co.kr/p/P200198625
1627,키즈/주니어,,가구 > 키즈/주니어,P200198623,리바트,포브 자녀가구 침대 라운드형 패브릭 침대(SS) 민트,판매 중,,100,1386000467000,66,https://living.hyundailivart.co.kr/p/P200198623,https://static.hyundailivart.co.kr/upload_mall/goods/P200057771/GM41358337_img.jpg?RS=0X250&CS=250X250&AO=1,2026-08-02T22:30:00+09:00,https://living.hyundailivart.co.kr/p/P200198623
1628,키즈/주니어,,가구 > 키즈/주니어,P200198607,리바트,포브 스퀘어형 침대 프레임 (민트일반형/SS),판매 중,,100,720000300000,58,https://living.hyundailivart.co.kr/p/P200198607,https://static.hyundailivart.co.kr/upload_mall/goods/P200057789/GM41596892_img.jpg?RS=0X250&CS=250X250&AO=1,2026-08-02T22:30:00+09:00,https://living.hyundailivart.co.kr/p/P200198607
1629,키즈/주니어,,가구 > 키즈/주니어,P200197028,리바트 세계가구,[클리어런스] Boori 토들러 티디 800 책상,판매 중,클리어런스,100,182000145000,20,https://living.hyundailivart.co.kr/p/P200197028,https://static.hyundailivart.co.kr/upload_mall/goods/P200197028/GM43933233_img.jpg?RS=0X250&CS=250X250&AO=1,2026-08-02T22:30:00+09:00,https://living.hyundailivart.co.kr/p/P200197028
1630,키즈/주니어,,가구 > 키즈/주니어,P200197019,리바트 세계가구,[클리어런스] Boori 토들러 포레스트 티피 싱글 침대(매트리스 포함),판매 중,클리어런스,100,956000764000,20,https://living.hyundailivart.co.kr/p/P200197019,https://static.hyundailivart.co.kr/upload_mall/goods/P200197019/GM43899834_img.jpg?RS=0X250&CS=250X250&AO=1,2026-08-02T22:30:00+09:00,https://living.hyundailivart.co.kr/p/P200197019
1631,키즈/주니어,,가구 > 키즈/주니어,P200196890,리바트 세계가구,"[클리어런스] Boori 토들러 마틸다 침대(매트리스, 침구 포함)",판매 중,클리어런스,100,1110000887000,20,https://living.hyundailivart.co.kr/p/P200196890,https://static.hyundailivart.co.kr/upload_mall/goods/P200196890/GM43899693_img.jpg?RS=0X250&CS=250X250&AO=1,2026-08-02T22:30:00+09:00,https://living.hyundailivart.co.kr/p/P200196890
1632,키즈/주니어,,가구 > 키즈/주니어,P200196889,리바트 세계가구,"[클리어런스] Boori 토들러 오아시스 침대(매트리스, 침구 포함)",판매 중,클리어런스,100,1209000967000,20,https://living.hyundailivart.co.kr/p/P200196889,https://static.hyundailivart.co.kr/upload_mall/goods/P200196889/GM43887991_img.png?RS=0X250&CS=250X250&AO=1,2026-08-02T22:30:00+09:00,https://living.hyundailivart.co.kr/p/P200196889
1633,키즈/주니어,,가구 > 키즈/주니어,P200196671,리바트,[클리어런스] 프라임 키즈 각도높이조절 콘센트형 컴팩트 책상+데스크패드 세트,판매 중,클리어런스,100,527000385700,27,https://living.hyundailivart.co.kr/p/P200196671,https://static.hyundailivart.co.kr/upload_mall/goods/P200196671/GM43874965_img.jpg?RS=0X250&CS=250X250&AO=1,2026-08-02T22:30:00+09:00,https://living.hyundailivart.co.kr/p/P200196671
1634,키즈/주니어,,가구 > 키즈/주니어,P200196518,리바트 세계가구,피노 토들러 우디 높이조절 테이블+우디 의자 세트,판매 중,,100,124000120000,3,https://living.hyundailivart.co.kr/p/P200196518,https://static.hyundailivart.co.kr/upload_mall/goods/P200196518/GM43876322_img.jpg?RS=0X250&CS=250X250&AO=1,2026-08-02T22:30:00+09:00,https://living.hyundailivart.co.kr/p/P200196518
1635,키즈/주니어,,가구 > 키즈/주니어,P200196517,리바트 세계가구,피노 토들러 스탠다드 테이블+스탠다드 의자 세트,판매 중,,100,9000088000,2,https://living.hyundailivart.co.kr/p/P200196517,https://static.hyundailivart.co.kr/upload_mall/goods/P200196517/GM43876342_img.jpg?RS=0X250&CS=250X250&AO=1,2026-08-02T22:30:00+09:00,https://living.hyundailivart.co.kr/p/P200196517
1636,키즈/주니어,,가구 > 키즈/주니어,P200195892,리바트,[클리어런스] 프라임 키즈 각도높이조절 콘센트형 컴팩트 책상,판매 중,클리어런스,100,461000339100,26,https://living.hyundailivart.co.kr/p/P200195892,https://static.hyundailivart.co.kr/upload_mall/goods/P200195892/GM43859035_img.jpg?RS=0X250&CS=250X250&AO=1,2026-08-02T22:30:00+09:00,https://living.hyundailivart.co.kr/p/P200195892
1637,키즈/주니어,,가구 > 키즈/주니어,P200195666,리바트,[클리어런스] 텔츠 토들러 유아매트 모아보기,판매 중,클리어런스,100,284000207100,27,https://living.hyundailivart.co.kr/p/P200195666,https://static.hyundailivart.co.kr/upload_mall/goods/P200195666/GM43842645_img.jpg?RS=0X250&CS=250X250&AO=1,2026-08-02T22:30:00+09:00,https://living.hyundailivart.co.kr/p/P200195666
1638,키즈/주니어,,가구 > 키즈/주니어,P200195296,리바트 세계가구,[클리어런스] 피노 토들러 높이조절 화이트보드,판매 중,클리어런스,,134000,,https://living.hyundailivart.co.kr/p/P200195296,https://static.hyundailivart.co.kr/upload_mall/goods/P200195296/GM43849082_img.jpg?RS=0X250&CS=250X250&AO=1,2026-08-02T22:30:00+09:00,https://living.hyundailivart.co.kr/p/P200195296
1639,키즈/주니어,,가구 > 키즈/주니어,P200195295,리바트 세계가구,[클리어런스] 피노 토들러 스탠다드 의자,판매 중,클리어런스,,23000,,https://living.hyundailivart.co.kr/p/P200195295,https://static.hyundailivart.co.kr/upload_mall/goods/P200195295/GM43849092_img.jpg?RS=0X250&CS=250X250&AO=1,2026-08-02T22:30:00+09:00,https://living.hyundailivart.co.kr/p/P200195295
1640,키즈/주니어,,가구 > 키즈/주니어,P200195294,리바트 세계가구,[클리어런스] 피노 토들러 스탠다드 책상,판매 중,클리어런스,,67000,,https://living.hyundailivart.co.kr/p/P200195294,https://static.hyundailivart.co.kr/upload_mall/goods/P200195294/GM43849167_img.jpg?RS=0X250&CS=250X250&AO=1,2026-08-02T22:30:00+09:00,https://living.hyundailivart.co.kr/p/P200195294
1641,키즈/주니어,,가구 > 키즈/주니어,P200195277,리바트 세계가구,[클리어런스] 피노 토들러 우디 높이조절 책상,판매 중,클리어런스,,91000,,https://living.hyundailivart.co.kr/p/P200195277,https://static.hyundailivart.co.kr/upload_mall/goods/P200195277/GM43858450_img.jpg?RS=0X250&CS=250X250&AO=1,2026-08-02T22:30:00+09:00,https://living.hyundailivart.co.kr/p/P200195277
1642,키즈/주니어,,가구 > 키즈/주니어,P200195255,리바트,[클리어런스] 텔츠 토들러 유아매트 200 X 120,판매 중,클리어런스,100,284000207100,27,https://living.hyundailivart.co.kr/p/P200195255,https://static.hyundailivart.co.kr/upload_mall/goods/P200195255/GM43855686_img.jpg?RS=0X250&CS=250X250&AO=1,2026-08-02T22:30:00+09:00,https://living.hyundailivart.co.kr/p/P200195255
1643,키즈/주니어,,가구 > 키즈/주니어,P200195254,리바트,[클리어런스] 텔츠 토들러 유아매트 240 X 140,판매 중,클리어런스,100,340000247900,27,https://living.hyundailivart.co.kr/p/P200195254,https://static.hyundailivart.co.kr/upload_mall/goods/P200195254/GM43855698_img.jpg?RS=0X250&CS=250X250&AO=1,2026-08-02T22:30:00+09:00,https://living.hyundailivart.co.kr/p/P200195254
1644,키즈/주니어,,가구 > 키즈/주니어,P200195253,리바트,[클리어런스] 텔츠 토들러 유아매트 280 X 140,판매 중,클리어런스,100,380000277400,27,https://living.hyundailivart.co.kr/p/P200195253,https://static.hyundailivart.co.kr/upload_mall/goods/P200195253/GM43855703_img.jpg?RS=0X250&CS=250X250&AO=1,2026-08-02T22:30:00+09:00,https://living.hyundailivart.co.kr/p/P200195253
1645,키즈/주니어,,가구 > 키즈/주니어,P200195252,리바트,[클리어런스] 텔츠 토들러 유아매트 320 X 140,판매 중,클리어런스,100,423000308700,27,https://living.hyundailivart.co.kr/p/P200195252,https://static.hyundailivart.co.kr/upload_mall/goods/P200195252/GM43855707_img.jpg?RS=0X250&CS=250X250&AO=1,2026-08-02T22:30:00+09:00,https://living.hyundailivart.co.kr/p/P200195252
1646,키즈/주니어,,가구 > 키즈/주니어,P200195250,리바트,[클리어런스] 텔츠 토들러 유아매트 240 X 280,판매 중,클리어런스,100,661000483500,27,https://living.hyundailivart.co.kr/p/P200195250,https://static.hyundailivart.co.kr/upload_mall/goods/P200195250/GM43855715_img.jpg?RS=0X250&CS=250X250&AO=1,2026-08-02T22:30:00+09:00,https://living.hyundailivart.co.kr/p/P200195250
1647,키즈/주니어,,가구 > 키즈/주니어,P200195249,리바트,[클리어런스] 텔츠 토들러 유아매트 280 X 280,판매 중,클리어런스,100,741000541500,27,https://living.hyundailivart.co.kr/p/P200195249,https://static.hyundailivart.co.kr/upload_mall/goods/P200195249/GM43855719_img.jpg?RS=0X250&CS=250X250&AO=1,2026-08-02T22:30:00+09:00,https://living.hyundailivart.co.kr/p/P200195249
1648,키즈/주니어,,가구 > 키즈/주니어,P200195248,리바트,[클리어런스] 텔츠 토들러 유아매트 320 X 280,판매 중,클리어런스,100,830000607000,27,https://living.hyundailivart.co.kr/p/P200195248,https://static.hyundailivart.co.kr/upload_mall/goods/P200195248/GM43855723_img.jpg?RS=0X250&CS=250X250&AO=1,2026-08-02T22:30:00+09:00,https://living.hyundailivart.co.kr/p/P200195248
1649,키즈/주니어,,가구 > 키즈/주니어,P200195210,리바트,프라임 키즈 각도높이조절 책상+데스크패드 세트,판매 중,,100,505000385700,24,https://living.hyundailivart.co.kr/p/P200195210,https://static.hyundailivart.co.kr/upload_mall/goods/P200195210/GM44087432_img.jpg?RS=0X250&CS=250X250&AO=1,2026-08-02T22:30:00+09:00,https://living.hyundailivart.co.kr/p/P200195210
1650,키즈/주니어,,가구 > 키즈/주니어,P200195208,리바트,[클리어런스] 프라임 키즈 각도높이조절 책상+의자 세트,판매 중,클리어런스,100,705000538600,24,https://living.hyundailivart.co.kr/p/P200195208,https://static.hyundailivart.co.kr/upload_mall/goods/P200195208/GM43825319_img.jpg?RS=0X250&CS=250X250&AO=1,2026-08-02T22:30:00+09:00,https://living.hyundailivart.co.kr/p/P200195208
1651,키즈/주니어,,가구 > 키즈/주니어,P200194211,리바트,[클리어런스] 꼼므 4단 서랍장,판매 중,클리어런스,100,344000303000,12,https://living.hyundailivart.co.kr/p/P200194211,https://static.hyundailivart.co.kr/upload_mall/goods/P200194211/GM43789489_img.jpg?RS=0X250&CS=250X250&AO=1,2026-08-02T22:30:00+09:00,https://living.hyundailivart.co.kr/p/P200194211
1652,키즈/주니어,,가구 > 키즈/주니어,P200187568,리바트,[천연가죽 데스크패드 증정] 뉴루디 1200 일반 책상세트 (플랩도어 포함),판매 중,천연가죽 데스크패드 증정,,698000,,https://living.hyundailivart.co.kr/p/P200187568,https://static.hyundailivart.co.kr/upload_mall/goods/P200186931/GM43591116_img.jpg?RS=0X250&CS=250X250&AO=1,2026-08-02T22:30:00+09:00,https://living.hyundailivart.co.kr/p/P200187568
1653,키즈/주니어,,가구 > 키즈/주니어,P200187567,리바트,뉴루디 800 5단 책장 (상하부 도어 포함),판매 중,,,501000,,https://living.hyundailivart.co.kr/p/P200187567,https://static.hyundailivart.co.kr/upload_mall/goods/P200187567/GM43605043_img.jpg?RS=0X250&CS=250X250&AO=1,2026-08-02T22:30:00+09:00,https://living.hyundailivart.co.kr/p/P200187567
1654,키즈/주니어,,가구 > 키즈/주니어,P200187566,리바트,뉴루디 600 5단 책장 (상하부 도어 포함),판매 중,,,325000,,https://living.hyundailivart.co.kr/p/P200187566,https://static.hyundailivart.co.kr/upload_mall/goods/P200187566/GM43605023_img.jpg?RS=0X250&CS=250X250&AO=1,2026-08-02T22:30:00+09:00,https://living.hyundailivart.co.kr/p/P200187566
1655,키즈/주니어,,가구 > 키즈/주니어,P200186933,리바트,[천연가죽 데스크패드 증정] 뉴루디 1200 수동 높이/각도조절 책상세트,판매 중,천연가죽 데스크패드 증정,100,12070001021000,15,https://living.hyundailivart.co.kr/p/P200186933,https://static.hyundailivart.co.kr/upload_mall/goods/P200186933/GM43591383_img.jpg?RS=0X250&CS=250X250&AO=1,2026-08-02T22:30:00+09:00,https://living.hyundailivart.co.kr/p/P200186933
1656,키즈/주니어,,가구 > 키즈/주니어,P200186932,리바트,[천연가죽 데스크패드 증정] 뉴루디 1200 수동 각도조절 책상세트,판매 중,천연가죽 데스크패드 증정,,771000,,https://living.hyundailivart.co.kr/p/P200186932,https://static.hyundailivart.co.kr/upload_mall/goods/P200186932/GM43591148_img.jpg?RS=0X250&CS=250X250&AO=1,2026-08-02T22:30:00+09:00,https://living.hyundailivart.co.kr/p/P200186932
1657,키즈/주니어,,가구 > 키즈/주니어,P200186931,리바트,[천연가죽 데스크패드 증정] 뉴루디 1200 일반 책상세트,판매 중,천연가죽 데스크패드 증정,,596000,,https://living.hyundailivart.co.kr/p/P200186931,https://static.hyundailivart.co.kr/upload_mall/goods/P200186931/GM43591116_img.jpg?RS=0X250&CS=250X250&AO=1,2026-08-02T22:30:00+09:00,https://living.hyundailivart.co.kr/p/P200186931
1658,키즈/주니어,,가구 > 키즈/주니어,P200186930,리바트,[천연가죽 데스크패드 증정] 뉴루디 1160 철제 책상세트,판매 중,천연가죽 데스크패드 증정,,573000,,https://living.hyundailivart.co.kr/p/P200186930,https://static.hyundailivart.co.kr/upload_mall/goods/P200186930/GM43591090_img.jpg?RS=0X250&CS=250X250&AO=1,2026-08-02T22:30:00+09:00,https://living.hyundailivart.co.kr/p/P200186930
1659,키즈/주니어,,가구 > 키즈/주니어,P200176785,리바트,"선반용 서랍 박스 (뉴루디, 코이)",판매 중,,,11000,,https://living.hyundailivart.co.kr/p/P200176785,https://static.hyundailivart.co.kr/upload_mall/goods/P200176785/GM43419842_img.jpg?RS=0X250&CS=250X250&AO=1,2026-08-02T22:30:00+09:00,https://living.hyundailivart.co.kr/p/P200176785
1660,키즈/주니어,,가구 > 키즈/주니어,P200176473,리바트,[클리어런스] 꼼므 키즈 800 높은 챕터북장,판매 중,클리어런스,100,20000091200,54,https://living.hyundailivart.co.kr/p/P200176473,https://static.hyundailivart.co.kr/upload_mall/goods/P200176473/GM43409396_img.jpg?RS=0X250&CS=250X250&AO=1,2026-08-02T22:30:00+09:00,https://living.hyundailivart.co.kr/p/P200176473
1661,키즈/주니어,,가구 > 키즈/주니어,P200176472,리바트,[클리어런스] 꼼므 키즈 800 낮은 챕터북장,판매 중,클리어런스,100,15000074100,51,https://living.hyundailivart.co.kr/p/P200176472,https://static.hyundailivart.co.kr/upload_mall/goods/P200176472/GM43409406_img.jpg?RS=0X250&CS=250X250&AO=1,2026-08-02T22:30:00+09:00,https://living.hyundailivart.co.kr/p/P200176472
1662,키즈/주니어,,가구 > 키즈/주니어,P200176349,리바트,코이 800 3단 서랍 옷장,판매 중,,100,607000462000,24,https://living.hyundailivart.co.kr/p/P200176349,https://static.hyundailivart.co.kr/upload_mall/goods/P200176349/GM43430519_img.jpg?RS=0X250&CS=250X250&AO=1,2026-08-02T22:30:00+09:00,https://living.hyundailivart.co.kr/p/P200176349
1663,키즈/주니어,,가구 > 키즈/주니어,P200176347,리바트,코이 600 3단 슬라이딩 옷장,판매 중,,100,574000473000,18,https://living.hyundailivart.co.kr/p/P200176347,https://static.hyundailivart.co.kr/upload_mall/goods/P200176347/GM43423731_img.jpg?RS=0X250&CS=250X250&AO=1,2026-08-02T22:30:00+09:00,https://living.hyundailivart.co.kr/p/P200176347
1664,키즈/주니어,,가구 > 키즈/주니어,P200176303,리바트,코이 클라우드 침대 프레임 (좌/우형),판매 중,,100,607000463000,24,https://living.hyundailivart.co.kr/p/P200176303,https://static.hyundailivart.co.kr/upload_mall/goods/P200176303/GM43419301_img.jpg?RS=0X250&CS=250X250&AO=1,2026-08-02T22:30:00+09:00,https://living.hyundailivart.co.kr/p/P200176303
1665,키즈/주니어,,가구 > 키즈/주니어,P200176275,리바트,코이 북엔드,판매 중,,100,4000020000,50,https://living.hyundailivart.co.kr/p/P200176275,https://static.hyundailivart.co.kr/upload_mall/goods/P200176275/GM43413543_img.jpg?RS=0X250&CS=250X250&AO=1,2026-08-02T22:30:00+09:00,https://living.hyundailivart.co.kr/p/P200176275
1666,키즈/주니어,,가구 > 키즈/주니어,P200176272,리바트,코이 책장 하부도어,판매 중,,100,3900024000,38,https://living.hyundailivart.co.kr/p/P200176272,https://static.hyundailivart.co.kr/upload_mall/goods/P200176272/GM43417767_img.jpg?RS=0X250&CS=250X250&AO=1,2026-08-02T22:30:00+09:00,https://living.hyundailivart.co.kr/p/P200176272
1667,키즈/주니어,,가구 > 키즈/주니어,P200176270,리바트,코이 6단 전면책장,판매 중,,100,466000232000,50,https://living.hyundailivart.co.kr/p/P200176270,https://static.hyundailivart.co.kr/upload_mall/goods/P200176270/GM43456716_img.jpg?RS=0X250&CS=250X250&AO=1,2026-08-02T22:30:00+09:00,https://living.hyundailivart.co.kr/p/P200176270
1668,키즈/주니어,,가구 > 키즈/주니어,P200176269,리바트,코이 5단 전면책장,판매 중,,100,407000203000,50,https://living.hyundailivart.co.kr/p/P200176269,https://static.hyundailivart.co.kr/upload_mall/goods/P200176269/GM43456697_img.jpg?RS=0X250&CS=250X250&AO=1,2026-08-02T22:30:00+09:00,https://living.hyundailivart.co.kr/p/P200176269
1669,키즈/주니어,,가구 > 키즈/주니어,P200176251,리바트,코이 6단 일반 책상세트,판매 중,,100,632000314000,50,https://living.hyundailivart.co.kr/p/P200176251,https://static.hyundailivart.co.kr/upload_mall/goods/P200176251/GM43513924_img.jpg?RS=0X250&CS=250X250&AO=1,2026-08-02T22:30:00+09:00,https://living.hyundailivart.co.kr/p/P200176251
1670,키즈/주니어,,가구 > 키즈/주니어,P200176200,리바트,코이 5단 일반 책상세트,판매 중,,100,558000277000,50,https://living.hyundailivart.co.kr/p/P200176200,https://static.hyundailivart.co.kr/upload_mall/goods/P200176200/GM43513920_img.jpg?RS=0X250&CS=250X250&AO=1,2026-08-02T22:30:00+09:00,https://living.hyundailivart.co.kr/p/P200176200
1671,키즈/주니어,,가구 > 키즈/주니어,P200176197,리바트,코이 이동식 책상,판매 중,,100,306000152000,50,https://living.hyundailivart.co.kr/p/P200176197,https://static.hyundailivart.co.kr/upload_mall/goods/P200176197/GM43408167_img.jpg?RS=0X250&CS=250X250&AO=1,2026-08-02T22:30:00+09:00,https://living.hyundailivart.co.kr/p/P200176197
1672,키즈/주니어,,가구 > 키즈/주니어,P200176079,리바트,코이 600 3단 오픈형 책장,판매 중,,,184000,,https://living.hyundailivart.co.kr/p/P200176079,https://static.hyundailivart.co.kr/upload_mall/goods/P200176079/GM43413099_img.jpg?RS=0X250&CS=250X250&AO=1,2026-08-02T22:30:00+09:00,https://living.hyundailivart.co.kr/p/P200176079
1673,키즈/주니어,,가구 > 키즈/주니어,P200153200,리바트,[클리어런스] 꼼므 키즈 4단 800 책장,판매 중,클리어런스,100,137000118700,13,https://living.hyundailivart.co.kr/p/P200153200,https://static.hyundailivart.co.kr/upload_mall/goods/P200153200/GM42991158_img.jpg?RS=0X250&CS=250X250&AO=1,2026-08-02T22:30:00+09:00,https://living.hyundailivart.co.kr/p/P200153200
1674,키즈/주니어,,가구 > 키즈/주니어,P200152469,리바트,[클리어런스] 꼼므 키즈 1200 슬라이딩+칸막이책장,판매 중,클리어런스,100,584000376200,36,https://living.hyundailivart.co.kr/p/P200152469,https://static.hyundailivart.co.kr/upload_mall/goods/P200152469/GM42987414_img.jpg?RS=0X250&CS=250X250&AO=1,2026-08-02T22:30:00+09:00,https://living.hyundailivart.co.kr/p/P200152469
1675,키즈/주니어,,가구 > 키즈/주니어,P200152463,리바트,[클리어런스] 꼼므 키즈 1800 슬라이딩+800 책장,판매 중,클리어런스,100,660000432200,35,https://living.hyundailivart.co.kr/p/P200152463,https://static.hyundailivart.co.kr/upload_mall/goods/P200152463/GM42987399_img.jpg?RS=0X250&CS=250X250&AO=1,2026-08-02T22:30:00+09:00,https://living.hyundailivart.co.kr/p/P200152463
1676,키즈/주니어,,가구 > 키즈/주니어,P200152198,리바트,[클리어런스] 꼼므 키즈 2단 800 칸막이 책장,판매 중,클리어런스,100,159000116800,27,https://living.hyundailivart.co.kr/p/P200152198,https://static.hyundailivart.co.kr/upload_mall/goods/P200152198/GM42999421_img.jpg?RS=0X250&CS=250X250&AO=1,2026-08-02T22:30:00+09:00,https://living.hyundailivart.co.kr/p/P200152198
1677,키즈/주니어,,가구 > 키즈/주니어,P200145371,리바트,커먼베드 침대 안전 가드,판매 중,,,90000,,https://living.hyundailivart.co.kr/p/P200145371,https://static.hyundailivart.co.kr/upload_mall/goods/P200145371/GM42860740_img.jpg?RS=0X250&CS=250X250&AO=1,2026-08-02T22:30:00+09:00,https://living.hyundailivart.co.kr/p/P200145371
1678,키즈/주니어,,가구 > 키즈/주니어,P200144674,리바트,뉴루디 1200 책상 전용 낮은상부장(콘센트형),판매 중,,,228000,,https://living.hyundailivart.co.kr/p/P200144674,https://static.hyundailivart.co.kr/upload_mall/goods/P200144674/GM42855946_img.jpg?RS=0X250&CS=250X250&AO=1,2026-08-02T22:30:00+09:00,https://living.hyundailivart.co.kr/p/P200144674
1679,키즈/주니어,,가구 > 키즈/주니어,P200144668,리바트,뉴루디 이층침대 하단침대 프레임,판매 중,,,468000,,https://living.hyundailivart.co.kr/p/P200144668,https://static.hyundailivart.co.kr/upload_mall/goods/P200144668/GM42855926_img.png?RS=0X250&CS=250X250&AO=1,2026-08-02T22:30:00+09:00,https://living.hyundailivart.co.kr/p/P200144668
1680,키즈/주니어,,가구 > 키즈/주니어,P200144667,리바트,뉴루디 1200 책상 전용 상부장,판매 중,,,228000,,https://living.hyundailivart.co.kr/p/P200144667,https://static.hyundailivart.co.kr/upload_mall/goods/P200144667/GM42856319_img.jpg?RS=0X250&CS=250X250&AO=1,2026-08-02T22:30:00+09:00,https://living.hyundailivart.co.kr/p/P200144667
1681,키즈/주니어,,가구 > 키즈/주니어,P200144666,리바트,뉴루디 1200 5단 전면책장,판매 중,,,265000,,https://living.hyundailivart.co.kr/p/P200144666,https://static.hyundailivart.co.kr/upload_mall/goods/P200144666/GM42855907_img.jpg?RS=0X250&CS=250X250&AO=1,2026-08-02T22:30:00+09:00,https://living.hyundailivart.co.kr/p/P200144666
1682,키즈/주니어,,가구 > 키즈/주니어,P200144665,리바트,뉴루디 800 5단 책장,판매 중,,,331000,,https://living.hyundailivart.co.kr/p/P200144665,https://static.hyundailivart.co.kr/upload_mall/goods/P200144665/GM42855897_img.jpg?RS=0X250&CS=250X250&AO=1,2026-08-02T22:30:00+09:00,https://living.hyundailivart.co.kr/p/P200144665
1683,키즈/주니어,,가구 > 키즈/주니어,P200144662,리바트,뉴루디 600 5단 책장,판매 중,,,215000,,https://living.hyundailivart.co.kr/p/P200144662,https://static.hyundailivart.co.kr/upload_mall/goods/P200144662/GM42855887_img.png?RS=0X250&CS=250X250&AO=1,2026-08-02T22:30:00+09:00,https://living.hyundailivart.co.kr/p/P200144662
1684,키즈/주니어,,가구 > 키즈/주니어,P200144661,리바트,뉴루디 이층침대 상부침대 프레임 (가드형),판매 중,,,800000,,https://living.hyundailivart.co.kr/p/P200144661,https://static.hyundailivart.co.kr/upload_mall/goods/P200144661/GM42855877_img.jpg?RS=0X250&CS=250X250&AO=1,2026-08-02T22:30:00+09:00,https://living.hyundailivart.co.kr/p/P200144661
1685,키즈/주니어,,가구 > 키즈/주니어,P200144660,리바트,[천연가죽 데스크패드 증정] 뉴루디 1200 높이조절책상,판매 중,천연가죽 데스크패드 증정,100,680000494000,27,https://living.hyundailivart.co.kr/p/P200144660,https://static.hyundailivart.co.kr/upload_mall/goods/P200144660/GM42855867_img.jpg?RS=0X250&CS=250X250&AO=1,2026-08-02T22:30:00+09:00,https://living.hyundailivart.co.kr/p/P200144660
1686,키즈/주니어,,가구 > 키즈/주니어,P200144656,리바트,뉴루디 벙커침대 프레임 (SS),판매 중,,,1493000,,https://living.hyundailivart.co.kr/p/P200144656,https://static.hyundailivart.co.kr/upload_mall/goods/P200144656/GM42855847_img.jpg?RS=0X250&CS=250X250&AO=1,2026-08-02T22:30:00+09:00,https://living.hyundailivart.co.kr/p/P200144656
1687,키즈/주니어,,가구 > 키즈/주니어,P200144655,리바트,뉴루디 이층침대 프레임 (SS),판매 중,,,2009000,,https://living.hyundailivart.co.kr/p/P200144655,https://static.hyundailivart.co.kr/upload_mall/goods/P200144655/GM42855837_img.jpg?RS=0X250&CS=250X250&AO=1,2026-08-02T22:30:00+09:00,https://living.hyundailivart.co.kr/p/P200144655
1688,키즈/주니어,,가구 > 키즈/주니어,P200144653,리바트,뉴루디 1200 슬라이딩 옷장(3단서랍형),판매 중,,,921000,,https://living.hyundailivart.co.kr/p/P200144653,https://static.hyundailivart.co.kr/upload_mall/goods/P200144653/GM42855808_img.jpg?RS=0X250&CS=250X250&AO=1,2026-08-02T22:30:00+09:00,https://living.hyundailivart.co.kr/p/P200144653
1689,키즈/주니어,,가구 > 키즈/주니어,P200144652,리바트,뉴루디 1200 슬라이딩 옷장(2단서랍형),판매 중,,,868000,,https://living.hyundailivart.co.kr/p/P200144652,https://static.hyundailivart.co.kr/upload_mall/goods/P200144652/GM42855798_img.jpg?RS=0X250&CS=250X250&AO=1,2026-08-02T22:30:00+09:00,https://living.hyundailivart.co.kr/p/P200144652
1690,키즈/주니어,,가구 > 키즈/주니어,P200144628,리바트,뉴루디 800 2단 슬라이딩 책장,판매 중,,,241000,,https://living.hyundailivart.co.kr/p/P200144628,https://static.hyundailivart.co.kr/upload_mall/goods/P200144628/GM42855207_img.jpg?RS=0X250&CS=250X250&AO=1,2026-08-02T22:30:00+09:00,https://living.hyundailivart.co.kr/p/P200144628
1691,키즈/주니어,,가구 > 키즈/주니어,P200144627,리바트,[천연가죽 데스크패드 증정] 뉴루디 1160 철제책상,판매 중,천연가죽 데스크패드 증정,,308000,,https://living.hyundailivart.co.kr/p/P200144627,https://static.hyundailivart.co.kr/upload_mall/goods/P200144627/GM42855096_img.jpg?RS=0X250&CS=250X250&AO=1,2026-08-02T22:30:00+09:00,https://living.hyundailivart.co.kr/p/P200144627
1692,키즈/주니어,,가구 > 키즈/주니어,P200144626,리바트,[천연가죽 데스크패드 증정] 뉴루디 로테이팅 책상 + 3단서랍,판매 중,천연가죽 데스크패드 증정,,446000,,https://living.hyundailivart.co.kr/p/P200144626,https://static.hyundailivart.co.kr/upload_mall/goods/P200144626/GM42855076_img.jpg?RS=0X250&CS=250X250&AO=1,2026-08-02T22:30:00+09:00,https://living.hyundailivart.co.kr/p/P200144626
1693,키즈/주니어,,가구 > 키즈/주니어,P200144623,리바트,[천연가죽 데스크패드 증정] 뉴루디 1200 각도높이조절 책상,판매 중,천연가죽 데스크패드 증정,100,979000793000,19,https://living.hyundailivart.co.kr/p/P200144623,https://static.hyundailivart.co.kr/upload_mall/goods/P200144623/GM42855048_img.jpg?RS=0X250&CS=250X250&AO=1,2026-08-02T22:30:00+09:00,https://living.hyundailivart.co.kr/p/P200144623
1694,키즈/주니어,,가구 > 키즈/주니어,P200133985,리바트,[클리어런스] 꼼므 키즈 3단 서랍장,판매 중,클리어런스,100,281000249800,11,https://living.hyundailivart.co.kr/p/P200133985,https://static.hyundailivart.co.kr/upload_mall/goods/P200133985/GM42651852_img.jpg?RS=0X250&CS=250X250&AO=1,2026-08-02T22:30:00+09:00,https://living.hyundailivart.co.kr/p/P200133985
1695,키즈/주니어,,가구 > 키즈/주니어,P200133984,리바트,[클리어런스] 꼼므 키즈 800 장난감 수납장,판매 중,클리어런스,100,195000159600,18,https://living.hyundailivart.co.kr/p/P200133984,https://static.hyundailivart.co.kr/upload_mall/goods/P200133984/GM42651837_img.jpg?RS=0X250&CS=250X250&AO=1,2026-08-02T22:30:00+09:00,https://living.hyundailivart.co.kr/p/P200133984
1696,키즈/주니어,,가구 > 키즈/주니어,P200124510,리바트 세계가구,[클리어런스] 프리즘 2단수납,판매 중,클리어런스,100,334000152000,54,https://living.hyundailivart.co.kr/p/P200124510,https://static.hyundailivart.co.kr/upload_mall/goods/P200124510/0.png?RS=0X250&CS=250X250&AO=1,2026-08-02T22:30:00+09:00,https://living.hyundailivart.co.kr/p/P200124510
1697,키즈/주니어,,가구 > 키즈/주니어,P200094587,리바트,뉴루디 USB침대 일반형,판매 중,,100,564000411000,27,https://living.hyundailivart.co.kr/p/P200094587,,2026-08-02T22:30:00+09:00,https://living.hyundailivart.co.kr/p/P200094587
1698,키즈/주니어,,가구 > 키즈/주니어,P200091771,리바트키즈,몰리 키즈 책상 ACC,판매 중,,100,110005600,49,https://living.hyundailivart.co.kr/p/P200091771,https://static.hyundailivart.co.kr/upload_mall/goods/P200091771/GM41847647_img.jpg?RS=0X250&CS=250X250&AO=1,2026-08-02T22:30:00+09:00,https://living.hyundailivart.co.kr/p/P200091771
1699,키즈/주니어,,가구 > 키즈/주니어,P200091767,리바트키즈,몰리 키즈 카트 책상,판매 중,,100,248000126400,49,https://living.hyundailivart.co.kr/p/P200091767,https://static.hyundailivart.co.kr/upload_mall/goods/P200091767/GM41848538_img.jpg?RS=0X250&CS=250X250&AO=1,2026-08-02T22:30:00+09:00,https://living.hyundailivart.co.kr/p/P200091767
1700,키즈/주니어,,가구 > 키즈/주니어,P200066674,리바트키즈,[클리어런스] 톨 키즈 어린이 높이조절 학습의자용 방석,판매 중,클리어런스,100,4500042700,5,https://living.hyundailivart.co.kr/p/P200066674,https://static.hyundailivart.co.kr/upload_mall/goods/P200066674/GM41295015_img.jpg?RS=0X250&CS=250X250&AO=1,2026-08-02T22:30:00+09:00,https://living.hyundailivart.co.kr/p/P200066674
1701,키즈/주니어,,가구 > 키즈/주니어,P200060663,리바트키즈,몰리키즈 틸팅수납장(중박스형),판매 중,,100,261000133100,49,https://living.hyundailivart.co.kr/p/P200060663,https://static.hyundailivart.co.kr/upload_mall/goods/P200060663/GM41152963_img.jpg?RS=0X250&CS=250X250&AO=1,2026-08-02T22:30:00+09:00,https://living.hyundailivart.co.kr/p/P200060663
1702,키즈/주니어,,가구 > 키즈/주니어,P200060662,리바트키즈,"몰리 키즈 틸팅 수납장(중박스4,빅박스1)",판매 중,,100,263000134100,49,https://living.hyundailivart.co.kr/p/P200060662,https://static.hyundailivart.co.kr/upload_mall/goods/P200060662/GM41154000_img.jpg?RS=0X250&CS=250X250&AO=1,2026-08-02T22:30:00+09:00,https://living.hyundailivart.co.kr/p/P200060662
1703,키즈/주니어,,가구 > 키즈/주니어,P200060383,리바트키즈,몰리 키즈 전면 책수납장(중박스형),판매 중,,100,293000149400,49,https://living.hyundailivart.co.kr/p/P200060383,https://static.hyundailivart.co.kr/upload_mall/goods/P200060383/GM41148588_img.jpg?RS=0X250&CS=250X250&AO=1,2026-08-02T22:30:00+09:00,https://living.hyundailivart.co.kr/p/P200060383
1704,키즈/주니어,,가구 > 키즈/주니어,P200059929,리바트키즈,몰리 키즈 1200 라운드 책상,판매 중,,100,333000169800,49,https://living.hyundailivart.co.kr/p/P200059929,https://static.hyundailivart.co.kr/upload_mall/goods/P200059929/GM41138349_img.jpg?RS=0X250&CS=250X250&AO=1,2026-08-02T22:30:00+09:00,https://living.hyundailivart.co.kr/p/P200059929
1705,키즈/주니어,,가구 > 키즈/주니어,P200059892,리바트,[클리어런스] 톨 키즈 선반 책장+장난감수납장,판매 중,클리어런스,100,410000248900,39,https://living.hyundailivart.co.kr/p/P200059892,https://static.hyundailivart.co.kr/upload_mall/goods/P200059892/GM41138103_img.jpg?RS=0X250&CS=250X250&AO=1,2026-08-02T22:30:00+09:00,https://living.hyundailivart.co.kr/p/P200059892
1706,키즈/주니어,,가구 > 키즈/주니어,P200059799,리바트키즈,몰리 키즈 800 1단 퍼즐책장,판매 중,,100,206000105000,49,https://living.hyundailivart.co.kr/p/P200059799,https://static.hyundailivart.co.kr/upload_mall/goods/P200059799/GM41135550_img.jpg?RS=0X250&CS=250X250&AO=1,2026-08-02T22:30:00+09:00,https://living.hyundailivart.co.kr/p/P200059799
1707,키즈/주니어,,가구 > 키즈/주니어,P200059794,리바트키즈,몰리 키즈 800 2단 퍼즐책장,판매 중,,100,293000149400,49,https://living.hyundailivart.co.kr/p/P200059794,https://static.hyundailivart.co.kr/upload_mall/goods/P200059794/GM41135451_img.jpg?RS=0X250&CS=250X250&AO=1,2026-08-02T22:30:00+09:00,https://living.hyundailivart.co.kr/p/P200059794
1708,키즈/주니어,,가구 > 키즈/주니어,P200059708,리바트키즈,몰리 키즈 2단 이동서랍,판매 중,,100,311000158600,49,https://living.hyundailivart.co.kr/p/P200059708,https://static.hyundailivart.co.kr/upload_mall/goods/P200059708/GM41133901_img.jpg?RS=0X250&CS=250X250&AO=1,2026-08-02T22:30:00+09:00,https://living.hyundailivart.co.kr/p/P200059708
1709,키즈/주니어,,가구 > 키즈/주니어,P200058374,리바트키즈,몰리 키즈 코너장 슬림형(뎁스415용),판매 중,,100,349000177900,49,https://living.hyundailivart.co.kr/p/P200058374,https://static.hyundailivart.co.kr/upload_mall/goods/P200058051/GM41094854_img.jpg?RS=0X250&CS=250X250&AO=1,2026-08-02T22:30:00+09:00,https://living.hyundailivart.co.kr/p/P200058374
1710,키즈/주니어,,가구 > 키즈/주니어,P200057810,리바트,포브 800 책장 4단,판매 중,,100,39300099000,75,https://living.hyundailivart.co.kr/p/P200057810,https://static.hyundailivart.co.kr/upload_mall/goods/P200057810/GM41093584_img.jpg?RS=0X250&CS=250X250&AO=1,2026-08-02T22:30:00+09:00,https://living.hyundailivart.co.kr/p/P200057810
1711,키즈/주니어,,가구 > 키즈/주니어,P200057793,리바트,포브 자녀가구 침대 스퀘어형 침대(SS) 핑크 / 가드포함,판매 중,,100,1558000510000,67,https://living.hyundailivart.co.kr/p/P200057793,https://static.hyundailivart.co.kr/upload_mall/goods/P200057793/GM41358233_img.jpg?RS=0X250&CS=250X250&AO=1,2026-08-02T22:30:00+09:00,https://living.hyundailivart.co.kr/p/P200057793
1712,키즈/주니어,,가구 > 키즈/주니어,P200057788,리바트,포브 라운드형 패브릭침대 프레임 구형,판매 중,,100,1386000467000,66,https://living.hyundailivart.co.kr/p/P200057788,https://static.hyundailivart.co.kr/upload_mall/goods/P200057788/GM43953673_img.jpg?RS=0X250&CS=250X250&AO=1,2026-08-02T22:30:00+09:00,https://living.hyundailivart.co.kr/p/P200057788
1713,키즈/주니어,,가구 > 키즈/주니어,P200057771,리바트,포브 자녀가구 침대 라운드형 패브릭 침대(SS) 민트,판매 중,,100,1386000467000,66,https://living.hyundailivart.co.kr/p/P200057771,https://static.hyundailivart.co.kr/upload_mall/goods/P200057771/GM41358337_img.jpg?RS=0X250&CS=250X250&AO=1,2026-08-02T22:30:00+09:00,https://living.hyundailivart.co.kr/p/P200057771
1714,키즈/주니어,,가구 > 키즈/주니어,P200057162,리바트키즈,몰리 키즈 수납형 의자,판매 중,,100,11900060600,49,https://living.hyundailivart.co.kr/p/P200057162,https://static.hyundailivart.co.kr/upload_mall/goods/P200057162/GM41076601_img.jpg?RS=0X250&CS=250X250&AO=1,2026-08-02T22:30:00+09:00,https://living.hyundailivart.co.kr/p/P200057162
1715,키즈/주니어,,가구 > 키즈/주니어,P200057135,리바트키즈,몰리 키즈 전면형 책장,판매 중,,100,424000216200,49,https://living.hyundailivart.co.kr/p/P200057135,https://static.hyundailivart.co.kr/upload_mall/goods/P200057135/GM41076377_img.jpg?RS=0X250&CS=250X250&AO=1,2026-08-02T22:30:00+09:00,https://living.hyundailivart.co.kr/p/P200057135
1716,키즈/주니어,,가구 > 키즈/주니어,P200057124,리바트키즈,몰리 키즈 세로형 책장,판매 중,,100,438000223300,49,https://living.hyundailivart.co.kr/p/P200057124,https://static.hyundailivart.co.kr/upload_mall/goods/P200057124/GM41076132_img.jpg?RS=0X250&CS=250X250&AO=1,2026-08-02T22:30:00+09:00,https://living.hyundailivart.co.kr/p/P200057124
1717,키즈/주니어,,가구 > 키즈/주니어,P200057119,리바트키즈,몰리 키즈 물결 거울,판매 중,,100,6400032600,49,https://living.hyundailivart.co.kr/p/P200057119,https://static.hyundailivart.co.kr/upload_mall/goods/P200057119/GM41075965_img.jpg?RS=0X250&CS=250X250&AO=1,2026-08-02T22:30:00+09:00,https://living.hyundailivart.co.kr/p/P200057119
1718,키즈/주니어,,가구 > 키즈/주니어,P200057115,리바트키즈,몰리 키즈 멀티 데스크 미니 다용도 책상,판매 중,,100,357000182000,49,https://living.hyundailivart.co.kr/p/P200057115,https://static.hyundailivart.co.kr/upload_mall/goods/P200057115/GM41075817_img.jpg?RS=0X250&CS=250X250&AO=1,2026-08-02T22:30:00+09:00,https://living.hyundailivart.co.kr/p/P200057115
1719,키즈/주니어,,가구 > 키즈/주니어,P200057056,리바트키즈,몰리 키즈 아치형 벤치수납장 세트(라운드책장+선반책장포함),판매 중,,100,1520000775200,49,https://living.hyundailivart.co.kr/p/P200057056,https://static.hyundailivart.co.kr/upload_mall/goods/P200057056/GM41079603_img.jpg?RS=0X250&CS=250X250&AO=1,2026-08-02T22:30:00+09:00,https://living.hyundailivart.co.kr/p/P200057056
1720,키즈/주니어,,가구 > 키즈/주니어,P200057038,리바트키즈,몰리 키즈 테이블(롤페이퍼별도),판매 중,,100,199000101400,49,https://living.hyundailivart.co.kr/p/P200057038,https://static.hyundailivart.co.kr/upload_mall/goods/P200057038/GM41152014_img.jpg?RS=0X250&CS=250X250&AO=1,2026-08-02T22:30:00+09:00,https://living.hyundailivart.co.kr/p/P200057038
1721,키즈/주니어,,가구 > 키즈/주니어,P200057033,리바트키즈,"몰리 키즈 틸팅 수납장(중박스2,빅박스2)",판매 중,,100,262000133600,49,https://living.hyundailivart.co.kr/p/P200057033,https://static.hyundailivart.co.kr/upload_mall/goods/P200057033/GM41154024_img.jpg?RS=0X250&CS=250X250&AO=1,2026-08-02T22:30:00+09:00,https://living.hyundailivart.co.kr/p/P200057033
1722,키즈/주니어,,가구 > 키즈/주니어,P200057019,리바트키즈,몰리 키즈 2x5 오픈박스형 수납장,판매 중,,100,376000191700,49,https://living.hyundailivart.co.kr/p/P200057019,https://static.hyundailivart.co.kr/upload_mall/goods/P200057019/GM41078924_img.jpg?RS=0X250&CS=250X250&AO=1,2026-08-02T22:30:00+09:00,https://living.hyundailivart.co.kr/p/P200057019
1723,키즈/주니어,,가구 > 키즈/주니어,P200057015,리바트키즈,몰리 키즈 1x5 오픈박스형 수납장,판매 중,,100,223000113700,49,https://living.hyundailivart.co.kr/p/P200057015,https://static.hyundailivart.co.kr/upload_mall/goods/P200057015/GM41078874_img.jpg?RS=0X250&CS=250X250&AO=1,2026-08-02T22:30:00+09:00,https://living.hyundailivart.co.kr/p/P200057015
1724,키즈/주니어,,가구 > 키즈/주니어,P200057011,리바트키즈,몰리 키즈 전면 책수납장(빅박스형),판매 중,,100,276000140700,49,https://living.hyundailivart.co.kr/p/P200057011,https://static.hyundailivart.co.kr/upload_mall/goods/P200057011/GM41148679_img.jpg?RS=0X250&CS=250X250&AO=1,2026-08-02T22:30:00+09:00,https://living.hyundailivart.co.kr/p/P200057011
1725,키즈/주니어,,가구 > 키즈/주니어,P200057004,리바트키즈,몰리 키즈 슬라이딩 책장,판매 중,,100,408000208000,49,https://living.hyundailivart.co.kr/p/P200057004,https://static.hyundailivart.co.kr/upload_mall/goods/P200057004/GM41078964_img.jpg?RS=0X250&CS=250X250&AO=1,2026-08-02T22:30:00+09:00,https://living.hyundailivart.co.kr/p/P200057004
1726,키즈/주니어,,가구 > 키즈/주니어,P200056981,리바트키즈,몰리 키즈 빅박스수납장,판매 중,,100,296000150900,49,https://living.hyundailivart.co.kr/p/P200056981,https://static.hyundailivart.co.kr/upload_mall/goods/P200056981/GM41152347_img.png?RS=0X250&CS=250X250&AO=1,2026-08-02T22:30:00+09:00,https://living.hyundailivart.co.kr/p/P200056981
1727,키즈/주니어,,가구 > 키즈/주니어,P200056969,리바트키즈,몰리 키즈 2x5 수납장 슬림형,판매 중,,100,339000172800,49,https://living.hyundailivart.co.kr/p/P200056969,https://static.hyundailivart.co.kr/upload_mall/goods/P200056969/GM41090089_img.jpg?RS=0X250&CS=250X250&AO=1,2026-08-02T22:30:00+09:00,https://living.hyundailivart.co.kr/p/P200056969
1728,키즈/주니어,,가구 > 키즈/주니어,P200056965,리바트키즈,몰리 키즈 1x5 수납장 슬림형,판매 중,,100,205000104500,49,https://living.hyundailivart.co.kr/p/P200056965,https://static.hyundailivart.co.kr/upload_mall/goods/P200056965/GM41090023_img.png?RS=0X250&CS=250X250&AO=1,2026-08-02T22:30:00+09:00,https://living.hyundailivart.co.kr/p/P200056965
1729,키즈/주니어,,가구 > 키즈/주니어,P200056960,리바트키즈,몰리 키즈 3x5 수납장 와이드형,판매 중,,100,445000226900,49,https://living.hyundailivart.co.kr/p/P200056960,https://static.hyundailivart.co.kr/upload_mall/goods/P200056960/GM41090099_img.jpg?RS=0X250&CS=250X250&AO=1,2026-08-02T22:30:00+09:00,https://living.hyundailivart.co.kr/p/P200056960
1730,키즈/주니어,,가구 > 키즈/주니어,P200056956,리바트키즈,몰리 키즈 2x5 수납장 와이드형,판매 중,,100,316000161100,49,https://living.hyundailivart.co.kr/p/P200056956,https://static.hyundailivart.co.kr/upload_mall/goods/P200056956/GM41090063_img.jpg?RS=0X250&CS=250X250&AO=1,2026-08-02T22:30:00+09:00,https://living.hyundailivart.co.kr/p/P200056956
1731,키즈/주니어,,가구 > 키즈/주니어,P200056927,리바트키즈,몰리 키즈 1x5 수납장 와이드형,판매 중,,100,19300098400,49,https://living.hyundailivart.co.kr/p/P200056927,https://static.hyundailivart.co.kr/upload_mall/goods/P200056927/GM41090032_img.jpg?RS=0X250&CS=250X250&AO=1,2026-08-02T22:30:00+09:00,https://living.hyundailivart.co.kr/p/P200056927
1732,키즈/주니어,,가구 > 키즈/주니어,P200056675,리바트,[클리어런스] 꼼므 800 아이책상,판매 중,클리어런스,100,169000133000,21,https://living.hyundailivart.co.kr/p/P200056675,https://static.hyundailivart.co.kr/upload_mall/goods/P200056675/GM43801159_img.jpg?RS=0X250&CS=250X250&AO=1,2026-08-02T22:30:00+09:00,https://living.hyundailivart.co.kr/p/P200056675
1733,키즈/주니어,,가구 > 키즈/주니어,P200054924,리바트,[클리어런스] 톨 키즈 4단 서랍장,판매 중,클리어런스,100,815000418000,49,https://living.hyundailivart.co.kr/p/P200054924,https://static.hyundailivart.co.kr/upload_mall/goods/P200054924/GM41013714_img.jpg?RS=0X250&CS=250X250&AO=1,2026-08-02T22:30:00+09:00,https://living.hyundailivart.co.kr/p/P200054924
1734,키즈/주니어,,가구 > 키즈/주니어,P200054921,리바트,[클리어런스] 톨 키즈 낮은 옷장,판매 중,클리어런스,100,530000327700,38,https://living.hyundailivart.co.kr/p/P200054921,https://static.hyundailivart.co.kr/upload_mall/goods/P200054921/GM41013629_img.jpg?RS=0X250&CS=250X250&AO=1,2026-08-02T22:30:00+09:00,https://living.hyundailivart.co.kr/p/P200054921
1735,키즈/주니어,,가구 > 키즈/주니어,P200054901,리바트,[클리어런스] 톨키즈 3단 책장+장난감수납장,판매 중,클리어런스,100,380000190000,50,https://living.hyundailivart.co.kr/p/P200054901,https://static.hyundailivart.co.kr/upload_mall/goods/P200054901/GM41013301_img.jpg?RS=0X250&CS=250X250&AO=1,2026-08-02T22:30:00+09:00,https://living.hyundailivart.co.kr/p/P200054901
1736,키즈/주니어,,가구 > 키즈/주니어,P200041777,리바트,[클리어런스] 톨 키즈 침대 전면가드,판매 중,클리어런스,100,6500047500,27,https://living.hyundailivart.co.kr/p/P200041777,https://static.hyundailivart.co.kr/upload_mall/goods/P200041777/GM40690769_img.jpg?RS=0X250&CS=250X250&AO=1,2026-08-02T22:30:00+09:00,https://living.hyundailivart.co.kr/p/P200041777
1737,키즈/주니어,,가구 > 키즈/주니어,P200041575,리바트,[클리어런스] 톨 키즈 침대 패브릭 쿠션 범퍼가드 4면형,판매 중,클리어런스,100,455000299200,34,https://living.hyundailivart.co.kr/p/P200041575,https://static.hyundailivart.co.kr/upload_mall/goods/P200041575/GM40682949_img.jpg?RS=0X250&CS=250X250&AO=1,2026-08-02T22:30:00+09:00,https://living.hyundailivart.co.kr/p/P200041575
1738,키즈/주니어,,가구 > 키즈/주니어,P200041569,리바트,[클리어런스] 톨 키즈 침대 패브릭 쿠션 범퍼가드 3면형,판매 중,클리어런스,100,356000243200,32,https://living.hyundailivart.co.kr/p/P200041569,https://static.hyundailivart.co.kr/upload_mall/goods/P200041569/GM40682856_img.jpg?RS=0X250&CS=250X250&AO=1,2026-08-02T22:30:00+09:00,https://living.hyundailivart.co.kr/p/P200041569
1739,키즈/주니어,,가구 > 키즈/주니어,P200026398,리바트,책상 스마트 데스크패드 3색,판매 중,,,66000,,https://living.hyundailivart.co.kr/p/P200026398,https://static.hyundailivart.co.kr/upload_mall/goods/P200026398/GM40337410_img.jpg?RS=0X250&CS=250X250&AO=1,2026-08-02T22:30:00+09:00,https://living.hyundailivart.co.kr/p/P200026398
1740,키즈/주니어,,가구 > 키즈/주니어,P200026345,리바트,뉴루디 침대 가드+브라켓,판매 중,,,106000,,https://living.hyundailivart.co.kr/p/P200026345,https://static.hyundailivart.co.kr/upload_mall/goods/P200026345/GM40418291_img.jpg?RS=0X250&CS=250X250&AO=1,2026-08-02T22:30:00+09:00,https://living.hyundailivart.co.kr/p/P200026345
1741,키즈/주니어,,가구 > 키즈/주니어,P200026299,리바트,뉴루디 책상 스크린 보드 (전동 높이조절 책상용),판매 중,,100,5600022000,61,https://living.hyundailivart.co.kr/p/P200026299,https://static.hyundailivart.co.kr/upload_mall/goods/P200026299/GM40337486_img.jpg?RS=0X250&CS=250X250&AO=1,2026-08-02T22:30:00+09:00,https://living.hyundailivart.co.kr/p/P200026299
1742,키즈/주니어,,가구 > 키즈/주니어,P200025766,리바트키즈,스쿨톡톡 각도조절책상,판매 중,,,497000,,https://living.hyundailivart.co.kr/p/P200025766,https://static.hyundailivart.co.kr/upload_mall/goods/P200025766/GM40326485_img.jpg?RS=0X250&CS=250X250&AO=1,2026-08-02T22:30:00+09:00,https://living.hyundailivart.co.kr/p/P200025766
1743,키즈/주니어,,가구 > 키즈/주니어,P200025689,리바트,뉴리브로 600 책장 스틸형,판매 중,,100,477000219400,54,https://living.hyundailivart.co.kr/p/P200025689,https://static.hyundailivart.co.kr/upload_mall/goods/P200025689/GM41377539_img.jpg?RS=0X250&CS=250X250&AO=1,2026-08-02T22:30:00+09:00,https://living.hyundailivart.co.kr/p/P200025689
1744,키즈/주니어,,가구 > 키즈/주니어,P200025675,리바트,블루라벨 집속의 작은집  슈퍼싱글 2층 수납 침대 프레임,판매 중,,100,1285000719600,44,https://living.hyundailivart.co.kr/p/P200025675,https://static.hyundailivart.co.kr/upload_mall/goods/P200025675/GM40465716_img.jpg?RS=0X250&CS=250X250&AO=1,2026-08-02T22:30:00+09:00,https://living.hyundailivart.co.kr/p/P200025675
1745,키즈/주니어,,가구 > 키즈/주니어,P200025133,리바트,스쿨톡톡 800 5단 책장,판매 중,,,233000,,https://living.hyundailivart.co.kr/p/P200025133,https://static.hyundailivart.co.kr/upload_mall/goods/P200025133/GM40326523_img.jpg?RS=0X250&CS=250X250&AO=1,2026-08-02T22:30:00+09:00,https://living.hyundailivart.co.kr/p/P200025133
1746,키즈/주니어,,가구 > 키즈/주니어,P200025131,리바트,스쿨톡톡 일반형 800 책장 옵션도어,판매 중,,,58000,,https://living.hyundailivart.co.kr/p/P200025131,https://static.hyundailivart.co.kr/upload_mall/goods/P200025131/GM40298703_img.jpg?RS=0X250&CS=250X250&AO=1,2026-08-02T22:30:00+09:00,https://living.hyundailivart.co.kr/p/P200025131
1747,키즈/주니어,,가구 > 키즈/주니어,P200025105,리바트,[천연가죽 데스크패드 증정] 뉴루디 1200 각도조절 책상,판매 중,천연가죽 데스크패드 증정,100,543000239000,56,https://living.hyundailivart.co.kr/p/P200025105,https://static.hyundailivart.co.kr/upload_mall/goods/P200025105/GM40342378_img.jpg?RS=0X250&CS=250X250&AO=1,2026-08-02T22:30:00+09:00,https://living.hyundailivart.co.kr/p/P200025105
1748,키즈/주니어,,가구 > 키즈/주니어,P200025064,리바트,[천연가죽 데스크패드 증정] 뉴루디 1160 스틸다리 책상,판매 중,천연가죽 데스크패드 증정,100,308000222000,28,https://living.hyundailivart.co.kr/p/P200025064,https://static.hyundailivart.co.kr/upload_mall/goods/P200025064/GM40334149_img.jpg?RS=0X250&CS=250X250&AO=1,2026-08-02T22:30:00+09:00,https://living.hyundailivart.co.kr/p/P200025064
1749,키즈/주니어,,가구 > 키즈/주니어,P200024935,리바트키즈,차곡차곡 수납 벙커형 하부책장,판매 중,,100,10700059900,44,https://living.hyundailivart.co.kr/p/P200024935,https://static.hyundailivart.co.kr/upload_mall/goods/P200024935/GM40283442_img.jpg?RS=0X250&CS=250X250&AO=1,2026-08-02T22:30:00+09:00,https://living.hyundailivart.co.kr/p/P200024935
1750,키즈/주니어,,가구 > 키즈/주니어,P200024924,리바트키즈,차곡차곡 수납 이층침대 침대 사다리,판매 중,,100,16500092400,44,https://living.hyundailivart.co.kr/p/P200024924,https://static.hyundailivart.co.kr/upload_mall/goods/P200024924/GM40326444_img.jpg?RS=0X250&CS=250X250&AO=1,2026-08-02T22:30:00+09:00,https://living.hyundailivart.co.kr/p/P200024924
1751,키즈/주니어,,가구 > 키즈/주니어,P200024812,리바트키즈,집과 책나무 암스테르담 옷장,판매 중,,100,362000202700,44,https://living.hyundailivart.co.kr/p/P200024812,https://static.hyundailivart.co.kr/upload_mall/goods/P200024812/GM40327379_img.jpg?RS=0X250&CS=250X250&AO=1,2026-08-02T22:30:00+09:00,https://living.hyundailivart.co.kr/p/P200024812
1752,키즈/주니어,,가구 > 키즈/주니어,P100033611,리바트키즈,블루라벨 스쿨톡톡 2층 싱글침대 프레임,판매 중,,,1617000,,https://living.hyundailivart.co.kr/p/P100033611,,2026-08-02T22:30:00+09:00,https://living.hyundailivart.co.kr/p/P100033611
1753,키즈/주니어,,가구 > 키즈/주니어,P100033576,리바트키즈,블루라벨 집과 책나무 집모양 책장(대),판매 중,,100,240000134400,44,https://living.hyundailivart.co.kr/p/P100033576,,2026-08-02T22:30:00+09:00,https://living.hyundailivart.co.kr/p/P100033576
1754,키즈/주니어,,가구 > 키즈/주니어,P100033551,리바트키즈,블루라벨 차곡차곡 집옷장(소),판매 중,,100,348000194800,44,https://living.hyundailivart.co.kr/p/P100033551,,2026-08-02T22:30:00+09:00,https://living.hyundailivart.co.kr/p/P100033551
1755,키즈/주니어,,가구 > 키즈/주니어,P100033550,리바트키즈,블루라벨 차곡차곡 집옷장(대),판매 중,,100,396000221700,44,https://living.hyundailivart.co.kr/p/P100033550,,2026-08-02T22:30:00+09:00,https://living.hyundailivart.co.kr/p/P100033550
1756,키즈/주니어,,가구 > 키즈/주니어,P100033547,리바트키즈,블루라벨 집속의 작은집 슈퍼싱글침대 프레임,판매 중,,100,573000320800,44,https://living.hyundailivart.co.kr/p/P100033547,,2026-08-02T22:30:00+09:00,https://living.hyundailivart.co.kr/p/P100033547
1757,키즈/주니어,,가구 > 키즈/주니어,P100033546,리바트키즈,블루라벨 집속의 작은집 플레이 하우스,판매 중,,100,415000232400,44,https://living.hyundailivart.co.kr/p/P100033546,,2026-08-02T22:30:00+09:00,https://living.hyundailivart.co.kr/p/P100033546
1758,키즈/주니어,,가구 > 키즈/주니어,P100032672,리바트,[천연가죽 데스크패드 증정] 뉴루디 로테이팅 책상 + 3단 서랍박스,판매 중,천연가죽 데스크패드 증정,100,446000242000,46,https://living.hyundailivart.co.kr/p/P100032672,,2026-08-02T22:30:00+09:00,https://living.hyundailivart.co.kr/p/P100032672
1759,키즈/주니어,,가구 > 키즈/주니어,P100032304,리바트,뉴루디 조명형 침대(일반형/서랍형),판매 중,,,677000,,https://living.hyundailivart.co.kr/p/P100032304,,2026-08-02T22:30:00+09:00,https://living.hyundailivart.co.kr/p/P100032304
1760,키즈/주니어,,가구 > 키즈/주니어,P100031431,리바트키즈,달콩크림전용매트리스(enSleep K303S),판매 중,,,279000,,https://living.hyundailivart.co.kr/p/P100031431,https://static.hyundailivart.co.kr/upload_mall/goods/P100031431/GM10098166_img.jpg?RS=0X250&CS=250X250&AO=1,2026-08-02T22:30:00+09:00,https://living.hyundailivart.co.kr/p/P100031431
1761,키즈/주니어,,가구 > 키즈/주니어,P100031244,리바트키즈,달콩크림빵 1인소파 그레이,판매 중,,,273000,,https://living.hyundailivart.co.kr/p/P100031244,,2026-08-02T22:30:00+09:00,https://living.hyundailivart.co.kr/p/P100031244
1762,키즈/주니어,,가구 > 키즈/주니어,P100031105,리바트,뉴꼼므 악세서리류,판매 중,,100,80007000,13,https://living.hyundailivart.co.kr/p/P100031105,,2026-08-02T22:30:00+09:00,https://living.hyundailivart.co.kr/p/P100031105
1763,키즈/주니어,,가구 > 키즈/주니어,P100031095,리바트,뉴꼼므 키즈 800 침대가드,판매 중,,100,5600049000,13,https://living.hyundailivart.co.kr/p/P100031095,https://static.hyundailivart.co.kr/upload_mall/goods/P100031095/C100010775_OPT1.jpg?RS=0X22&CS=22X22&AO=1,2026-08-02T22:30:00+09:00,https://living.hyundailivart.co.kr/p/P100031095
1764,키즈/주니어,,가구 > 키즈/주니어,P100031011,리바트,뉴꼼므 키즈 책상,판매 중,,100,382000339000,11,https://living.hyundailivart.co.kr/p/P100031011,,2026-08-02T22:30:00+09:00,https://living.hyundailivart.co.kr/p/P100031011
1765,키즈/주니어,,가구 > 키즈/주니어,P100031005,리바트,뉴꼼므 키즈 800 4단 책장 다리형,판매 중,,100,173000147000,15,https://living.hyundailivart.co.kr/p/P100031005,,2026-08-02T22:30:00+09:00,https://living.hyundailivart.co.kr/p/P100031005
1766,키즈/주니어,,가구 > 키즈/주니어,P100030999,리바트,뉴꼼므 키즈 800 4단 책장,판매 중,,100,137000115000,16,https://living.hyundailivart.co.kr/p/P100030999,,2026-08-02T22:30:00+09:00,https://living.hyundailivart.co.kr/p/P100030999
1767,키즈/주니어,,가구 > 키즈/주니어,P100030938,리바트,뉴꼼므 키즈 3단 서랍도어장,판매 중,,100,430000351000,18,https://living.hyundailivart.co.kr/p/P100030938,https://static.hyundailivart.co.kr/upload_mall/goods/P100030938/GM43732716_img.png?RS=0X250&CS=250X250&AO=1,2026-08-02T22:30:00+09:00,https://living.hyundailivart.co.kr/p/P100030938
1768,키즈/주니어,,가구 > 키즈/주니어,P100030936,리바트,뉴꼼므 키즈 낮은 장난감수납장 책장,판매 중,,100,156000134000,14,https://living.hyundailivart.co.kr/p/P100030936,,2026-08-02T22:30:00+09:00,https://living.hyundailivart.co.kr/p/P100030936
1769,키즈/주니어,,가구 > 키즈/주니어,P100030930,리바트,뉴꼼므 키즈 3단 서랍장 다리형,판매 중,,100,299000255000,15,https://living.hyundailivart.co.kr/p/P100030930,,2026-08-02T22:30:00+09:00,https://living.hyundailivart.co.kr/p/P100030930
1770,키즈/주니어,,가구 > 키즈/주니어,P100030918,리바트,뉴꼼므 키즈 2단 서랍장,판매 중,,100,217000187000,14,https://living.hyundailivart.co.kr/p/P100030918,https://static.hyundailivart.co.kr/upload_mall/goods/P100030918/GM41325111_img.jpg?RS=0X250&CS=250X250&AO=1,2026-08-02T22:30:00+09:00,https://living.hyundailivart.co.kr/p/P100030918
1771,키즈/주니어,,가구 > 키즈/주니어,P100030912,리바트,뉴꼼므 키즈 2단 서랍장 다리형,판매 중,,100,253000222000,12,https://living.hyundailivart.co.kr/p/P100030912,,2026-08-02T22:30:00+09:00,https://living.hyundailivart.co.kr/p/P100030912
1772,키즈/주니어,,가구 > 키즈/주니어,P100030906,리바트,뉴꼼므 키즈 2단 도어장 다리형,판매 중,,100,203000169000,17,https://living.hyundailivart.co.kr/p/P100030906,,2026-08-02T22:30:00+09:00,https://living.hyundailivart.co.kr/p/P100030906
1773,키즈/주니어,,가구 > 키즈/주니어,P100030900,리바트,뉴꼼므 키즈 2단 도어장,판매 중,,100,167000131000,22,https://living.hyundailivart.co.kr/p/P100030900,,2026-08-02T22:30:00+09:00,https://living.hyundailivart.co.kr/p/P100030900
1774,키즈/주니어,,가구 > 키즈/주니어,P100030377,리바트,스쿨톡톡 침대 안전 가드,판매 중,,,108000,,https://living.hyundailivart.co.kr/p/P100030377,,2026-08-02T22:30:00+09:00,https://living.hyundailivart.co.kr/p/P100030377
1775,키즈/주니어,,가구 > 키즈/주니어,P100030374,리바트,스쿨톡톡 상부침대 프레임 (매트별도),판매 중,,,722000,,https://living.hyundailivart.co.kr/p/P100030374,,2026-08-02T22:30:00+09:00,https://living.hyundailivart.co.kr/p/P100030374
1776,키즈/주니어,,가구 > 키즈/주니어,P100030373,리바트,스쿨톡톡 1단침대(매트별도),판매 중,,,637000,,https://living.hyundailivart.co.kr/p/P100030373,,2026-08-02T22:30:00+09:00,https://living.hyundailivart.co.kr/p/P100030373
1777,키즈/주니어,,가구 > 키즈/주니어,P100030370,리바트,스쿨톡톡 이층침대(매트별도),판매 중,,,1617000,,https://living.hyundailivart.co.kr/p/P100030370,,2026-08-02T22:30:00+09:00,https://living.hyundailivart.co.kr/p/P100030370
1778,키즈/주니어,,가구 > 키즈/주니어,P100030172,리바트,"[클리어런스] 뚜뚜 키즈책상의자세트 핑크,블루",판매 중,클리어런스,100,241000197600,18,https://living.hyundailivart.co.kr/p/P100030172,https://static.hyundailivart.co.kr/upload_mall/goods/P100030172/GM41174321_img.jpg?RS=0X250&CS=250X250&AO=1,2026-08-02T22:30:00+09:00,https://living.hyundailivart.co.kr/p/P100030172
1779,키즈/주니어,,가구 > 키즈/주니어,P100029706,리바트키즈,차곡차곡 원형 손잡이,판매 중,,100,80004400,45,https://living.hyundailivart.co.kr/p/P100029706,,2026-08-02T22:30:00+09:00,https://living.hyundailivart.co.kr/p/P100029706
1780,키즈/주니어,,가구 > 키즈/주니어,P100029298,리바트키즈,차곡차곡 일반 옷장,판매 중,,100,223000124800,44,https://living.hyundailivart.co.kr/p/P100029298,,2026-08-02T22:30:00+09:00,https://living.hyundailivart.co.kr/p/P100029298
1781,키즈/주니어,,가구 > 키즈/주니어,P100029255,리바트키즈,차곡차곡 와이어박스 수납선반장,판매 중,,100,255000142800,44,https://living.hyundailivart.co.kr/p/P100029255,,2026-08-02T22:30:00+09:00,https://living.hyundailivart.co.kr/p/P100029255
1782,키즈/주니어,,가구 > 키즈/주니어,P100029252,리바트키즈,차곡차곡 와이어박스 수납장,판매 중,,100,276000154500,44,https://living.hyundailivart.co.kr/p/P100029252,,2026-08-02T22:30:00+09:00,https://living.hyundailivart.co.kr/p/P100029252
1783,키즈/주니어,,가구 > 키즈/주니어,P100026534,리바트,[클리어런스] 꼼므 3단 1200 아이책장+수납장,판매 중,클리어런스,100,329000286900,13,https://living.hyundailivart.co.kr/p/P100026534,,2026-08-02T22:30:00+09:00,https://living.hyundailivart.co.kr/p/P100026534
1784,키즈/주니어,,가구 > 키즈/주니어,P100026503,리바트,[클리어런스] 꼼므 1200 아이책상,판매 중,클리어런스,100,191000133900,30,https://living.hyundailivart.co.kr/p/P100026503,https://static.hyundailivart.co.kr/upload_mall/goods/P100026503/GM41055256_img.jpg?RS=0X250&CS=250X250&AO=1,2026-08-02T22:30:00+09:00,https://living.hyundailivart.co.kr/p/P100026503
1785,키즈/주니어,,가구 > 키즈/주니어,P100025703,리바트,[클리어런스] 꼼므 길이조절 키즈침대 프레임,판매 중,클리어런스,100,365000308700,15,https://living.hyundailivart.co.kr/p/P100025703,https://static.hyundailivart.co.kr/upload_mall/goods/P100025703/C100007871_OPT1.jpg?RS=0X22&CS=22X22&AO=1,2026-08-02T22:30:00+09:00,https://living.hyundailivart.co.kr/p/P100025703
1786,키즈/주니어,,가구 > 키즈/주니어,P100024045,리바트,리브로 콘센트형 슈퍼싱글 침대 멀티수납형,판매 중,,,711000,,https://living.hyundailivart.co.kr/p/P100024045,,2026-08-02T22:30:00+09:00,https://living.hyundailivart.co.kr/p/P100024045
1787,키즈/주니어,,가구 > 키즈/주니어,P100024046,리바트,리브로 콘센트형 슈퍼싱글 침대 서랍형,판매 중,,,630000,,https://living.hyundailivart.co.kr/p/P100024046,,2026-08-02T22:30:00+09:00,https://living.hyundailivart.co.kr/p/P100024046
1788,키즈/주니어,,가구 > 키즈/주니어,P100024044,리바트,리브로 콘센트형 슈퍼싱글 침대 일반형,판매 중,,,458000,,https://living.hyundailivart.co.kr/p/P100024044,,2026-08-02T22:30:00+09:00,https://living.hyundailivart.co.kr/p/P100024044
1789,키즈/주니어,,가구 > 키즈/주니어,P100023384,리바트키즈,달콩크림빵 낮은 교구장,판매 중,,,110000,,https://living.hyundailivart.co.kr/p/P100023384,https://static.hyundailivart.co.kr/upload_mall/goods/P100023384/GM40284287_img.jpg?RS=0X250&CS=250X250&AO=1,2026-08-02T22:30:00+09:00,https://living.hyundailivart.co.kr/p/P100023384
1790,키즈/주니어,,가구 > 키즈/주니어,P100023385,리바트키즈,달콩크림빵 낮은 수납장 프레임 (수납박스별도),판매 중,,,118000,,https://living.hyundailivart.co.kr/p/P100023385,https://static.hyundailivart.co.kr/upload_mall/goods/P100023385/GM40284523_img.jpg?RS=0X250&CS=250X250&AO=1,2026-08-02T22:30:00+09:00,https://living.hyundailivart.co.kr/p/P100023385
1791,키즈/주니어,,가구 > 키즈/주니어,P100023383,리바트키즈,달콩크림빵 낮은 2단 서랍장,판매 중,,,205000,,https://living.hyundailivart.co.kr/p/P100023383,,2026-08-02T22:30:00+09:00,https://living.hyundailivart.co.kr/p/P100023383
1792,키즈/주니어,,가구 > 키즈/주니어,P100023375,리바트키즈,달콩크림빵 수납벙커침대용 옵션책상 (소),판매 중,,,157000,,https://living.hyundailivart.co.kr/p/P100023375,,2026-08-02T22:30:00+09:00,https://living.hyundailivart.co.kr/p/P100023375
1793,키즈/주니어,,가구 > 키즈/주니어,P100023362,리바트키즈,스쿨톡톡 책상 악세서리모음,판매 중,,,9000,,https://living.hyundailivart.co.kr/p/P100023362,,2026-08-02T22:30:00+09:00,https://living.hyundailivart.co.kr/p/P100023362
1794,키즈/주니어,,가구 > 키즈/주니어,P100023298,리바트키즈,스쿨톡톡각도조절 익스텐션 책상세트 그린,판매 중,,,1081000,,https://living.hyundailivart.co.kr/p/P100023298,,2026-08-02T22:30:00+09:00,https://living.hyundailivart.co.kr/p/P100023298
1795,키즈/주니어,,가구 > 키즈/주니어,P100023283,리바트키즈,스쿨톡톡 각도조절책상세트,판매 중,,,911000,,https://living.hyundailivart.co.kr/p/P100023283,,2026-08-02T22:30:00+09:00,https://living.hyundailivart.co.kr/p/P100023283
1796,키즈/주니어,,가구 > 키즈/주니어,P100022833,리바트,[클리어런스] 스틸메모판세트 400 소형,판매 중,클리어런스,100,5300047500,10,https://living.hyundailivart.co.kr/p/P100022833,,2026-08-02T22:30:00+09:00,https://living.hyundailivart.co.kr/p/P100022833
1797,키즈/주니어,,가구 > 키즈/주니어,P100022560,리바트,[클리어런스] 프렌즈아이 1x5 수납장+전면책장세트,판매 중,클리어런스,100,463000312500,33,https://living.hyundailivart.co.kr/p/P100022560,https://static.hyundailivart.co.kr/upload_mall/goods/P100022560/C100006114_OPT1.jpg?RS=0X22&CS=22X22&AO=1,2026-08-02T22:30:00+09:00,https://living.hyundailivart.co.kr/p/P100022560
1798,키즈/주니어,,가구 > 키즈/주니어,P100022552,리바트,[클리어런스] 프렌즈아이 1x5 수납장+화이트책장세트,판매 중,클리어런스,100,429000312500,27,https://living.hyundailivart.co.kr/p/P100022552,https://static.hyundailivart.co.kr/upload_mall/goods/P100022552/C100006111_OPT1.jpg?RS=0X22&CS=22X22&AO=1,2026-08-02T22:30:00+09:00,https://living.hyundailivart.co.kr/p/P100022552
1799,키즈/주니어,,가구 > 키즈/주니어,P100022137,리바트,[클리어런스] 프렌즈아이 마카롱 5단 서랍장,판매 중,클리어런스,100,363000264100,27,https://living.hyundailivart.co.kr/p/P100022137,,2026-08-02T22:30:00+09:00,https://living.hyundailivart.co.kr/p/P100022137
1800,키즈/주니어,,가구 > 키즈/주니어,P100022075,리바트,[클리어런스] 프렌즈아이 마카롱 3x5 수납장,판매 중,클리어런스,100,411000209900,49,https://living.hyundailivart.co.kr/p/P100022075,https://static.hyundailivart.co.kr/upload_mall/goods/P100022075/GM41114469_img.jpg?RS=0X250&CS=250X250&AO=1,2026-08-02T22:30:00+09:00,https://living.hyundailivart.co.kr/p/P100022075
1801,키즈/주니어,,가구 > 키즈/주니어,P100022019,리바트,[클리어런스] 프렌즈아이 마카롱 1x5 옷장 수납장,판매 중,클리어런스,100,258000187100,27,https://living.hyundailivart.co.kr/p/P100022019,,2026-08-02T22:30:00+09:00,https://living.hyundailivart.co.kr/p/P100022019
1802,키즈/주니어,,가구 > 키즈/주니어,P100022005,리바트,[클리어런스] 프렌즈아이 마카롱 1x5 선반 수납장,판매 중,클리어런스,100,221000155800,30,https://living.hyundailivart.co.kr/p/P100022005,,2026-08-02T22:30:00+09:00,https://living.hyundailivart.co.kr/p/P100022005
1803,키즈/주니어,,가구 > 키즈/주니어,P100020170,리바트키즈,소근소근책방 800 서랍형 싱글장,판매 중,,,535000,,https://living.hyundailivart.co.kr/p/P100020170,,2026-08-02T22:30:00+09:00,https://living.hyundailivart.co.kr/p/P100020170
1804,키즈/주니어,,가구 > 키즈/주니어,P100020134,리바트키즈,소근소근책방 1200 전면형 책상,판매 중,,,554000,,https://living.hyundailivart.co.kr/p/P100020134,,2026-08-02T22:30:00+09:00,https://living.hyundailivart.co.kr/p/P100020134
1805,키즈/주니어,,가구 > 키즈/주니어,P100018523,리바트,[클리어런스] 꼼므 4단 베이비장,판매 중,클리어런스,100,344000303000,12,https://living.hyundailivart.co.kr/p/P100018523,,2026-08-02T22:30:00+09:00,https://living.hyundailivart.co.kr/p/P100018523
1806,키즈/주니어,,가구 > 키즈/주니어,P100018514,리바트,[클리어런스] 꼼므 4단 베이비장 다리형,판매 중,클리어런스,100,380000209900,45,https://living.hyundailivart.co.kr/p/P100018514,,2026-08-02T22:30:00+09:00,https://living.hyundailivart.co.kr/p/P100018514
1807,키즈/주니어,,가구 > 키즈/주니어,P100017510,리바트키즈,집속의 작은집 슈퍼싱글침대 프레임,판매 중,,100,573000320800,44,https://living.hyundailivart.co.kr/p/P100017510,,2026-08-02T22:30:00+09:00,https://living.hyundailivart.co.kr/p/P100017510
1808,키즈/주니어,,가구 > 키즈/주니어,P100017497,리바트키즈,뛰뛰 키즈 행거,판매 중,,,184000,,https://living.hyundailivart.co.kr/p/P100017497,,2026-08-02T22:30:00+09:00,https://living.hyundailivart.co.kr/p/P100017497
1809,키즈/주니어,,가구 > 키즈/주니어,P100015265,리바트키즈,집과 책나무 나무책장,판매 중,,100,223000124800,44,https://living.hyundailivart.co.kr/p/P100015265,,2026-08-02T22:30:00+09:00,https://living.hyundailivart.co.kr/p/P100015265
1810,키즈/주니어,,가구 > 키즈/주니어,P100015264,리바트키즈,집과 책나무 전면 3단 책장,판매 중,,100,192000107500,44,https://living.hyundailivart.co.kr/p/P100015264,,2026-08-02T22:30:00+09:00,https://living.hyundailivart.co.kr/p/P100015264
